{
"type": "FeatureCollection",
"name": "fars_districts",
"crs": { "type": "name", "properties": { "name": "urn:ogc:def:crs:OGC:1.3:CRS84" } },
"features": [
{ "type": "Feature", "properties": { "Id": 0, "Base": 250000.0, "Name_sh": "اقلید", "مرکز": "اقلید", "area": 5945177243.6099997, "a4": 13, "توزیع": "1.86", "t": 1.86, "tt": 2.02 }, "geometry": { "type": "MultiPolygon", "coordinates": [ [ [ [ 52.869914698869536, 30.836734806572167 ], [ 52.874796528670743, 30.83329939480268 ], [ 52.884596100877047, 30.817469316623033 ], [ 52.889420505655664, 30.808875845611226 ], [ 52.89138042009688, 30.803900678183368 ], [ 52.894637502464434, 30.791948398087186 ], [ 52.896446654256522, 30.780791962036858 ], [ 52.897200467503012, 30.764961883857154 ], [ 52.896446654256522, 30.743402825003102 ], [ 52.894939027763201, 30.734658591342054 ], [ 52.892170071199075, 30.723685710086158 ], [ 52.887791862948234, 30.710931799095022 ], [ 52.881129372131909, 30.698177888103714 ], [ 52.871421171228121, 30.684472192710189 ], [ 52.857144405193139, 30.667720787229143 ], [ 52.847626561169818, 30.655537946879235 ], [ 52.842677282277691, 30.644792300976917 ], [ 52.838870144668419, 30.63203838998561 ], [ 52.838108717146497, 30.623853044125497 ], [ 52.839821929070808, 30.618903765233483 ], [ 52.84629406300661, 30.612431631297511 ], [ 52.853527624464334, 30.605388426720253 ], [ 52.860190115280659, 30.596251296457922 ], [ 52.871052767212177, 30.587882700374223 ], [ 52.880550814119943, 30.581550669102512 ], [ 52.894420977858204, 30.573861773986664 ], [ 52.909044954843125, 30.567378980065428 ], [ 52.918693764400302, 30.56315762588423 ], [ 52.918543001751004, 30.560896186144191 ], [ 52.912964783725783, 30.544010769419458 ], [ 52.907989616297868, 30.534512722511749 ], [ 52.898290857095333, 30.518144594264299 ], [ 52.890200689675453, 30.506723181436314 ], [ 52.882110522255743, 30.496729445211827 ], [ 52.867357864019539, 30.483880355780229 ], [ 52.858791804398606, 30.476028134461046 ], [ 52.844848162904384, 30.46503502461411 ], [ 52.832474965674066, 30.456278608112711 ], [ 52.823528192292144, 30.450567901698605 ], [ 52.820276454530472, 30.447267805598244 ], [ 52.825007977168866, 30.437915708783748 ], [ 52.830736957843214, 30.426306984785299 ], [ 52.837973565011168, 30.411230719852483 ], [ 52.84490122296188, 30.39875434919287 ], [ 52.852288592779132, 30.387296387843946 ], [ 52.861183589089478, 30.376139951793562 ], [ 52.870983161295953, 30.367395718132343 ], [ 52.879124344359639, 30.360611398912511 ], [ 52.886662476826189, 30.354430130290041 ], [ 52.897508935732333, 30.344190148405005 ], [ 52.900222663420379, 30.341174895418362 ], [ 52.900779840720759, 30.339372262976269 ], [ 52.902785628458957, 30.332882949705379 ], [ 52.902182577861595, 30.317806684772336 ], [ 52.900373426069677, 30.311926941448462 ], [ 52.898413511628462, 30.308007112566031 ], [ 52.892081480356524, 30.299262878904813 ], [ 52.886955550279311, 30.29247855968498 ], [ 52.877909791319496, 30.283282038075981 ], [ 52.868578880132304, 30.2745686350911 ], [ 52.854748263035901, 30.264604642129143 ], [ 52.839430482810883, 30.254045783915785 ], [ 52.831548518229056, 30.249881727155582 ], [ 52.824112702585865, 30.246461251959715 ], [ 52.818907631635568, 30.244527939892464 ], [ 52.809389787612247, 30.241553613635176 ], [ 52.80269311021317, 30.240105683386787 ], [ 52.801396229030445, 30.239825276644524 ], [ 52.79838478046031, 30.239174152629346 ], [ 52.791321728005755, 30.239216825546464 ], [ 52.778356140163453, 30.240875214689254 ], [ 52.76840580530768, 30.243588942377016 ], [ 52.75679708130923, 30.247810296558384 ], [ 52.748505135596247, 30.25188088809017 ], [ 52.739308613987077, 30.258212919362109 ], [ 52.732976582715139, 30.262585036192661 ], [ 52.726946076742024, 30.266957153023156 ], [ 52.718654131028984, 30.27524909873631 ], [ 52.708094045013752, 30.283605918074215 ], [ 52.700103624599194, 30.28888261080067 ], [ 52.694676169223385, 30.290842525242113 ], [ 52.686836511458296, 30.292500914384732 ], [ 52.679750666939697, 30.293405490280691 ], [ 52.673870923615993, 30.293405490280691 ], [ 52.652010339463175, 30.291596338488773 ], [ 52.648241273229871, 30.290842525242113 ], [ 52.641909241958103, 30.288581085502074 ], [ 52.631117529690641, 30.282088012309373 ], [ 52.61965956834166, 30.275605218388307 ], [ 52.606392455200591, 30.268217848571112 ], [ 52.593426867358289, 30.260378190806023 ], [ 52.584984158995837, 30.258267513715339 ], [ 52.580461279515987, 30.258267513715339 ], [ 52.571867808504237, 30.260378190806023 ], [ 52.564329676037744, 30.263544206441793 ], [ 52.554379341181971, 30.269725475064433 ], [ 52.541992547855784, 30.278155781387682 ], [ 52.527715781820802, 30.289434426555374 ], [ 52.520291863482612, 30.297286647874614 ], [ 52.512439642163372, 30.306566545797239 ], [ 52.505015723825181, 30.318273493945867 ], [ 52.501389331654082, 30.327127898798778 ], [ 52.501369482831421, 30.329749314161575 ], [ 52.492711693865999, 30.331528711161639 ], [ 52.485216391697577, 30.333789199117064 ], [ 52.478843852481646, 30.336674514497076 ], [ 52.470551906768435, 30.340895868678331 ], [ 52.460601571912832, 30.347378662599567 ], [ 52.449143610563681, 30.352203067377957 ], [ 52.437987174513353, 30.35732899745517 ], [ 52.418237267451218, 30.363208740779044 ], [ 52.402407189271514, 30.368183908206959 ], [ 52.391509943149742, 30.372650137479241 ], [ 52.357437584401282, 30.385314200022947 ], [ 52.348994876038944, 30.386520301217502 ], [ 52.342361319468409, 30.38908326625608 ], [ 52.329546494275235, 30.392249281892077 ], [ 52.314168704043823, 30.397525974618532 ], [ 52.302025708849953, 30.404414808418323 ], [ 52.292174740285873, 30.409554444190917 ], [ 52.287177872173686, 30.412552565058263 ], [ 52.275756459345587, 30.419262645094761 ], [ 52.273043873798997, 30.421118624679309 ], [ 52.270598178947182, 30.423485426149 ], [ 52.268618076328096, 30.425401654489804 ], [ 52.262193531612468, 30.4282570076968 ], [ 52.24977274516192, 30.435252623053884 ], [ 52.239921776597839, 30.441391632448926 ], [ 52.225802920247816, 30.449868191888868 ], [ 52.213459466280085, 30.456411709654901 ], [ 52.198141686055067, 30.464442390549607 ], [ 52.184608501584421, 30.472026922505677 ], [ 52.172711196555269, 30.478867872897467 ], [ 52.1657215298506, 30.48585753960208 ], [ 52.157988281581652, 30.495226667312522 ], [ 52.153080643257169, 30.501324036139977 ], [ 52.146135080703402, 30.518312486410707 ], [ 52.141380967678401, 30.526719149686755 ], [ 52.138330448604279, 30.532113360244466 ], [ 52.129831013891419, 30.548674408845045 ], [ 52.123549236836084, 30.558668145069532 ], [ 52.120503526748564, 30.562951174880027 ], [ 52.112410547238539, 30.572052072440727 ], [ 52.10641430550379, 30.580475364401366 ], [ 52.101845740372596, 30.588184818060313 ], [ 52.095563963317261, 30.596322574700253 ], [ 52.089710489242918, 30.601604978133139 ], [ 52.084285318149568, 30.606601846245326 ], [ 52.076064064059835, 30.613430394598026 ], [ 52.062929439307709, 30.622377167979892 ], [ 52.057112611438413, 30.624550488282807 ], [ 52.054268201246373, 30.625613234947878 ], [ 52.051583421143789, 30.622539065965952 ], [ 52.048311662260801, 30.616739129764255 ], [ 52.043701456561962, 30.616441697138498 ], [ 52.042511726059047, 30.61554939926134 ], [ 52.041024562930431, 30.615251966635583 ], [ 52.038050236673143, 30.614805817697004 ], [ 52.036414357231649, 30.612277640378295 ], [ 52.034629761477277, 30.608262299930971 ], [ 52.033142598348604, 30.604990541047925 ], [ 52.033142598348604, 30.603057228980731 ], [ 52.034034896225819, 30.599934186410565 ], [ 52.033444110908761, 30.595366300267074 ], [ 52.032373353456137, 30.592035054858854 ], [ 52.032016434305149, 30.589655593853024 ], [ 52.032016434305149, 30.586562294545502 ], [ 52.032016434305149, 30.580851588131395 ], [ 52.029993892450307, 30.577996234924399 ], [ 52.02737648534395, 30.575854720019265 ], [ 52.021189886728678, 30.573475259013435 ], [ 52.008340797297308, 30.568835310052009 ], [ 51.997469660364061, 30.565007637574013 ], [ 51.989284314503948, 30.562342641247483 ], [ 51.98462057093252, 30.561771570606027 ], [ 51.977482187915029, 30.561486035285327 ], [ 51.968916128294097, 30.561010143084275 ], [ 51.966661588991144, 30.563187349904638 ], [ 51.961753950666605, 30.566607825100675 ], [ 51.955507865526272, 30.571218030799457 ], [ 51.95089765982749, 30.574341073369624 ], [ 51.942178918125364, 30.578273132681716 ], [ 51.934088750705484, 30.580557415247313 ], [ 51.929234650253591, 30.580938129008132 ], [ 51.924951620443153, 30.580367058366846 ], [ 51.918098772746362, 30.579129738643701 ], [ 51.912863958533478, 30.579034560203468 ], [ 51.907438787440128, 30.579415273964457 ], [ 51.90353647139068, 30.580557415247313 ], [ 51.899729333781238, 30.582746519372677 ], [ 51.896493266813422, 30.585316337258973 ], [ 51.888625672578257, 30.593879468124896 ], [ 51.889051464361614, 30.598563177743813 ], [ 51.887338252437303, 30.604702187138855 ], [ 51.884340131570013, 30.609984590571742 ], [ 51.878486657495671, 30.614410388042643 ], [ 51.872850418693247, 30.616956830103959 ], [ 51.868327539213396, 30.621479709583753 ], [ 51.864173190654014, 30.628861321105433 ], [ 51.860937123686199, 30.635143098160768 ], [ 51.857510699837746, 30.643138087140414 ], [ 51.853132491587019, 30.651942092861873 ], [ 51.84942053241781, 30.65693896097423 ], [ 51.839426796193493, 30.664933949953706 ], [ 51.823294050573907, 30.676498130442098 ], [ 51.810504516888273, 30.685692367768581 ], [ 51.797237403747204, 30.693079737585776 ], [ 51.78969927128071, 30.699261006208246 ], [ 51.785025629151619, 30.703783885688097 ], [ 51.793280629706715, 30.704859313884526 ], [ 51.801460026914242, 30.707238774890357 ], [ 51.807854828367454, 30.710807966399102 ], [ 51.816629090826439, 30.717797633103714 ], [ 51.828228963229833, 30.731182101261538 ], [ 51.835814715711308, 30.741774101430906 ], [ 51.839235190907175, 30.747425321319781 ], [ 51.841168502974426, 30.752779108582899 ], [ 51.844291545544593, 30.761107222103306 ], [ 51.851876125089802, 30.774797498589635 ], [ 51.857303580465612, 30.787310798484043 ], [ 51.86062035875085, 30.79530121889843 ], [ 51.86227874789364, 30.80012562367682 ], [ 51.861629839260331, 30.802780249903776 ], [ 51.879878492405567, 30.801873881467657 ], [ 51.88741662487206, 30.800517017623633 ], [ 51.894653232039957, 30.7978032899357 ], [ 51.902643652454344, 30.792225071910593 ], [ 51.907015769284897, 30.789662106871845 ], [ 51.915006189699284, 30.789963632170611 ], [ 51.925559575152477, 30.788606768326588 ], [ 51.935660672657548, 30.787852955079927 ], [ 51.951641513486322, 30.785289990041463 ], [ 51.964456338679327, 30.784988464742696 ], [ 51.974471660580946, 30.783927276689042 ], [ 51.988302277677349, 30.783778560376163 ], [ 51.997373972762034, 30.783629844063455 ], [ 52.006594384159655, 30.785563156130536 ], [ 52.012691752987109, 30.786604170320572 ], [ 52.021678106037768, 30.788425728371635 ], [ 52.023696760139046, 30.788834915013695 ], [ 52.035891497793955, 30.791065659706533 ], [ 52.044368327627183, 30.793147688086776 ], [ 52.059351180689418, 30.796489028177973 ], [ 52.068631078612214, 30.798059472441651 ], [ 52.076911602912446, 30.799915452026255 ], [ 52.08176570336434, 30.801628663950396 ], [ 52.097898448983926, 30.807910441005902 ], [ 52.108606023510163, 30.812907309118089 ], [ 52.11689532057062, 30.816060365344185 ], [ 52.125699326292249, 30.819510583802639 ], [ 52.139678659701531, 30.825756668942972 ], [ 52.146212823926646, 30.829193706004673 ], [ 52.141602618227864, 30.838116684776537 ], [ 52.138628291970576, 30.84436276991687 ], [ 52.134315518897495, 30.850757571370025 ], [ 52.131192476327385, 30.856111358633143 ], [ 52.124393166503239, 30.867714908385267 ], [ 52.123108257560034, 30.869285352649172 ], [ 52.121823348616886, 30.874567756082058 ], [ 52.12367932820149, 30.882277209741005 ], [ 52.124535934163646, 30.885132562948002 ], [ 52.126962984389536, 30.888701754456747 ], [ 52.135386276350175, 30.898695490681291 ], [ 52.14195358872621, 30.906547712000474 ], [ 52.146522153857404, 30.911830115433418 ], [ 52.151543086973049, 30.917034194941493 ], [ 52.156183035934475, 30.920603386450239 ], [ 52.160941957946136, 30.926552038964815 ], [ 52.169270071466542, 30.936069882988136 ], [ 52.17462385872966, 30.941304697201019 ], [ 52.178886894217669, 30.946458103202872 ], [ 52.187958589302411, 30.95701696141623 ], [ 52.196732851761396, 30.966088656500972 ], [ 52.202978936901673, 30.972334741641248 ], [ 52.213835227740788, 30.983934614044699 ], [ 52.220676178132578, 30.992857592816563 ], [ 52.229589986005351, 31.000144116157173 ], [ 52.238988767939759, 31.012621222089763 ], [ 52.252075803471826, 31.034869182494219 ], [ 52.261446120912751, 31.050912698325988 ], [ 52.264444241780041, 31.055624031117588 ], [ 52.26715682732663, 31.061763040512687 ], [ 52.269869412873391, 31.06790204990773 ], [ 52.273295836721672, 31.076610877189069 ], [ 52.27529458396657, 31.082749886583997 ], [ 52.277721634192574, 31.087603987035891 ], [ 52.279434846116771, 31.089174431299739 ], [ 52.286002158492806, 31.084891401489301 ], [ 52.302848742414085, 31.076039806547669 ], [ 52.323978356145858, 31.065189464360969 ], [ 52.34016157518073, 31.058637654533868 ], [ 52.361291188912503, 31.047311420146116 ], [ 52.379755806317689, 31.037983933003318 ], [ 52.393486584979655, 31.03022162877545 ], [ 52.410975623372622, 31.020406352126429 ], [ 52.422516009250842, 31.015171537913545 ], [ 52.433660809736864, 31.01128021785803 ], [ 52.446724050658929, 31.009495622103657 ], [ 52.470137946956243, 31.007782410179516 ], [ 52.490036189617456, 31.007963844081189 ], [ 52.496362066338577, 31.008534549469744 ], [ 52.504017826813424, 31.009012242233325 ], [ 52.513851834111108, 31.009625850004511 ], [ 52.540977689577687, 31.010625223627073 ], [ 52.560764467149284, 31.010837984676243 ], [ 52.567532474402753, 31.010910758947659 ], [ 52.586460703646821, 31.011555939884943 ], [ 52.596592124704671, 31.01150502822145 ], [ 52.616055249906822, 31.011407223572235 ], [ 52.645054930915421, 31.0121508051364 ], [ 52.662432296877057, 31.012575412742535 ], [ 52.674900672547494, 31.01371755402522 ], [ 52.694602609675826, 31.01647772879204 ], [ 52.712079438309161, 31.019280974206481 ], [ 52.727022453425832, 31.02299293337569 ], [ 52.737206546530842, 31.026419357223972 ], [ 52.747694020913968, 31.027210528008368 ], [ 52.759258201402361, 31.026924992687782 ], [ 52.771179301041514, 31.027067760348075 ], [ 52.775479223276875, 31.026998961592426 ], [ 52.780102279813377, 31.026924992687782 ], [ 52.79109538966037, 31.02549731608417 ], [ 52.799963640828992, 31.023284417348805 ], [ 52.803294886237211, 31.020369577616748 ], [ 52.811979918908548, 31.013409654174552 ], [ 52.824710035289684, 31.004010783201522 ], [ 52.830648803816416, 31.000356534836612 ], [ 52.841581470879248, 30.994573622142639 ], [ 52.852737906929633, 30.98809082822163 ], [ 52.862085191188044, 30.982211084897756 ], [ 52.86856798510928, 30.976180578924584 ], [ 52.87233705134247, 30.971054648847371 ], [ 52.873693915186493, 30.965325668172795 ], [ 52.875955354926475, 30.95718448510911 ], [ 52.878216794666287, 30.950098640590511 ], [ 52.878216794666287, 30.941655932228059 ], [ 52.875955354926475, 30.931102546775037 ], [ 52.869030302485328, 30.919432793567751 ], [ 52.863825231535031, 30.911402112673045 ], [ 52.855943266953261, 30.901140687085388 ], [ 52.852225359131637, 30.895786899822269 ], [ 52.849994614438685, 30.887310069989041 ], [ 52.849546512659686, 30.877280822111516 ], [ 52.850688653942427, 30.870618331295191 ], [ 52.855066862193269, 30.860910130391403 ], [ 52.859254713563473, 30.854057282694612 ], [ 52.866107561260264, 30.843397297388606 ], [ 52.869914698869536, 30.836734806572167 ] ] ] ] } },
{ "type": "Feature", "properties": { "Id": 0, "Base": 250000.0, "Name_sh": "فسا", "مرکز": "فسا", "area": 4218622232.8000002, "a4": 8, "توزیع": "4.11", "t": 4.11, "tt": 2.62 }, "geometry": { "type": "MultiPolygon", "coordinates": [ [ [ [ 54.260868826387082, 28.87166588395695 ], [ 54.246413442145865, 28.854159256588161 ], [ 54.233326406613799, 28.840626072117686 ], [ 54.224718706425222, 28.830834590078666 ], [ 54.218922694344826, 28.823650800457926 ], [ 54.211203367912162, 28.814083184597621 ], [ 54.188863845848175, 28.790548982751829 ], [ 54.173184530317769, 28.773362040728273 ], [ 54.162781907514102, 28.762205604677774 ], [ 54.149062506425139, 28.747732390342094 ], [ 54.142550429270614, 28.740835601932247 ], [ 54.131695518518882, 28.726060862297857 ], [ 54.127474164337627, 28.718221204532711 ], [ 54.121840608245236, 28.703347861097996 ], [ 54.115040108690664, 28.682023131563824 ], [ 54.110661900439766, 28.668888506811527 ], [ 54.101905483938367, 28.646807108677535 ], [ 54.094946353650016, 28.621275492084919 ], [ 54.086856186230079, 28.597480882026616 ], [ 54.083049048620865, 28.584155900394023 ], [ 54.078052180508678, 28.566785835051348 ], [ 54.074482988999932, 28.558933613732108 ], [ 54.067235547352936, 28.551587027876735 ], [ 54.0588598446123, 28.544734180179944 ], [ 54.04058558408758, 28.531599555427704 ], [ 54.032590595108104, 28.523604566448 ], [ 54.026118461172132, 28.515228863707591 ], [ 54.021930609801927, 28.506662804086659 ], [ 54.010303992256752, 28.50877857005122 ], [ 54.000284535348158, 28.512675528633906 ], [ 53.989035031812136, 28.513625085842591 ], [ 53.972093269450625, 28.515909368408188 ], [ 53.960671856622696, 28.517812937212796 ], [ 53.945252949304972, 28.521239361061077 ], [ 53.925541494332549, 28.525303480459115 ], [ 53.903650453078853, 28.531585257514621 ], [ 53.887660475119731, 28.537486320808966 ], [ 53.871480140280141, 28.546052380430069 ], [ 53.861391225615364, 28.551192016202663 ], [ 53.848446957743761, 28.559758075823595 ], [ 53.840071255003124, 28.566230209759397 ], [ 53.821679391997577, 28.583122308010786 ], [ 53.812332107739337, 28.594127981411873 ], [ 53.802231010234266, 28.609053483695561 ], [ 53.795145165715667, 28.618853055901866 ], [ 53.788963897093197, 28.630461779900315 ], [ 53.777436260198726, 28.649352461309888 ], [ 53.770000444555478, 28.659911319523246 ], [ 53.765092806230939, 28.664670241534907 ], [ 53.760185167906457, 28.668388149356531 ], [ 53.750667323883135, 28.676121397625479 ], [ 53.749577181399275, 28.676785703201688 ], [ 53.741149479859814, 28.681921333827177 ], [ 53.730684320434534, 28.687798820328396 ], [ 53.721166476411213, 28.692557742340057 ], [ 53.714028093393722, 28.696126933848802 ], [ 53.704510249370401, 28.701332004799042 ], [ 53.696033419537116, 28.707429373626496 ], [ 53.689341185458204, 28.712485728263857 ], [ 53.683243816630807, 28.718285664465611 ], [ 53.678931043557725, 28.722301004912936 ], [ 53.676402866239016, 28.726613777986017 ], [ 53.671495227914477, 28.734347026254966 ], [ 53.665966014888738, 28.742914132838735 ], [ 53.656015680032965, 28.755578195382441 ], [ 53.64485924398258, 28.768543783224743 ], [ 53.636718060918724, 28.776835728937897 ], [ 53.629632216400296, 28.782413946963175 ], [ 53.626315438115, 28.786786063793727 ], [ 53.62466134194068, 28.791718718028619 ], [ 53.624058291343317, 28.794130920417956 ], [ 53.623455240746125, 28.798050749300558 ], [ 53.6220274480537, 28.804340332430115 ], [ 53.618904405483534, 28.808058240251682 ], [ 53.615186497661909, 28.809545403380355 ], [ 53.611319873527464, 28.81103256650897 ], [ 53.606263518890046, 28.811627431760428 ], [ 53.603289192632758, 28.812519729637643 ], [ 53.599125135872555, 28.815791488520631 ], [ 53.593473915983736, 28.821888857348085 ], [ 53.588566277659197, 28.825309332543952 ], [ 53.579643298887333, 28.835422041818731 ], [ 53.568178623131928, 28.846741606505248 ], [ 53.558958211734307, 28.855962017902812 ], [ 53.550183949275322, 28.865479861926133 ], [ 53.542599417319252, 28.875146422262333 ], [ 53.53828664424617, 28.88094635846403 ], [ 53.532189275418716, 28.888977039358736 ], [ 53.527579069719934, 28.892694947180303 ], [ 53.519765643132985, 28.901358132073312 ], [ 53.513579044517883, 28.907306784587888 ], [ 53.505933931484549, 28.912438044657733 ], [ 53.497943511070162, 28.918317787981607 ], [ 53.490857666551562, 28.92585592044793 ], [ 53.482867246137175, 28.934298628810382 ], [ 53.477791417990943, 28.940302865534193 ], [ 53.475507135425346, 28.943586521722239 ], [ 53.473508388180278, 28.947726783872383 ], [ 53.472794549878586, 28.951295975381129 ], [ 53.471795176256137, 28.954436863908711 ], [ 53.471652408595901, 28.958862661379612 ], [ 53.471652408595901, 28.963288458850343 ], [ 53.4722234792373, 28.967571488661008 ], [ 53.474364994142491, 28.976565851262933 ], [ 53.474364994142491, 28.983418698959838 ], [ 53.471652408595901, 28.991552129307024 ], [ 53.467743579324406, 28.999787755103284 ], [ 53.461556905668544, 29.005918359607165 ], [ 53.459082266222481, 29.010011032537136 ], [ 53.457369054298169, 29.012961564184423 ], [ 53.457517638902516, 29.01541321015651 ], [ 53.457559411178636, 29.016102452712175 ], [ 53.460605121266155, 29.019810604743668 ], [ 53.467267612082424, 29.026948987761159 ], [ 53.467403231873561, 29.027727727647743 ], [ 53.468582264288216, 29.034497827802056 ], [ 53.466500235908086, 29.042082359758126 ], [ 53.463674625963677, 29.048031012272702 ], [ 53.461443881270725, 29.051748920094326 ], [ 53.451898547262203, 29.06299313893777 ], [ 53.44190481103783, 29.074057632614767 ], [ 53.424058853494103, 29.091070778806568 ], [ 53.412465470529696, 29.101740137746901 ], [ 53.400925084651533, 29.11423230802751 ], [ 53.393548755533345, 29.122203502396985 ], [ 53.384792848272582, 29.133639255082926 ], [ 53.376084020991186, 29.146631112174759 ], [ 53.369516708615151, 29.158766363304437 ], [ 53.364805375823721, 29.166333049302921 ], [ 53.357809760466466, 29.17475634126356 ], [ 53.35252735703358, 29.179895977036153 ], [ 53.343390226771248, 29.188176501336557 ], [ 53.343925533392678, 29.19400913710075 ], [ 53.343211695090929, 29.207810010934566 ], [ 53.343449641191455, 29.219945262064414 ], [ 53.343925533392678, 29.238267111809307 ], [ 53.346067048297812, 29.256826907654784 ], [ 53.34797061710259, 29.26991394318685 ], [ 53.349808653087564, 29.287176114093199 ], [ 53.34847020627177, 29.308591263145672 ], [ 53.347429192081734, 29.323909043370747 ], [ 53.345034348701745, 29.340873338507038 ], [ 53.34084649733137, 29.355911532063715 ], [ 53.357018745535754, 29.361051122294839 ], [ 53.35859438144945, 29.361551864235366 ], [ 53.365970710567638, 29.364169271341723 ], [ 53.383578722010668, 29.367500516749942 ], [ 53.396665757542735, 29.37154560045991 ], [ 53.407849224270137, 29.374400953666907 ], [ 53.428788481121444, 29.378921929577871 ], [ 53.436402756340101, 29.380349606181483 ], [ 53.459269376606187, 29.386579332527333 ], [ 53.475033305769841, 29.391784403477573 ], [ 53.490499802307738, 29.396097176550654 ], [ 53.499571497392481, 29.398327921243606 ], [ 53.516748231528311, 29.402239160271904 ], [ 53.531173713876171, 29.405510919154892 ], [ 53.550060685609935, 29.41056727379231 ], [ 53.564264703590368, 29.415496065525247 ], [ 53.570898260160902, 29.418360555862478 ], [ 53.575722664939349, 29.421225046199652 ], [ 53.579491731172709, 29.424692587134246 ], [ 53.580485383804842, 29.426316360947794 ], [ 53.588260276556014, 29.422476991676376 ], [ 53.601394901308083, 29.419050567828094 ], [ 53.612530778815483, 29.4141964673762 ], [ 53.624380494624461, 29.408914063943257 ], [ 53.627806918472913, 29.405202104774105 ], [ 53.636801281074838, 29.397778186435858 ], [ 53.651649117751219, 29.385500167645773 ], [ 53.658238015443942, 29.379745483023953 ], [ 53.668188350299715, 29.369192097570988 ], [ 53.676178770714159, 29.36150320245514 ], [ 53.678741735752737, 29.357583373572538 ], [ 53.680701650193953, 29.351402104950068 ], [ 53.68149390356939, 29.348629218136011 ], [ 53.68251080198587, 29.345070073678301 ], [ 53.684018428479249, 29.337531941211807 ], [ 53.684621479076611, 29.326978555758785 ], [ 53.68404709622547, 29.318089251119034 ], [ 53.682539469732092, 29.309646542756582 ], [ 53.677262777005637, 29.297887056108834 ], [ 53.670478457785805, 29.28507223091583 ], [ 53.662940325319312, 29.273463506917437 ], [ 53.653894566359611, 29.262156308217754 ], [ 53.645602620646457, 29.253562837206005 ], [ 53.625451136709273, 29.236854909236513 ], [ 53.610676397074883, 29.224944659939467 ], [ 53.600123011621918, 29.217105002174378 ], [ 53.592132591207474, 29.212732885343826 ], [ 53.589768549108896, 29.208898336343736 ], [ 53.59631206687493, 29.200808168923857 ], [ 53.60440223429481, 29.190814432699312 ], [ 53.618839613947671, 29.177498374045513 ], [ 53.626834602927147, 29.169931688046859 ], [ 53.632402541680733, 29.164649284613972 ], [ 53.64011199533968, 29.157510901596481 ], [ 53.645965469414023, 29.152942336465287 ], [ 53.652104478809065, 29.149373144956542 ], [ 53.66503915673195, 29.1445120503314 ], [ 53.673700394793116, 29.141275983363414 ], [ 53.682932703495737, 29.139277236118573 ], [ 53.693290302787034, 29.137645559517978 ], [ 53.6968287557699, 29.13708813199321 ], [ 53.712152484647333, 29.135089384748312 ], [ 53.725557863220047, 29.13276195943007 ], [ 53.745735692549431, 29.130668033744996 ], [ 53.757728176018816, 29.128383751179399 ], [ 53.76496173747654, 29.126385003934502 ], [ 53.774812706040791, 29.125100094991353 ], [ 53.786376886529013, 29.123101347746513 ], [ 53.791802057622363, 29.122244741784357 ], [ 53.803366238110755, 29.114249752804653 ], [ 53.814121401856994, 29.10623803549322 ], [ 53.818582891242954, 29.101776546107317 ], [ 53.8265596881497, 29.093637064153825 ], [ 53.831508967041827, 29.090210640305486 ], [ 53.836077532173022, 29.087736000859422 ], [ 53.844643591793954, 29.085071004532892 ], [ 53.853400008295353, 29.083548149489218 ], [ 53.864440707362519, 29.082406008206306 ], [ 53.876813904592836, 29.080883153162688 ], [ 53.889557536312509, 29.079713600489129 ], [ 53.90583990244005, 29.07745216074909 ], [ 53.922876081814309, 29.074286145113149 ], [ 53.941872175629783, 29.069310977685404 ], [ 53.9592886563251, 29.064794760696259 ], [ 53.972254244167402, 29.062382558306922 ], [ 53.979805316127283, 29.061634927419959 ], [ 53.987481271749687, 29.060874931813771 ], [ 53.998336182501248, 29.061327219761665 ], [ 54.002971959278284, 29.061479958777795 ], [ 54.00565088086347, 29.065051939018758 ], [ 54.009791143013672, 29.066622383282663 ], [ 54.019784879238046, 29.067193453923949 ], [ 54.025352817991802, 29.067621756905112 ], [ 54.04020065466807, 29.069763271810245 ], [ 54.05033715855302, 29.072475857357006 ], [ 54.060188127117101, 29.073760766300154 ], [ 54.069325257379489, 29.072618625017242 ], [ 54.072608913567478, 29.071333716074093 ], [ 54.095687954807033, 29.065508795531912 ], [ 54.100256519938171, 29.065651563192205 ], [ 54.105253388050357, 29.06722200745611 ], [ 54.1111068621247, 29.070791198964855 ], [ 54.117959709821491, 29.073932087492608 ], [ 54.122813810273385, 29.075074228775293 ], [ 54.127667910725279, 29.073932087492608 ], [ 54.132950314158336, 29.071219501945848 ], [ 54.140945303137812, 29.064223886588763 ], [ 54.146513241891455, 29.058227644854014 ], [ 54.1506535040416, 29.052516938440135 ], [ 54.155650372153957, 29.044236414139732 ], [ 54.159897637944425, 29.034199302504192 ], [ 54.162008315035109, 29.023947442349822 ], [ 54.163468366270934, 29.019462999268399 ], [ 54.16411899212568, 29.017464648428756 ], [ 54.166078906566895, 29.009021940066305 ], [ 54.168189586989854, 28.999658444164822 ], [ 54.168817483421776, 28.988286303948826 ], [ 54.165248291913031, 28.975347984729581 ], [ 54.165099575600152, 28.970142913779341 ], [ 54.165397008225909, 28.965383991767681 ], [ 54.168216669517733, 28.95710941611992 ], [ 54.17078648740403, 28.95168424502657 ], [ 54.174355678912775, 28.948400588838524 ], [ 54.181351294269803, 28.941262205821033 ], [ 54.192966861501986, 28.93284463418081 ], [ 54.202127786374547, 28.926301116414777 ], [ 54.212240495649098, 28.919757598648744 ], [ 54.221639366622355, 28.912619215631253 ], [ 54.227825965237457, 28.906670563116677 ], [ 54.234786888053009, 28.900612312628198 ], [ 54.242928071116921, 28.890812740421666 ], [ 54.249109339739391, 28.884782234448551 ], [ 54.254084507167249, 28.879204016423444 ], [ 54.259662725192527, 28.874831899592891 ], [ 54.260868826387082, 28.87166588395695 ] ] ] ] } },
{ "type": "Feature", "properties": { "Id": 0, "Base": 250000.0, "Name_sh": "نی ریز", "مرکز": "نی ریز", "area": 6768553490.8199997, "a4": 7, "توزیع": "1.61", "t": 1.61, "tt": 1.35 }, "geometry": { "type": "MultiPolygon", "coordinates": [ [ [ [ 54.638612300739283, 29.609404149053375 ], [ 54.647183396096978, 29.609388355824763 ], [ 54.655475341810131, 29.609539118474061 ], [ 54.670250081444408, 29.611046744967382 ], [ 54.679295840404222, 29.612705134110058 ], [ 54.687738548766674, 29.614815811200572 ], [ 54.702965576348788, 29.615569624447232 ], [ 54.717137265385816, 29.614514285901976 ], [ 54.728444464085669, 29.613458947356719 ], [ 54.748097841173546, 29.611492313317456 ], [ 54.768846741144557, 29.608827316990869 ], [ 54.787121001669277, 29.603878038098912 ], [ 54.794925633768457, 29.601974469294134 ], [ 54.810725254847057, 29.594360194075591 ], [ 54.825192377762562, 29.586365205095944 ], [ 54.839849857558477, 29.574753435387549 ], [ 54.854412158914215, 29.560105473435499 ], [ 54.870592493753804, 29.540308357867104 ], [ 54.886582471712927, 29.520891956059529 ], [ 54.899146025823768, 29.505853762502625 ], [ 54.911452598145843, 29.493089540513722 ], [ 54.923445081615228, 29.479383845120196 ], [ 54.93505685132385, 29.467391361650812 ], [ 54.945716836629913, 29.454447093779038 ], [ 54.95371182560956, 29.44264496719012 ], [ 54.968141892385518, 29.422983258815975 ], [ 54.977489176643928, 29.407906993882989 ], [ 54.9835196826171, 29.39946428552048 ], [ 54.995580694563444, 29.386498697678235 ], [ 55.010377134882106, 29.372638813211438 ], [ 55.01761069633983, 29.367499177438788 ], [ 55.033791031179476, 29.358933117817912 ], [ 55.05149422106291, 29.350747771957742 ], [ 55.067293842141567, 29.341039571053955 ], [ 55.079095968730485, 29.332473511433022 ], [ 55.0937534485264, 29.322574953648768 ], [ 55.110124140246512, 29.311343897701306 ], [ 55.124806651972222, 29.298170059431754 ], [ 55.139430628957143, 29.282339981252107 ], [ 55.15450689389013, 29.265906852475041 ], [ 55.176650005724753, 29.240108374571946 ], [ 55.176611331292747, 29.239971879315078 ], [ 55.177303811463901, 29.238852110126572 ], [ 55.179032886461243, 29.236440129820096 ], [ 55.180727062697486, 29.234117775878588 ], [ 55.182725809942553, 29.23118627991937 ], [ 55.184667450123129, 29.228597426345004 ], [ 55.186749795764797, 29.226131352958419 ], [ 55.187749169387075, 29.225036800895907 ], [ 55.188772337619525, 29.223799481172989 ], [ 55.189866889682378, 29.222562161449844 ], [ 55.191199387845529, 29.220872744135704 ], [ 55.192293939908382, 29.219302299871856 ], [ 55.193079162040135, 29.218302926249407 ], [ 55.194340276373111, 29.216946633476027 ], [ 55.195482417656194, 29.215423778432182 ], [ 55.197443490101591, 29.213004659742978 ], [ 55.198633220604506, 29.21154723987695 ], [ 55.199674234794713, 29.210387252636679 ], [ 55.200744992247394, 29.208959576033067 ], [ 55.20193472275048, 29.20735343985416 ], [ 55.202618817789585, 29.206401655452112 ], [ 55.203600345454447, 29.205568844099787 ], [ 55.204522386594022, 29.204230397283993 ], [ 55.205652630571933, 29.202237598691738 ], [ 55.206617997730746, 29.200349892960446 ], [ 55.208194390647236, 29.198000175217203 ], [ 55.210276419027309, 29.194877132646866 ], [ 55.211942041731447, 29.192705874479316 ], [ 55.213131772234192, 29.191040251775007 ], [ 55.214321502737278, 29.18892848013229 ], [ 55.216165585016711, 29.185656721249472 ], [ 55.217649773819119, 29.183175141708659 ], [ 55.218928734109681, 29.181093113328586 ], [ 55.219910261774544, 29.179516720412096 ], [ 55.220683586601638, 29.17797007075842 ], [ 55.22139742490333, 29.176572137417452 ], [ 55.222438439093366, 29.175203947339241 ], [ 55.223568683070937, 29.173508581372516 ], [ 55.224490724210682, 29.171932188456367 ], [ 55.225561481663533, 29.169493240925135 ], [ 55.227354008954592, 29.16575352137761 ], [ 55.228424766407272, 29.163504930727242 ], [ 55.230423513651942, 29.160221274539367 ], [ 55.231886882170727, 29.15765145665307 ], [ 55.233600094094868, 29.154367800464854 ], [ 55.235313306019066, 29.151726598748326 ], [ 55.236740982622621, 29.149335240437665 ], [ 55.23745482092437, 29.148086023409348 ], [ 55.23841850263176, 29.146515579145671 ], [ 55.240768963956384, 29.142308642515161 ], [ 55.242291819000059, 29.139715030018976 ], [ 55.243790879433675, 29.136931060641814 ], [ 55.245099582987052, 29.134551599636154 ], [ 55.246782258494932, 29.130948302519641 ], [ 55.248656084037123, 29.127676543636653 ], [ 55.249761857827025, 29.125653976735691 ], [ 55.251827931623154, 29.121455773385208 ], [ 55.252441832562624, 29.120142310910239 ], [ 55.253698187973441, 29.117872305110552 ], [ 55.254711838362141, 29.115588022545126 ], [ 55.256000395812066, 29.113076422137851 ], [ 55.256761823333989, 29.110982496452721 ], [ 55.257547045465913, 29.109197900698518 ], [ 55.258118116107369, 29.107865402534969 ], [ 55.258855749019062, 29.106057012170595 ], [ 55.259213668645998, 29.1051836882815 ], [ 55.259450614270747, 29.104605540957323 ], [ 55.260402398672795, 29.101726393140098 ], [ 55.261336337117598, 29.098585504612174 ], [ 55.262549862230856, 29.094897340053194 ], [ 55.264263074154997, 29.08999565038124 ], [ 55.265783153160612, 29.084824685038939 ], [ 55.266411330866219, 29.082921116234104 ], [ 55.267800936093693, 29.078657122111565 ], [ 55.269019220128598, 29.075516233584153 ], [ 55.26936186251362, 29.073964825008147 ], [ 55.269666433522389, 29.071737649506872 ], [ 55.270313646915895, 29.067740155016963 ], [ 55.270984179027494, 29.063373130233003 ], [ 55.271507660448719, 29.060089474045014 ], [ 55.272221498750241, 29.055735060404118 ], [ 55.272986892040706, 29.050676326305677 ], [ 55.273433040979114, 29.047374824160215 ], [ 55.273760216867458, 29.04567945819349 ], [ 55.274236109068625, 29.042377956047858 ], [ 55.275990961560581, 29.031099310880393 ], [ 55.277121205538094, 29.02384195481261 ], [ 55.278891286580404, 29.012769291652603 ], [ 55.279700303322329, 29.007439298999486 ], [ 55.28039034701402, 29.002918323088522 ], [ 55.280766480130524, 28.999947578153126 ], [ 55.280457160741719, 28.998515819379747 ], [ 55.279600554779392, 28.994542119500181 ], [ 55.278743948817578, 28.990092527419051 ], [ 55.277380676291784, 28.983570266171341 ], [ 55.276485998953547, 28.9791920579205 ], [ 55.275991071064652, 28.976831632602682 ], [ 55.274966951047588, 28.971905196536511 ], [ 55.273824809764676, 28.966670382323457 ], [ 55.272136879613868, 28.958070613671623 ], [ 55.270604506725874, 28.950806119220999 ], [ 55.26980500782787, 28.94709416005179 ], [ 55.268428192203487, 28.940121595723042 ], [ 55.267821429647029, 28.937159166770755 ], [ 55.266822056024409, 28.932376450149263 ], [ 55.265929758147252, 28.928057728423596 ], [ 55.264609157289271, 28.921490416047391 ], [ 55.263517579552627, 28.916157449068237 ], [ 55.262803741250877, 28.912588257559321 ], [ 55.261881700111246, 28.908453944061705 ], [ 55.261167861809554, 28.904855009290372 ], [ 55.260277150239631, 28.900376764533121 ], [ 55.25947408215012, 28.896391167348384 ], [ 55.258284351647205, 28.890799433984796 ], [ 55.256907734311142, 28.884107199906055 ], [ 55.256360458279744, 28.881275641308832 ], [ 55.255718003808397, 28.878253725831712 ], [ 55.255099343946767, 28.874970069643325 ], [ 55.254361711035017, 28.871591235015046 ], [ 55.253619120912674, 28.867990317359613 ], [ 55.252940974526155, 28.86449250968127 ], [ 55.252262828139294, 28.86120885349311 ], [ 55.251834525158301, 28.858853187097282 ], [ 55.251441914092311, 28.857496894324072 ], [ 55.251013611111318, 28.855248303673534 ], [ 55.250478232385092, 28.852571410041946 ], [ 55.25002929351075, 28.850217967338494 ], [ 55.245070765670846, 28.760663326109352 ], [ 55.247181442761359, 28.747999263565816 ], [ 55.250542832924225, 28.728518634282068 ], [ 55.251780152647143, 28.724521139792159 ], [ 55.243890761161992, 28.725917464056579 ], [ 55.223843802187901, 28.726357664342743 ], [ 55.202357269305196, 28.726785967323735 ], [ 55.187812128910707, 28.72621489668245 ], [ 55.174582325718347, 28.725167933839828 ], [ 55.157830920237302, 28.723074008154697 ], [ 55.147837184012758, 28.721455974670789 ], [ 55.129885352471831, 28.717943265317217 ], [ 55.114775775084695, 28.715682777361621 ], [ 55.101450793452159, 28.715563804311387 ], [ 55.086222243014731, 28.718300184467978 ], [ 55.072064450030211, 28.723297052580335 ], [ 55.062070713805667, 28.727699055441008 ], [ 55.058939046821081, 28.729439399759826 ], [ 55.042257735163787, 28.738709614668778 ], [ 55.015369825797904, 28.754414057307201 ], [ 55.004662251271668, 28.760362709821777 ], [ 54.986102455426249, 28.77392563755501 ], [ 54.971546502184026, 28.784907135632295 ], [ 54.957174557708811, 28.796043013139524 ], [ 54.945182074239426, 28.804894608081156 ], [ 54.932904055449342, 28.815364236506866 ], [ 54.925335386566587, 28.822911634450293 ], [ 54.916198256304199, 28.834047511957522 ], [ 54.907346661362567, 28.846182763087199 ], [ 54.901350419627818, 28.856747569953143 ], [ 54.895782480874175, 28.866027467875824 ], [ 54.887557405225891, 28.877483707360511 ], [ 54.878610631843969, 28.887762978905585 ], [ 54.869949393782633, 28.894425469722023 ], [ 54.861097798841001, 28.902705994022256 ], [ 54.852060605940892, 28.909249511788289 ], [ 54.841781334395648, 28.914817450541875 ], [ 54.827504568360666, 28.92138476291791 ], [ 54.810657984439331, 28.928951448916621 ], [ 54.804804510364988, 28.932948943406359 ], [ 54.800521480554551, 28.937089205556504 ], [ 54.799965624042613, 28.939438187229143 ], [ 54.788514467952041, 28.939438187229143 ], [ 54.774535134542816, 28.940033052480601 ], [ 54.761252214089666, 28.939287217638707 ], [ 54.750990788502008, 28.934825728252804 ], [ 54.743554972858817, 28.929769373615386 ], [ 54.737011455092784, 28.924266870039446 ], [ 54.727493611069463, 28.913113146574574 ], [ 54.724221852186417, 28.909990104004464 ], [ 54.71842191598472, 28.906718345121419 ], [ 54.705334880452654, 28.903595302551253 ], [ 54.691209708292035, 28.901361765957404 ], [ 54.676585731307057, 28.899401851516132 ], [ 54.656383536296858, 28.897441937074916 ], [ 54.642513372558597, 28.896989649126851 ], [ 54.626381769080353, 28.896235835880191 ], [ 54.599079988164306, 28.897212488029538 ], [ 54.576427519388915, 28.898735343073213 ], [ 54.554346121254753, 28.899877484356125 ], [ 54.53055151119645, 28.902161766921722 ], [ 54.512657964432663, 28.904636406367786 ], [ 54.500094410321879, 28.907301402694316 ], [ 54.492099421342175, 28.910918183423121 ], [ 54.482433223032501, 28.918016051009374 ], [ 54.476046600976758, 28.929928685836444 ], [ 54.470335894562709, 28.942111526186295 ], [ 54.467861255116645, 28.949345087644019 ], [ 54.465244424849288, 28.962602915599348 ], [ 54.463102909943984, 28.971287948270685 ], [ 54.461318314189612, 28.982352441947683 ], [ 54.461119800444806, 28.989657191951665 ], [ 54.463376017138103, 28.999719120614031 ], [ 54.46171771033778, 29.003087597390106 ], [ 54.456591780260567, 29.014997846687152 ], [ 54.451767375482177, 29.025249706841521 ], [ 54.446038394807601, 29.035501566995947 ], [ 54.436889843132235, 29.048926485990705 ], [ 54.429954761263105, 29.056163093158602 ], [ 54.419702901108735, 29.063701225625152 ], [ 54.41020485420097, 29.068676393053011 ], [ 54.400405281994665, 29.073651560480926 ], [ 54.386836643555, 29.076968338765994 ], [ 54.379298511088507, 29.077269864064817 ], [ 54.373095149531082, 29.07738155596445 ], [ 54.367098907796503, 29.075811111700546 ], [ 54.356962403911496, 29.074097899776405 ], [ 54.346112061725023, 29.073241293814249 ], [ 54.335404487198787, 29.073955132115941 ], [ 54.3301220837659, 29.074526202757397 ], [ 54.323269236069109, 29.076953252983287 ], [ 54.315417014749698, 29.08009414151104 ], [ 54.30371006660107, 29.08580484792509 ], [ 54.294572936338682, 29.09023064539582 ], [ 54.294063420891064, 29.090429674867494 ], [ 54.282390095988831, 29.094989567407481 ], [ 54.270254844859153, 29.097702152954241 ], [ 54.259975573313909, 29.09870152657669 ], [ 54.246412645580619, 29.099129829557683 ], [ 54.234420162111235, 29.099558132538675 ], [ 54.227281779093744, 29.099129829557683 ], [ 54.222155849016588, 29.105184320497699 ], [ 54.217783732186035, 29.110913301172275 ], [ 54.206411262467554, 29.124733245304469 ], [ 54.196893418444233, 29.136184401395042 ], [ 54.188119155985078, 29.148230422737072 ], [ 54.181575638219044, 29.155220089441684 ], [ 54.176073134643048, 29.160425160391924 ], [ 54.17101678000563, 29.16354820296209 ], [ 54.159545768827229, 29.167749410751753 ], [ 54.149932746363675, 29.167844589191986 ], [ 54.141747400503675, 29.168320481393209 ], [ 54.129945273914757, 29.168225302952919 ], [ 54.123473139978785, 29.168796373594375 ], [ 54.112146905591089, 29.172793868084113 ], [ 54.102654011778725, 29.179559432344263 ], [ 54.084189394373539, 29.192598878656099 ], [ 54.07029334209949, 29.200784224516212 ], [ 54.064487457245207, 29.20278297176111 ], [ 54.049639620568769, 29.20544796808764 ], [ 54.039114373684242, 29.206027227680124 ], [ 54.031975990666751, 29.205789281579598 ], [ 54.031143179314768, 29.206146200730359 ], [ 54.029120637459698, 29.212451772395923 ], [ 54.027217068655091, 29.222609096564497 ], [ 54.02483760764926, 29.232870522152155 ], [ 54.022904295582009, 29.244470394555549 ], [ 54.020524834576179, 29.261721486847819 ], [ 54.019632536699021, 29.27808028126293 ], [ 54.019724935856686, 29.293000692942087 ], [ 54.020177223804751, 29.30053882540858 ], [ 54.020629511752645, 29.313353650601584 ], [ 54.020327986454049, 29.316821191536121 ], [ 54.018669597311373, 29.319534919223997 ], [ 54.016113865834257, 29.321018941464217 ], [ 54.011752448285904, 29.321816903326351 ], [ 54.020798207245946, 29.327395121351572 ], [ 54.033160744490885, 29.334330203220929 ], [ 54.046880145579848, 29.341717573037954 ], [ 54.061654885214239, 29.349104942855149 ], [ 54.075374286303202, 29.356190787373578 ], [ 54.088372996242754, 29.362274212559555 ], [ 54.100936550353367, 29.366842777690749 ], [ 54.10645689988695, 29.369507774017279 ], [ 54.110454394376688, 29.372363127224332 ], [ 54.112738676942286, 29.375218480431158 ], [ 54.114071175105664, 29.378454547399144 ], [ 54.114071175105664, 29.387591677661533 ], [ 54.114071175105664, 29.395015595999723 ], [ 54.115022959508053, 29.405104510664501 ], [ 54.113426753612941, 29.41424062569024 ], [ 54.112823703015579, 29.418914267819389 ], [ 54.112823703015579, 29.424341723195198 ], [ 54.112974465664877, 29.429769178571178 ], [ 54.113125228314345, 29.435045871297632 ], [ 54.113490332811068, 29.437124758789309 ], [ 54.115274928565441, 29.437600650990362 ], [ 54.119082066174656, 29.437600650990362 ], [ 54.123127149884624, 29.437957570141293 ], [ 54.127529152745524, 29.438790381493277 ], [ 54.133120886109168, 29.439266273694443 ], [ 54.146088948590943, 29.439266273694443 ], [ 54.15786728056986, 29.439623192845374 ], [ 54.169111531710143, 29.439688628023021 ], [ 54.17206206335743, 29.439688628023021 ], [ 54.174060810602327, 29.439688628023021 ], [ 54.175869200966702, 29.44006934178401 ], [ 54.178343840412765, 29.44035487710471 ], [ 54.181960621141741, 29.44035487710471 ], [ 54.185482223430256, 29.440830769305762 ], [ 54.190621859202906, 29.440545233985176 ], [ 54.203375770194214, 29.44006934178401 ], [ 54.213655041739287, 29.44006934178401 ], [ 54.227087099117284, 29.440182366181659 ], [ 54.243148460906639, 29.439587500930202 ], [ 54.252815021242782, 29.440033649868781 ], [ 54.263076446830439, 29.441074664058817 ], [ 54.270660978786509, 29.441818245623153 ], [ 54.269619964596473, 29.448361763389187 ], [ 54.267240503590642, 29.455797579032435 ], [ 54.264712326271933, 29.465017990429999 ], [ 54.263522595769018, 29.473940969201863 ], [ 54.263225163143318, 29.481228068532232 ], [ 54.261615061196096, 29.500963654604107 ], [ 54.259949438491958, 29.510957390828423 ], [ 54.25828381578782, 29.523806480260021 ], [ 54.257569977486128, 29.534514054786257 ], [ 54.255428462580824, 29.547125198117101 ], [ 54.253049001574993, 29.558546610945029 ], [ 54.250669540569163, 29.567588562767355 ], [ 54.246616525322509, 29.578141472328127 ], [ 54.242809387713294, 29.587468959470982 ], [ 54.241824290856925, 29.591233266782183 ], [ 54.24432568070381, 29.595809516969666 ], [ 54.245091363473648, 29.595515023596533 ], [ 54.255192460978719, 29.596721124791088 ], [ 54.263484406691873, 29.599133327180368 ], [ 54.274640842742258, 29.60064095367369 ], [ 54.29378769920703, 29.602450105465664 ], [ 54.311728454477191, 29.604108494608283 ], [ 54.325144664644938, 29.605964045889777 ], [ 54.334216359729623, 29.606856343766992 ], [ 54.349831572580399, 29.609979386337102 ], [ 54.364108338615381, 29.613846010471605 ], [ 54.380172968197883, 29.618357183003297 ], [ 54.399319824662655, 29.62272929983385 ], [ 54.406254906531785, 29.625292264872428 ], [ 54.416657529335453, 29.627855229911063 ], [ 54.434250869058133, 29.631727036583811 ], [ 54.459383925932229, 29.637675689098387 ], [ 54.472768394089996, 29.641096164294254 ], [ 54.477973465040293, 29.641988462171469 ], [ 54.480865169112576, 29.642048802705972 ], [ 54.483532480815256, 29.642104460895496 ], [ 54.494002109240796, 29.640010535210251 ], [ 54.518177433060089, 29.634490185676839 ], [ 54.53549990918259, 29.630111977426111 ], [ 54.55168024402218, 29.627637337980048 ], [ 54.562535117777429, 29.626371044915516 ], [ 54.567103682908566, 29.621612122903855 ], [ 54.573575816844595, 29.618185699055573 ], [ 54.589375437923252, 29.613426777043912 ], [ 54.604413631480156, 29.611142494478315 ], [ 54.624972174570416, 29.609429282554004 ], [ 54.638612300739283, 29.609404149053375 ] ] ] ] } },
{ "type": "Feature", "properties": { "Id": 0, "Base": 250000.0, "Name_sh": "لارستان", "مرکز": "لار", "area": 10785980563.0, "a4": 5, "توزیع": "2.83", "t": 2.83, "tt": 2.21 }, "geometry": { "type": "MultiPolygon", "coordinates": [ [ [ [ 54.21985946818819, 28.121998804759471 ], [ 54.235653158869184, 28.110196675322527 ], [ 54.251633999697958, 28.098738713973546 ], [ 54.272740770604116, 28.084114736988624 ], [ 54.294357327371472, 28.067974374602272 ], [ 54.295355168003482, 28.067229320263721 ], [ 54.305042800846422, 28.061090920010713 ], [ 54.315006793808323, 28.053060239116064 ], [ 54.32839126196609, 28.043393678779864 ], [ 54.348383117863762, 28.031617654073045 ], [ 54.35010384364432, 28.030604075873498 ], [ 54.371370276383914, 28.015732444587059 ], [ 54.388038252301783, 28.003822148421932 ], [ 54.391607333976481, 28.00014080400598 ], [ 54.404661166242988, 28.000143186906428 ], [ 54.41242437283114, 27.994342974858 ], [ 54.419414039535752, 27.990773783349255 ], [ 54.425362692050328, 27.985419996086137 ], [ 54.432501075067819, 27.981850804577391 ], [ 54.43993689071101, 27.979322627258682 ], [ 54.455849536187543, 27.976497017314273 ], [ 54.472803195854056, 27.972927825805527 ], [ 54.484997933508964, 27.971291946364033 ], [ 54.497047364810896, 27.969075014261932 ], [ 54.51275180744932, 27.966410017935402 ], [ 54.526076789081912, 27.964791984451324 ], [ 54.529860853129946, 27.964287322403493 ], [ 54.540015053609011, 27.962948306955809 ], [ 54.555844567313613, 27.960860898555211 ], [ 54.569835798027896, 27.958576615989614 ], [ 54.582256584478444, 27.957148939386002 ], [ 54.593963532627129, 27.956720636405009 ], [ 54.601387450965319, 27.957434474706758 ], [ 54.615387008351036, 27.959487610661824 ], [ 54.628051070894571, 27.963407439544483 ], [ 54.642675047879663, 27.966422692530955 ], [ 54.649664714584276, 27.967909855659627 ], [ 54.66572607637363, 27.969248302475421 ], [ 54.679556693470033, 27.970140600352579 ], [ 54.696126732647599, 27.972472329430673 ], [ 54.719326477454445, 27.974018979084519 ], [ 54.743715952764205, 27.972472329430673 ], [ 54.764379588715656, 27.970725408475573 ], [ 54.781630681007925, 27.96965465102295 ], [ 54.801142261255791, 27.968702866620674 ], [ 54.803061212434557, 27.968679072010673 ], [ 54.820788196927992, 27.970582640815337 ], [ 54.830425014001605, 27.975103616726301 ], [ 54.843512049533672, 27.981052269240877 ], [ 54.866562717503257, 27.985072296505336 ], [ 54.876526710465157, 27.987451757511167 ], [ 54.886193270801357, 27.988938920639839 ], [ 54.895116249573221, 27.991318381645669 ], [ 54.902254632590711, 27.994590140528658 ], [ 54.905431099681664, 27.997413733558972 ], [ 54.908605150703465, 28.000235178921514 ], [ 54.90594023840498, 28.009863777792418 ], [ 54.902323457676061, 28.02452125758839 ], [ 54.899087390708075, 28.035371599774862 ], [ 54.893376684294196, 28.048696581407626 ], [ 54.890902044848076, 28.055739785984883 ], [ 54.888431402896458, 28.05991621594228 ], [ 54.882702422222053, 28.073484854381945 ], [ 54.881948608975392, 28.080419936251076 ], [ 54.884210048715033, 28.080872224198799 ], [ 54.89762461705476, 28.082305278384354 ], [ 54.906398879513745, 28.083197576261568 ], [ 54.920526929235848, 28.085130888328763 ], [ 54.932572950577878, 28.086766767770314 ], [ 54.940752347785406, 28.08780778196035 ], [ 54.955029113820387, 28.087361633021771 ], [ 54.969900745106827, 28.08572575358022 ], [ 54.978570510230952, 28.08480802731674 ], [ 54.999978806435706, 28.079229809291462 ], [ 55.021537865289758, 28.073048540668992 ], [ 55.038724807313486, 28.069882525032995 ], [ 55.04852437951979, 28.069430237085101 ], [ 55.055197276512274, 28.070251944285701 ], [ 55.063192265491921, 28.073868725014677 ], [ 55.073471537036994, 28.080531215830945 ], [ 55.081656882897164, 28.085861208484062 ], [ 55.092887938844626, 28.091381558017474 ], [ 55.106974347999142, 28.096330836909601 ], [ 55.118776474588003, 28.098805476355665 ], [ 55.135527880069105, 28.09766333507298 ], [ 55.153040713072073, 28.095188695626916 ], [ 55.176424088816191, 28.091115280467932 ], [ 55.191801879047773, 28.09126604311723 ], [ 55.201752213903603, 28.091115280467932 ], [ 55.21592390294046, 28.089004603377248 ], [ 55.231904743769405, 28.085386299793356 ], [ 55.250448549636985, 28.078451217924226 ], [ 55.271603442762455, 28.065646139003491 ], [ 55.284547710634229, 28.059745075709145 ], [ 55.300918402354341, 28.050607945446586 ], [ 55.313291599584659, 28.044897239032707 ], [ 55.332517644511768, 28.03994796014058 ], [ 55.344386396008758, 28.037230615671831 ], [ 55.369703861110906, 28.033423478062559 ], [ 55.386835980352771, 28.02980669733364 ], [ 55.395939891045657, 28.027987678641296 ], [ 55.39555250708213, 28.026018476827062 ], [ 55.393648938277522, 28.020307770413012 ], [ 55.392126083233848, 28.010599569509395 ], [ 55.391765382097162, 28.000865343788803 ], [ 55.391745299414595, 28.000323373318338 ], [ 55.391374304742328, 28.00032330559543 ], [ 55.389459082029589, 27.997668782530639 ], [ 55.415239495064895, 27.982441754948354 ], [ 55.442979822541588, 27.970380743002011 ], [ 55.454890071838634, 27.964500999678137 ], [ 55.461372865759699, 27.959978120198116 ], [ 55.475846080095323, 27.947163295005112 ], [ 55.488510142639029, 27.933745419214915 ], [ 55.497081025869022, 27.926538085589925 ], [ 55.506909703269173, 27.918665485950498 ], [ 55.509693672645938, 27.914453839970122 ], [ 55.512859347225856, 27.910005239331326 ], [ 55.515381575891979, 27.906531226262814 ], [ 55.518570053639735, 27.90162953659086 ], [ 55.51975978414265, 27.899963913886779 ], [ 55.521663352947485, 27.897156149899956 ], [ 55.523593492399982, 27.894314676882175 ], [ 55.525110398791242, 27.892143418714227 ], [ 55.527222170433788, 27.889109605931935 ], [ 55.528887793137869, 27.886670658400874 ], [ 55.532101354370468, 27.88207096198812 ], [ 55.535128028769918, 27.877616610985228 ], [ 55.537793025096505, 27.873733330623793 ], [ 55.539440563897017, 27.871555806542062 ], [ 55.541671308589798, 27.868403020709252 ], [ 55.543166907699742, 27.866264313982015 ], [ 55.547976880255305, 27.859004149736222 ], [ 55.55148658523899, 27.854334457512209 ], [ 55.555351385120048, 27.848597973604058 ], [ 55.558706425138098, 27.843815256982339 ], [ 55.564036417791215, 27.836260468288913 ], [ 55.567498533554669, 27.831156524431265 ], [ 55.572000949669984, 27.824734359176603 ], [ 55.573595188543891, 27.822473871221007 ], [ 55.574404205285873, 27.821236551498089 ], [ 55.575355989688262, 27.819501924424799 ], [ 55.576474336360945, 27.818098042431359 ], [ 55.577521299203568, 27.816717955047977 ], [ 55.578306521335548, 27.815552019155064 ], [ 55.578925181197008, 27.814552645532672 ], [ 55.579567635668468, 27.813529477300222 ], [ 55.580239833402572, 27.812110723675403 ], [ 55.580745468866382, 27.810950736435075 ], [ 55.581132131279787, 27.80976100593216 ], [ 55.581489050430719, 27.807619491026855 ], [ 55.581756739793832, 27.805745665484835 ], [ 55.581875712844294, 27.804080042780697 ], [ 55.581756739793832, 27.80348517752924 ], [ 55.581280847592836, 27.802533393126851 ], [ 55.580953671704322, 27.801789811562514 ], [ 55.580210090140156, 27.801224689573701 ], [ 55.579939426450665, 27.800732438578166 ], [ 55.579463534249442, 27.799971011056243 ], [ 55.57905902587845, 27.799614091905312 ], [ 55.578654517507516, 27.799257172754551 ], [ 55.577821706155532, 27.798424361402397 ], [ 55.577036484023608, 27.797615344660414 ], [ 55.575775369690462, 27.796068695006738 ], [ 55.574609433797548, 27.794807580673591 ], [ 55.57401456854609, 27.794188920812132 ], [ 55.572420329672184, 27.792523298107994 ], [ 55.571393195671419, 27.791444609118685 ], [ 55.569430140341581, 27.789362580738612 ], [ 55.562410730374324, 27.782015994883182 ], [ 55.559852809793199, 27.77927961472642 ], [ 55.557581911695706, 27.776968563224614 ], [ 55.555916288991625, 27.774975764632131 ], [ 55.55472655848871, 27.774023980229742 ], [ 55.552049664857122, 27.772477330576066 ], [ 55.54687433716947, 27.76884865254209 ], [ 55.543275402398137, 27.766320475223381 ], [ 55.539676467626805, 27.763911270954964 ], [ 55.53473607205575, 27.760416239314338 ], [ 55.531613029485584, 27.758274724409034 ], [ 55.528103324502069, 27.75586552014056 ], [ 55.524385416680445, 27.753188626509029 ], [ 55.519537314483443, 27.749896604402522 ], [ 55.514803596763556, 27.749894459943903 ], [ 55.511834038540258, 27.748503776318216 ], [ 55.50817918643537, 27.747076099714604 ], [ 55.504295906073764, 27.745591316047012 ], [ 55.501611874059165, 27.744449174764156 ], [ 55.499820712274754, 27.743803707589166 ], [ 55.499035179226212, 27.743689476684779 ], [ 55.497807377347158, 27.743461048428401 ], [ 55.497838438016572, 27.74390885879086 ], [ 55.487095029344914, 27.741047447252015 ], [ 55.480956019949872, 27.736193346800121 ], [ 55.477386828441126, 27.733623528913824 ], [ 55.473246566290925, 27.729626034424086 ], [ 55.471030355345704, 27.724563683544943 ], [ 55.464999849372532, 27.710241231858618 ], [ 55.456406378360555, 27.687325309160371 ], [ 55.446242234656836, 27.661981917451214 ], [ 55.444338665852172, 27.6563901840874 ], [ 55.441959204846341, 27.651393315975213 ], [ 55.435772606231069, 27.645087744309706 ], [ 55.426135789157513, 27.636521684688773 ], [ 55.416736918184426, 27.629145355570643 ], [ 55.402675607536537, 27.618757818549852 ], [ 55.39241418194888, 27.610132272403746 ], [ 55.387163952865194, 27.605767624129271 ], [ 55.380070727981149, 27.599870846815918 ], [ 55.369809302393492, 27.593624761675756 ], [ 55.361035039934507, 27.589311988602731 ], [ 55.348394153341019, 27.583958201339613 ], [ 55.338727593004819, 27.578753130389316 ], [ 55.33069691211017, 27.573548059439076 ], [ 55.322822228679115, 27.56700401819154 ], [ 55.316339434757879, 27.559465885725047 ], [ 55.301112407175594, 27.540922079857637 ], [ 55.282989099657073, 27.520540616255289 ], [ 55.264696993174709, 27.504925403404513 ], [ 55.253097120771315, 27.495556275694071 ], [ 55.241645964680743, 27.490648637369532 ], [ 55.226774333394303, 27.485740999044992 ], [ 55.211208692647858, 27.479405684116898 ], [ 55.204367742256068, 27.474498045792359 ], [ 55.19142942303688, 27.467359662774868 ], [ 55.171947586051658, 27.456205939310053 ], [ 55.151722167502101, 27.443565052716565 ], [ 55.142059719667714, 27.436894844515166 ], [ 55.13316472335714, 27.433276540931104 ], [ 55.120048372865597, 27.432975015632508 ], [ 55.080548558741327, 27.432522727684614 ], [ 55.052338858786641, 27.432897429340642 ], [ 55.022298163588061, 27.433938443530678 ], [ 54.986141111463098, 27.436569332326769 ], [ 54.968954169439542, 27.437624670872026 ], [ 54.937897063677781, 27.439433822663943 ], [ 54.906990720565261, 27.441544499754627 ], [ 54.888140376667934, 27.442327754865346 ], [ 54.868541232255097, 27.44338309341066 ], [ 54.844720733661177, 27.445644533150642 ], [ 54.829041418130828, 27.445946058449238 ], [ 54.80003592318576, 27.447851443575871 ], [ 54.781000235139118, 27.448148876201628 ], [ 54.768061915919873, 27.449041174078786 ], [ 54.747539064744615, 27.452015500336074 ], [ 54.714595427118923, 27.457535849869657 ], [ 54.694179651688899, 27.461676112019688 ], [ 54.673621108598581, 27.465245303528434 ], [ 54.664661314805983, 27.465769546377203 ], [ 54.652600302859696, 27.46607107167597 ], [ 54.63073971870682, 27.466372596974566 ], [ 54.607823796008745, 27.46607107167597 ], [ 54.573525674000109, 27.46580000347825 ], [ 54.55166508984729, 27.465649240828725 ], [ 54.525281626214621, 27.463840089036808 ], [ 54.505531719152486, 27.462633987842253 ], [ 54.496938248140737, 27.460824836050165 ], [ 54.480182702397656, 27.457273109785206 ], [ 54.458321404406433, 27.453257769337881 ], [ 54.447613829880197, 27.452216755147845 ], [ 54.440772879488406, 27.452960336712181 ], [ 54.42456280138623, 27.453257769337881 ], [ 54.407584355667552, 27.457280902369916 ], [ 54.39405117119702, 27.459065498124289 ], [ 54.38623760752364, 27.459610630473719 ], [ 54.368471965384344, 27.460850093878662 ], [ 54.346450624845886, 27.460585378841756 ], [ 54.328359106926428, 27.456665549959155 ], [ 54.311172164902871, 27.453499534323157 ], [ 54.289827828609987, 27.449216504512719 ], [ 54.262583380806973, 27.443703602692153 ], [ 54.24268271109554, 27.43857767261494 ], [ 54.214188570372187, 27.43164259074581 ], [ 54.191574172972821, 27.428024287161975 ], [ 54.173012366482794, 27.425214984457 ], [ 54.147314187619827, 27.420646419325806 ], [ 54.120854581234994, 27.413032144107149 ], [ 54.097250328057157, 27.405227512007968 ], [ 54.081260350098034, 27.398565021191644 ], [ 54.070133362256854, 27.39394485031022 ], [ 54.048122015454908, 27.384145278103745 ], [ 54.028372108392773, 27.376607145637252 ], [ 53.999122876964805, 27.36605704293288 ], [ 53.986658474056583, 27.361531348358596 ], [ 53.980615805284287, 27.358101725541928 ], [ 53.979615269479325, 27.357533853868858 ], [ 53.972000994260668, 27.351823147454809 ], [ 53.969122308685428, 27.346641513419172 ], [ 53.956737593206299, 27.346436066389117 ], [ 53.938495312637485, 27.345983778441052 ], [ 53.919722697799614, 27.343598226015047 ], [ 53.90163879415519, 27.341694657210439 ], [ 53.868897410714965, 27.34340786913458 ], [ 53.847116930275888, 27.344036046840131 ], [ 53.827034279386567, 27.343845689959664 ], [ 53.812186442710356, 27.342893905557276 ], [ 53.792198970261268, 27.342989083997509 ], [ 53.786087721244598, 27.343563937741692 ], [ 53.77898062501481, 27.343545497159255 ], [ 53.764658173328485, 27.341284057419273 ], [ 53.753954025226221, 27.338570329731397 ], [ 53.741742250630409, 27.334198212900844 ], [ 53.725912172450933, 27.328016944278204 ], [ 53.708875993076674, 27.322438726253097 ], [ 53.701293393242963, 27.320071295802165 ], [ 53.690438482491174, 27.315548416322144 ], [ 53.684641238590984, 27.314132810253511 ], [ 53.677472894648929, 27.312382400686317 ], [ 53.659984427326606, 27.308613334453014 ], [ 53.643249773251171, 27.306954945310395 ], [ 53.632997913096744, 27.306351894713202 ], [ 53.623755172837036, 27.307288869350089 ], [ 53.613856615052725, 27.309573151915686 ], [ 53.593107715081942, 27.312238148242216 ], [ 53.569693818784629, 27.31947170969994 ], [ 53.552371342662127, 27.323659561070372 ], [ 53.540714363194525, 27.327936642228224 ], [ 53.511090073671937, 27.335669890497172 ], [ 53.498478930341037, 27.339120108955626 ], [ 53.481721205011524, 27.344665223919321 ], [ 53.462162035543656, 27.351660839276519 ], [ 53.458735611695204, 27.353231283540367 ], [ 53.445172683962085, 27.361226272519843 ], [ 53.444124549771118, 27.361731397431186 ], [ 53.433322968152993, 27.36693697893395 ], [ 53.416405000401483, 27.375717657284952 ], [ 53.411884024490462, 27.378573010491948 ], [ 53.427331652791963, 27.398851606774315 ], [ 53.433060633466368, 27.407143552487469 ], [ 53.446472270742674, 27.42174964241508 ], [ 53.457477277894498, 27.436026408450061 ], [ 53.458026230301755, 27.437295098457867 ], [ 53.464169511973523, 27.451492904987958 ], [ 53.466102824040775, 27.462349195827017 ], [ 53.465733586973045, 27.481517001042619 ], [ 53.468350994079344, 27.487703599657721 ], [ 53.468707913230332, 27.493176359971244 ], [ 53.468350994079344, 27.503051123145326 ], [ 53.461856868155394, 27.515832433990624 ], [ 53.451506212780146, 27.52308979005835 ], [ 53.44008479995216, 27.530466119176538 ], [ 53.430091063727673, 27.534392229836044 ], [ 53.410341537379281, 27.538794232696944 ], [ 53.399526802985406, 27.542164342634749 ], [ 53.383632003466346, 27.547018443086642 ], [ 53.36754684706699, 27.553585755462848 ], [ 53.357838646163145, 27.557868785273286 ], [ 53.343972646481745, 27.56418167149792 ], [ 53.335347100335582, 27.56864316088388 ], [ 53.323895944244896, 27.578161004907201 ], [ 53.318883157538608, 27.583321984445149 ], [ 53.307425196189627, 27.59885053732603 ], [ 53.300127106669379, 27.606855054030234 ], [ 53.305909196913831, 27.608996568935538 ], [ 53.31133436800701, 27.610709780859736 ], [ 53.319043821665957, 27.610709780859736 ], [ 53.323683770627326, 27.610067326388219 ], [ 53.331107688965574, 27.60742612467169 ], [ 53.34217763557416, 27.603474093810348 ], [ 53.357311007571127, 27.599286242440144 ], [ 53.364259033708151, 27.595764640151458 ], [ 53.369779383241735, 27.594622498868716 ], [ 53.374538305253395, 27.593480357585861 ], [ 53.388434357527444, 27.586913045209769 ], [ 53.394239413175512, 27.584466779033505 ], [ 53.404375917060463, 27.579898213902311 ], [ 53.418367147774745, 27.575829335582341 ], [ 53.430540704621421, 27.571461852932487 ], [ 53.442913901851739, 27.563371685512607 ], [ 53.45005228486923, 27.559564547903335 ], [ 53.45552504518264, 27.556352275545407 ], [ 53.463377266501823, 27.553377949288119 ], [ 53.469186521904589, 27.548837381846965 ], [ 53.473727921877128, 27.545287781868353 ], [ 53.478255657620593, 27.540564912296134 ], [ 53.488546826470838, 27.533783448429631 ], [ 53.500146698874289, 27.525098415758237 ], [ 53.508850118289672, 27.518674592091315 ], [ 53.522127510702205, 27.511393441413361 ], [ 53.534762448643278, 27.505682734999482 ], [ 53.547373591974122, 27.500638277667065 ], [ 53.553322244488697, 27.495998328705696 ], [ 53.561531384958869, 27.493142975498642 ], [ 53.579139396401899, 27.488740972637913 ], [ 53.592345404984258, 27.485052808078933 ], [ 53.605075521365507, 27.483149239274155 ], [ 53.619114341299849, 27.480174913016867 ], [ 53.626704967560329, 27.477011684003912 ], [ 53.638507094149247, 27.471396156030096 ], [ 53.650689934499155, 27.465495092735694 ], [ 53.6549260030651, 27.46435965167683 ], [ 53.65992224320172, 27.46302045328963 ], [ 53.674473007776839, 27.457972841368814 ], [ 53.690891288716955, 27.451691064313309 ], [ 53.702741004526104, 27.449549549408175 ], [ 53.720729729730067, 27.444552681295818 ], [ 53.725441062521725, 27.443553307673426 ], [ 53.735292031085805, 27.43998411616468 ], [ 53.746570676253441, 27.437128762957627 ], [ 53.74634126737061, 27.440622561604982 ], [ 53.745484661408454, 27.444048985453321 ], [ 53.734634319221811, 27.464750296204045 ], [ 53.727353168544028, 27.478027688616578 ], [ 53.720090620924907, 27.491759558081242 ], [ 53.711572150524034, 27.507987482141061 ], [ 53.699103774853597, 27.515221043598785 ], [ 53.694630388162693, 27.517410147724149 ], [ 53.68872932486812, 27.521026928452898 ], [ 53.679020042391073, 27.526079512606088 ], [ 53.67388040661848, 27.528934865813142 ], [ 53.671810275543578, 27.531361916038975 ], [ 53.671881659373582, 27.53293236030288 ], [ 53.678224408603057, 27.540352584852371 ], [ 53.693809878191246, 27.553320647334147 ], [ 53.706183075421563, 27.565098979312893 ], [ 53.712845566237888, 27.57009584742525 ], [ 53.715379971014613, 27.570730130010418 ], [ 53.717378718259624, 27.570730130010418 ], [ 53.723731879145191, 27.568160312124121 ], [ 53.731227181313443, 27.566090181049049 ], [ 53.738151412840466, 27.565447726577531 ], [ 53.746646088631337, 27.564091433804151 ], [ 53.755748121843794, 27.563498136833857 ], [ 53.767169534671893, 27.561285238098492 ], [ 53.781803219857636, 27.559143723193188 ], [ 53.790583430969264, 27.557002208288054 ], [ 53.796520186178668, 27.564973402657472 ], [ 53.800589064498809, 27.571326563543039 ], [ 53.808227134327467, 27.586317167879713 ], [ 53.817095142142136, 27.598703880268317 ], [ 53.82810014929413, 27.598257731329738 ], [ 53.840889752200439, 27.598703880268317 ], [ 53.862751050191491, 27.600934624961269 ], [ 53.886248227624094, 27.600785908648447 ], [ 53.89691244158098, 27.601381908049575 ], [ 53.911189207615962, 27.60252404933243 ], [ 53.934603103913275, 27.604808331898028 ], [ 53.947452193344645, 27.606807079142868 ], [ 53.958873606172801, 27.611090108953363 ], [ 53.973293139868076, 27.615658674084557 ], [ 53.978376101205754, 27.616594739623224 ], [ 53.98132663285304, 27.617832059346313 ], [ 53.983135023217415, 27.620877769433832 ], [ 53.987418053028023, 27.627445081809924 ], [ 53.997981380802116, 27.62773310183087 ], [ 54.011393841435108, 27.628137920341885 ], [ 54.02805006847592, 27.627186135939667 ], [ 54.037924831650173, 27.624806674933836 ], [ 54.047085756522563, 27.620047752922176 ], [ 54.064693767965764, 27.615169857860224 ], [ 54.085601478932404, 27.611273355266405 ], [ 54.104827523859512, 27.606704790135211 ], [ 54.124805478464452, 27.601432721734909 ], [ 54.141509294725495, 27.596578621283015 ], [ 54.157570656514849, 27.593509116585665 ], [ 54.171611855910214, 27.590710870442763 ], [ 54.184675096832223, 27.588069668726234 ], [ 54.190611852041798, 27.603934724982707 ], [ 54.196560504556373, 27.618955072581969 ], [ 54.200393563869739, 27.631734580805187 ], [ 54.205533199642332, 27.648367013235998 ], [ 54.207317795396705, 27.651150982612819 ], [ 54.212029128188192, 27.666141586949493 ], [ 54.218135000315158, 27.682388952330598 ], [ 54.224559545030957, 27.698236162629428 ], [ 54.230555786765592, 27.71222739334371 ], [ 54.23174589798225, 27.719059682497345 ], [ 54.237022590708762, 27.735492811274185 ], [ 54.242156922446497, 27.748004921438167 ], [ 54.245797497785418, 27.760354324058312 ], [ 54.247439325879384, 27.767207171755274 ], [ 54.244155669691338, 27.767207171755274 ], [ 54.229428248162833, 27.767122124050388 ], [ 54.217911656894614, 27.766931767170092 ], [ 54.211629879839279, 27.766741410289569 ], [ 54.198590433527272, 27.768073908452777 ], [ 54.189929195466107, 27.769216049735633 ], [ 54.17662205979093, 27.770529597835264 ], [ 54.164010916460086, 27.771064976561547 ], [ 54.152550675154657, 27.771333969821171 ], [ 54.158832452210163, 27.783326453290783 ], [ 54.165114229265669, 27.797698397765998 ], [ 54.169543968469895, 27.810409430389257 ], [ 54.172327937846717, 27.821545307896486 ], [ 54.174540836582082, 27.831967347101966 ], [ 54.175682977864938, 27.837178366704848 ], [ 54.178162724739821, 27.849241663174155 ], [ 54.178257903180054, 27.860282362241094 ], [ 54.178162724739821, 27.868848421862026 ], [ 54.178890009315637, 27.8876851400139 ], [ 54.16471832027861, 27.895374035129691 ], [ 54.155069510721603, 27.901253778453565 ], [ 54.146476039709682, 27.907284284426737 ], [ 54.134867315711404, 27.912711739802546 ], [ 54.120997151973143, 27.921455973463765 ], [ 54.11180063036403, 27.926883428839574 ], [ 54.106888113423395, 27.929780914369474 ], [ 54.098607589122992, 27.93506331780236 ], [ 54.087757246936519, 27.940202953574953 ], [ 54.076478601768827, 27.9432010744423 ], [ 54.064486118299442, 27.945913659988889 ], [ 54.049638281623174, 27.948911780856349 ], [ 54.035075980267493, 27.955050790251391 ], [ 54.027112923654613, 27.960437176130256 ], [ 54.017892512257049, 27.968021708086326 ], [ 54.004954193037861, 27.97649853791961 ], [ 53.996459983770478, 27.976497462353848 ], [ 53.980398256796263, 27.983040329789219 ], [ 53.964634327632666, 27.991368443309625 ], [ 53.951993459701612, 28.000074064776527 ], [ 53.959023610477971, 28.000073491336423 ], [ 53.953669838502719, 28.0041275372418 ], [ 53.946531455485228, 28.010076189756376 ], [ 53.940136654032017, 28.013645381265121 ], [ 53.936270029897571, 28.014686395455158 ], [ 53.930767526321574, 28.015132544393737 ], [ 53.926454753248493, 28.015132544393737 ], [ 53.920059951795338, 28.014835111768036 ], [ 53.914993859983156, 28.014719973317767 ], [ 53.913516434029304, 28.014686395455158 ], [ 53.899090951681444, 28.01200950182357 ], [ 53.888182510988656, 28.008717914098895 ], [ 53.881757966272914, 28.008432378778195 ], [ 53.867481200237933, 28.006861934514291 ], [ 53.85348996952365, 28.005291490250443 ], [ 53.841640253714559, 28.004006581307237 ], [ 53.836357850281672, 28.003292743005545 ], [ 53.833074194093626, 28.003292743005545 ], [ 53.827934558320976, 28.004434884288457 ], [ 53.823223225529546, 28.005005954929686 ], [ 53.817512519115496, 28.006290863872835 ], [ 53.813515024625758, 28.006290863872835 ], [ 53.798375734019885, 28.009411412816007 ], [ 53.785437414800526, 28.011047292257501 ], [ 53.779340045973242, 28.011344724883259 ], [ 53.771904230330051, 28.011642157508959 ], [ 53.762981251558188, 28.01327803695051 ], [ 53.756140301166397, 28.01327803695051 ], [ 53.743945563511545, 28.013129320637631 ], [ 53.732643123733851, 28.013426753263332 ], [ 53.722530414459072, 28.014467767453425 ], [ 53.713012570435751, 28.014913916392004 ], [ 53.708848513675548, 28.014913916392004 ], [ 53.7014126980323, 28.016103646894919 ], [ 53.695374815729906, 28.016127044928112 ], [ 53.68699911298944, 28.016698115569568 ], [ 53.681427934262047, 28.017317135428186 ], [ 53.675006629520055, 28.01803061373289 ], [ 53.665488785496734, 28.018220970613243 ], [ 53.658064867158544, 28.019553468776564 ], [ 53.651212019461752, 28.019553468776564 ], [ 53.646538047097806, 28.019553468776564 ], [ 53.640558377611285, 28.032794165497307 ], [ 53.638447700520771, 28.037015519678562 ], [ 53.637693887274111, 28.041236873859759 ], [ 53.637603219714947, 28.048153070018998 ], [ 53.637174916733954, 28.060002785827976 ], [ 53.635033401828821, 28.077563208051174 ], [ 53.633320189904452, 28.080561328918463 ], [ 53.622898150698973, 28.085700964691057 ], [ 53.619614494510927, 28.087128641294498 ], [ 53.599882672313811, 28.096242782598722 ], [ 53.587319118203141, 28.103952236257498 ], [ 53.582084303990257, 28.109758121111781 ], [ 53.575707348494689, 28.114326686242975 ], [ 53.572566459966936, 28.117277217890262 ], [ 53.570853248042795, 28.119751857336325 ], [ 53.570853248042795, 28.122512032103145 ], [ 53.571614675564547, 28.124130065587053 ], [ 53.573423065929092, 28.126604705033117 ], [ 53.58533338588893, 28.132608661989764 ], [ 53.599610151923912, 28.13317973263122 ], [ 53.619597624372773, 28.135107096046056 ], [ 53.633449894564308, 28.140731634245299 ], [ 53.635638998689615, 28.142635203050133 ], [ 53.639922028500109, 28.148250731023779 ], [ 53.650772370686809, 28.159957679172408 ], [ 53.662359156054549, 28.170551039570398 ], [ 53.666999105015975, 28.176832816625904 ], [ 53.672709811430025, 28.184756421775319 ], [ 53.676778689749995, 28.189324986906513 ], [ 53.686318927356695, 28.18594098218523 ], [ 53.69591291413218, 28.183199843106706 ], [ 53.703965010175978, 28.182171915952097 ], [ 53.723115561294719, 28.179552652144991 ], [ 53.731205728714656, 28.178362921642076 ], [ 53.745482494749638, 28.176340379787177 ], [ 53.768762230906532, 28.175266242418274 ], [ 53.787512383632475, 28.1734578520539 ], [ 53.805128104529217, 28.170997679730817 ], [ 53.813099298898862, 28.169688976177611 ], [ 53.825769928754937, 28.168142326523764 ], [ 53.83341676293162, 28.166801178659171 ], [ 53.853523208430943, 28.165373502055729 ], [ 53.867718655162605, 28.164671730515124 ], [ 53.87632715753972, 28.16424615729494 ], [ 53.89184124329762, 28.163675086653484 ], [ 53.898027841912892, 28.163199194452432 ], [ 53.903453013006072, 28.163008837571965 ], [ 53.90535658181085, 28.163960621974184 ], [ 53.906884680321355, 28.16874476315769 ], [ 53.905742539038442, 28.180880014287311 ], [ 53.906599145000598, 28.189874376889406 ], [ 53.908026821604039, 28.190873750511855 ], [ 53.912073428169094, 28.191468806120213 ], [ 53.9178024088435, 28.19086575552285 ], [ 53.934838588217701, 28.192674907314768 ], [ 53.943130533930855, 28.192674907314768 ], [ 53.957000697669287, 28.192674907314768 ], [ 53.974941452939333, 28.193881008509493 ], [ 53.979313569769886, 28.194031771158791 ], [ 53.987002464885677, 28.193428720561258 ], [ 53.995746698546895, 28.192674907314768 ], [ 54.002070032895631, 28.192675699996585 ], [ 54.013368216005063, 28.193151037344194 ], [ 54.019465584832687, 28.193745902595651 ], [ 54.022439911089975, 28.193745902595651 ], [ 54.023778357905769, 28.192704888405615 ], [ 54.024819372095806, 28.189135696896869 ], [ 54.025037602018472, 28.17810556570106 ], [ 54.026227332521387, 28.172008196873662 ], [ 54.026227332521387, 28.164126232291835 ], [ 54.027119630398602, 28.153716090391299 ], [ 54.028458077214395, 28.142116217987905 ], [ 54.028755509840096, 28.130516345584454 ], [ 54.030242672968768, 28.123526678879841 ], [ 54.033234845183642, 28.122479716037219 ], [ 54.046940540577168, 28.121718288515467 ], [ 54.056648741480956, 28.119624362830336 ], [ 54.069402652472263, 28.116197938981884 ], [ 54.08217504077129, 28.114476757449665 ], [ 54.088959359991122, 28.112969130956287 ], [ 54.09770359365217, 28.109953877969645 ], [ 54.104638675521301, 28.11115997916437 ], [ 54.1117245200399, 28.118396586332096 ], [ 54.113081383883753, 28.123070228461415 ], [ 54.114739773026429, 28.12593471879859 ], [ 54.117001212766411, 28.127743870590564 ], [ 54.120619516350303, 28.129553022382481 ], [ 54.124388582583606, 28.13045759827844 ], [ 54.128006886167498, 28.131362174174569 ], [ 54.13834389305066, 28.131980643679185 ], [ 54.142722101301331, 28.128649398270909 ], [ 54.144149777904772, 28.128268684509976 ], [ 54.147956915514214, 28.128173506069743 ], [ 54.150812268721097, 28.128554219830676 ], [ 54.154048335689083, 28.128649398270909 ], [ 54.156522975135147, 28.128649398270909 ], [ 54.159378328342143, 28.127983149189276 ], [ 54.162804752190482, 28.127602435428457 ], [ 54.173017398827426, 28.127031364787001 ], [ 54.175230297563019, 28.125746455843853 ], [ 54.177657347788852, 28.125389536692921 ], [ 54.181440690788122, 28.125675072013621 ], [ 54.184795730806343, 28.125532304353385 ], [ 54.189863982748761, 28.123819092429073 ], [ 54.202156278304926, 28.121713269438942 ], [ 54.215290903057223, 28.121142198797656 ], [ 54.21985946818819, 28.121998804759471 ] ] ] ] } },
{ "type": "Feature", "properties": { "Id": 0, "Base": 250000.0, "Name_sh": "فراشبند", "مرکز": "فراشبند", "area": 4839836507.9499998, "a4": 3, "توزیع": "0.92", "t": 0.92, "tt": 1.47 }, "geometry": { "type": "MultiPolygon", "coordinates": [ [ [ [ 52.116693782853815, 29.169066511607241 ], [ 52.126657775815886, 29.153302582443587 ], [ 52.136919201403373, 29.139620681660062 ], [ 52.142124272353783, 29.134713043335523 ], [ 52.152396513673239, 29.120566216301256 ], [ 52.158196449874936, 29.114766280099388 ], [ 52.168309159149715, 29.100340797751699 ], [ 52.177827003173036, 29.08710504590664 ], [ 52.186006400380563, 29.077735918196311 ], [ 52.193051497710826, 29.069201254241193 ], [ 52.198892790531261, 29.063052876980407 ], [ 52.196769121583543, 29.059198150150905 ], [ 52.191292530698433, 29.04836387383267 ], [ 52.190221773245753, 29.042415221318095 ], [ 52.190816638497211, 29.036109649652587 ], [ 52.194980695257414, 29.030042024087777 ], [ 52.200334482520532, 29.02373645242227 ], [ 52.213183571952072, 29.010530443839912 ], [ 52.226984419363816, 29.000123055892573 ], [ 52.219977729928758, 29.000124109537012 ], [ 52.228157037911103, 28.992541101630081 ], [ 52.238715896124518, 28.983320690232517 ], [ 52.242285087633263, 28.97752075403082 ], [ 52.247787591209203, 28.970382371013329 ], [ 52.256264421042488, 28.958633782296999 ], [ 52.264592534562894, 28.947331342519306 ], [ 52.276907807540283, 28.930918709794582 ], [ 52.2822378001934, 28.923875505217381 ], [ 52.28737743596605, 28.917974441922809 ], [ 52.29321306408292, 28.910663547982438 ], [ 52.297228404530131, 28.905309760719319 ], [ 52.303325773357699, 28.896238065634577 ], [ 52.306002666989116, 28.89043812943288 ], [ 52.314182064196814, 28.880622852783858 ], [ 52.321320447214305, 28.874674200269283 ], [ 52.330977724047273, 28.869647528807093 ], [ 52.337223809187606, 28.866524486236926 ], [ 52.340495568070594, 28.86340144366676 ], [ 52.344064759579339, 28.855519479084933 ], [ 52.346890369523805, 28.846745216625948 ], [ 52.349757665101265, 28.83696294298079 ], [ 52.351244828229937, 28.831311723091972 ], [ 52.351988409794274, 28.827593815270347 ], [ 52.353178140297189, 28.821199013817193 ], [ 52.353921721861468, 28.818670836498484 ], [ 52.356003750241598, 28.814060630799702 ], [ 52.361803686443295, 28.806773531469332 ], [ 52.371470246779495, 28.797999269010347 ], [ 52.38470599862444, 28.786101963981196 ], [ 52.395260425392166, 28.776764697614169 ], [ 52.400168063716706, 28.77215449191533 ], [ 52.409834624052905, 28.766057123087933 ], [ 52.421880645394879, 28.760703335824815 ], [ 52.433629234111208, 28.756687995377433 ], [ 52.447459851207554, 28.75222650599153 ], [ 52.463223780371209, 28.748954747108485 ], [ 52.47684088440559, 28.744991442348919 ], [ 52.486656161054668, 28.742017116091631 ], [ 52.49828281737058, 28.738305764209088 ], [ 52.50946976488666, 28.73301396312803 ], [ 52.527077776329861, 28.722782280803017 ], [ 52.532874866961777, 28.714293683806488 ], [ 52.533740267146186, 28.713026490679169 ], [ 52.533264374944963, 28.708505514768035 ], [ 52.528743399033829, 28.703508646655848 ], [ 52.528267506832776, 28.699939455147103 ], [ 52.529933129536744, 28.673765384082969 ], [ 52.531598752240825, 28.652588181131023 ], [ 52.53017107563744, 28.644498013711143 ], [ 52.5254941339889, 28.634341458901645 ], [ 52.521122017158348, 28.622732734903252 ], [ 52.517956001522407, 28.614139263891445 ], [ 52.517503713574513, 28.605847318178292 ], [ 52.51931286536643, 28.595444695374624 ], [ 52.523835744846224, 28.581725294285661 ], [ 52.532356651815235, 28.555974272352728 ], [ 52.535307183462521, 28.544790805625269 ], [ 52.537591466028118, 28.532798322155884 ], [ 52.536734860065962, 28.523803959553788 ], [ 52.533869412175932, 28.507065352688755 ], [ 52.529110490164271, 28.487672745491352 ], [ 52.524943054569462, 28.475516827180456 ], [ 52.518102104177672, 28.458563167513944 ], [ 52.511558586411638, 28.444286401478962 ], [ 52.509773990657266, 28.439378763154423 ], [ 52.507245813338614, 28.427332741812393 ], [ 52.505061914284113, 28.417310760754731 ], [ 52.500744971732558, 28.393134576437149 ], [ 52.497159703697776, 28.386562057476226 ], [ 52.49387604750973, 28.380851351062347 ], [ 52.485024452567927, 28.366003514385966 ], [ 52.48017569989463, 28.356769650921876 ], [ 52.474673196318633, 28.345913360082761 ], [ 52.470657855871309, 28.33609808343374 ], [ 52.466196366485349, 28.324498211030289 ], [ 52.463816905479518, 28.31884699114147 ], [ 52.457969274904713, 28.307673551498794 ], [ 52.45588724652464, 28.303360778425713 ], [ 52.454626728773121, 28.299159052587356 ], [ 52.453656501831688, 28.295924962782465 ], [ 52.450087310322942, 28.284622523004771 ], [ 52.44622068618844, 28.273766232165713 ], [ 52.44339507624403, 28.266330416522464 ], [ 52.442205345741115, 28.261125345572225 ], [ 52.441259810428335, 28.253213427421883 ], [ 52.439475214673962, 28.245628895465813 ], [ 52.438481789703928, 28.233741504857562 ], [ 52.439433574106317, 28.20899511039687 ], [ 52.440766072269525, 28.200048337015005 ], [ 52.442479284193837, 28.191672634274369 ], [ 52.444382852998444, 28.18291621777297 ], [ 52.446667135564041, 28.174921228793323 ], [ 52.452322003959807, 28.157063418361304 ], [ 52.455337256946336, 28.149826811193407 ], [ 52.456392595491593, 28.144399355817654 ], [ 52.456844883439658, 28.138971900441675 ], [ 52.457297171387552, 28.129624616183378 ], [ 52.455789544894401, 28.118769705431646 ], [ 52.453980393102427, 28.114548351250392 ], [ 52.451115902765082, 28.104296491096022 ], [ 52.44742944733207, 28.090194000630618 ], [ 52.44460383738766, 28.08201460342309 ], [ 52.443116674258988, 28.077106965098551 ], [ 52.440588496940336, 28.072199326774069 ], [ 52.438060319621627, 28.067886553700987 ], [ 52.427055312469633, 28.057030262861872 ], [ 52.423783553586645, 28.054353369230341 ], [ 52.417091319507733, 28.048553433028587 ], [ 52.411886248557494, 28.044984241519842 ], [ 52.407276042858712, 28.041861198949732 ], [ 52.405194014478582, 28.040225319508181 ], [ 52.403706851349966, 28.038589440066687 ], [ 52.399244604862758, 28.033948878213891 ], [ 52.396008537894772, 28.032045309409227 ], [ 52.389536403958971, 28.029285134642464 ], [ 52.379447489294193, 28.026810495196401 ], [ 52.368406790227255, 28.023955141989347 ], [ 52.360281649514434, 28.021643631338748 ], [ 52.354908685949567, 28.023178763785836 ], [ 52.343487273121582, 28.024368494288751 ], [ 52.330876129790568, 28.026510009194055 ], [ 52.311602495643399, 28.030555092903853 ], [ 52.301648544006923, 28.033167931445121 ], [ 52.283406263437996, 28.04025377596372 ], [ 52.268480761154422, 28.04718885783285 ], [ 52.255665935961474, 28.054726990299343 ], [ 52.24526331315775, 28.06437579985635 ], [ 52.235916028899339, 28.075079947958841 ], [ 52.230333385076563, 28.083870468085024 ], [ 52.228102640383554, 28.087142226968069 ], [ 52.223938583623351, 28.094578042611261 ], [ 52.212189994907249, 28.106772780266169 ], [ 52.201184987755141, 28.116290624289491 ], [ 52.180959569205584, 28.129526376134436 ], [ 52.164578467343574, 28.145104409907049 ], [ 52.158332382203241, 28.15224279292454 ], [ 52.14881453817992, 28.165627261082363 ], [ 52.141081289910971, 28.177673282424337 ], [ 52.129235904540792, 28.198324815151295 ], [ 52.123356161216975, 28.213250317434813 ], [ 52.120190145580978, 28.219883874005347 ], [ 52.119737857633083, 28.224406753485141 ], [ 52.120039382931679, 28.233150987146416 ], [ 52.119285569685019, 28.238427679872927 ], [ 52.119960242058653, 28.2460482844578 ], [ 52.120257674684353, 28.252740518536655 ], [ 52.119960242058653, 28.262704511498612 ], [ 52.118324362617102, 28.275494114404921 ], [ 52.115498752672693, 28.287837568372652 ], [ 52.113862873231199, 28.292001625132855 ], [ 52.11133469591249, 28.298396426586066 ], [ 52.106934358674437, 28.309703415893182 ], [ 52.097713947276873, 28.330077550755618 ], [ 52.087898670627794, 28.352979862936763 ], [ 52.082396167051797, 28.365918182155951 ], [ 52.075296961859749, 28.381966445012495 ], [ 52.068060354691852, 28.401414826776033 ], [ 52.065648152302572, 28.407445332749205 ], [ 52.061577560770786, 28.414531177267634 ], [ 52.058138846086592, 28.42673306808274 ], [ 52.056903918641467, 28.431115068693828 ], [ 52.054491716252187, 28.438200913212427 ], [ 52.049631143666318, 28.462670293995359 ], [ 52.043920437252439, 28.494269536152615 ], [ 52.038780801479845, 28.515399149884558 ], [ 52.035354377631336, 28.534054124170268 ], [ 52.032641792084803, 28.547627759477905 ], [ 52.031499650802061, 28.562094882393353 ], [ 52.028644297595065, 28.576752362189325 ], [ 52.022172163659206, 28.600356615367104 ], [ 52.019380262745585, 28.612416516898406 ], [ 52.015382768255847, 28.627264353574844 ], [ 52.011385273766109, 28.640589335207437 ], [ 52.007578136156667, 28.65143967739408 ], [ 52.001106002220865, 28.665335729668129 ], [ 51.996918150850661, 28.675424644332679 ], [ 51.994253154524074, 28.687417127802121 ], [ 51.9924447641597, 28.69821988076859 ], [ 51.988637626550258, 28.715827892211792 ], [ 51.983164866236905, 28.733197957554296 ], [ 51.980071566929325, 28.749616238494639 ], [ 51.97650237542058, 28.767462196038366 ], [ 51.972560845853707, 28.78687079321378 ], [ 51.965173476036512, 28.813254256846449 ], [ 51.960952121855257, 28.825315268792792 ], [ 51.956730767674003, 28.834210265103138 ], [ 51.950183556984484, 28.842739281275215 ], [ 51.940233222128882, 28.851031226988425 ], [ 51.928172210182368, 28.86324300158401 ], [ 51.923649330702574, 28.867765881064031 ], [ 51.913095945249552, 28.882842145996847 ], [ 51.905859338081655, 28.895204683241957 ], [ 51.901185695952506, 28.907114932539002 ], [ 51.894948938299422, 28.927906234504917 ], [ 51.891082314164976, 28.943372731042814 ], [ 51.888952696564672, 28.950570600585365 ], [ 51.880196280063274, 28.965037723500814 ], [ 51.870678436039952, 28.979124132655329 ], [ 51.863825588343161, 28.989465841257356 ], [ 51.846090351677617, 29.000180333570995 ], [ 51.83374679059483, 29.010621746903496 ], [ 51.827798138080254, 29.016570399418072 ], [ 51.817834145118354, 29.024154931374198 ], [ 51.80727528690494, 29.033077910146062 ], [ 51.795080549250088, 29.044380349923756 ], [ 51.799446860195928, 29.048443279591311 ], [ 51.804015425327123, 29.052869077062041 ], [ 51.807727384496161, 29.057580409853642 ], [ 51.813153637162543, 29.066762966189742 ], [ 51.816580061010995, 29.072045369622799 ], [ 51.817864969954201, 29.079207547250348 ], [ 51.816437293350589, 29.088487445172973 ], [ 51.814758923047236, 29.093242827699498 ], [ 51.825642545051892, 29.103779741362473 ], [ 51.834537541362295, 29.113428550919537 ], [ 51.846297028009985, 29.123228123126012 ], [ 51.865375308408488, 29.136254847252985 ], [ 51.878943946848153, 29.14364221707018 ], [ 51.886180554016107, 29.148315859199329 ], [ 51.895075550326453, 29.153592551925954 ], [ 51.896728089096086, 29.154394519270056 ], [ 51.905327410480993, 29.158567719353698 ], [ 51.913770118843331, 29.16293983618425 ], [ 51.927338757282996, 29.168819579508124 ], [ 51.939701294528049, 29.174548560182643 ], [ 51.962540113171656, 29.181544765646152 ], [ 51.968191333060474, 29.183478077713403 ], [ 51.987821886358574, 29.186749836596391 ], [ 51.99823202825911, 29.187790850786484 ], [ 52.012508794294092, 29.188088283412185 ], [ 52.029759886586362, 29.188236999725063 ], [ 52.040170028486841, 29.187344701847849 ], [ 52.051815507226252, 29.185488722263301 ], [ 52.068233788166538, 29.181919530754556 ], [ 52.086079745710265, 29.177636500944061 ], [ 52.108637036045423, 29.171783026869718 ], [ 52.116693782853815, 29.169066511607241 ] ] ] ] } },
{ "type": "Feature", "properties": { "Id": 0, "Base": 250000.0, "Name_sh": "خرم بید", "مرکز": "صفاشهر", "area": 2699433761.75, "a4": 14, "توزیع": "1.01", "t": 1.01, "tt": 1.45 }, "geometry": { "type": "MultiPolygon", "coordinates": [ [ [ [ 53.422677340676103, 30.782442555507942 ], [ 53.429781953914244, 30.770882510174317 ], [ 53.439430763471478, 30.758218447630611 ], [ 53.447722709184461, 30.749474213969563 ], [ 53.450194728057284, 30.747059683907821 ], [ 53.442304493768063, 30.740975801835532 ], [ 53.433452898826431, 30.733837418818041 ], [ 53.423830836603145, 30.72752277059044 ], [ 53.414598527900353, 30.721716885736328 ], [ 53.405271040757555, 30.716291714642978 ], [ 53.396990516457322, 30.711342435750851 ], [ 53.38610448235562, 30.705488961676508 ], [ 53.377681190394981, 30.70013517441339 ], [ 53.37389784739571, 30.697279821206337 ], [ 53.367901605660961, 30.693425094377062 ], [ 53.358741401837392, 30.685911946250997 ], [ 53.351031948178445, 30.678202492592106 ], [ 53.345464009424859, 30.670921341914323 ], [ 53.33704071746422, 30.662069746972691 ], [ 53.329474031465566, 30.655216899275729 ], [ 53.322335648448075, 30.648935122220394 ], [ 53.315433799477319, 30.642362535372456 ], [ 53.306272874604929, 30.634986206254496 ], [ 53.297587841933591, 30.627490904086017 ], [ 53.290687405016797, 30.621542251571441 ], [ 53.282478264546626, 30.614046949403019 ], [ 53.277362423384034, 30.608098296888443 ], [ 53.276374685845155, 30.60675805156859 ], [ 53.276740010675098, 30.601902254697336 ], [ 53.280965933421385, 30.593678837461255 ], [ 53.284106821949138, 30.589966878292046 ], [ 53.289189350657637, 30.585626741417457 ], [ 53.290160170747924, 30.584770135455301 ], [ 53.297271189963851, 30.578164751703127 ], [ 53.308478451301312, 30.56981284357272 ], [ 53.318115268374925, 30.564030753328439 ], [ 53.327609317788188, 30.558462814574852 ], [ 53.338912747421716, 30.551584078342273 ], [ 53.348049877684105, 30.547657967682767 ], [ 53.364039855643227, 30.540019897854052 ], [ 53.373819440377247, 30.53559410038315 ], [ 53.375704506493094, 30.534787444066467 ], [ 53.373039510166507, 30.526411741326058 ], [ 53.370374513839977, 30.516608361982037 ], [ 53.36868192391114, 30.505910978278735 ], [ 53.369128072849719, 30.500705907328268 ], [ 53.37076395229127, 30.491336779617825 ], [ 53.374333143800015, 30.484198396600334 ], [ 53.378943349498968, 30.479736907214601 ], [ 53.385479953458571, 30.475799650342424 ], [ 53.394617083720959, 30.47123108521123 ], [ 53.402612072700606, 30.46789983980301 ], [ 53.410987775441015, 30.463331274671816 ], [ 53.418126158458506, 30.457525389817533 ], [ 53.42002972726317, 30.454670036610651 ], [ 53.421362225426492, 30.451529148082898 ], [ 53.420642549513673, 30.449086721251092 ], [ 53.419214872910288, 30.447849401528174 ], [ 53.416169162822769, 30.446421724924562 ], [ 53.411790954572041, 30.44566029740281 ], [ 53.399417757341723, 30.44566029740281 ], [ 53.388662593595257, 30.444518156119898 ], [ 53.381714567458232, 30.441948338233601 ], [ 53.376352848658485, 30.438329274183559 ], [ 53.370999061395366, 30.433213433021137 ], [ 53.366716031584872, 30.426253509579112 ], [ 53.364871949305268, 30.420245370539305 ], [ 53.362906514514577, 30.405867873988313 ], [ 53.362049908552365, 30.388664370916274 ], [ 53.361319414023683, 30.36960052591445 ], [ 53.361081467922986, 30.360320627991655 ], [ 53.361795306224906, 30.34866126906303 ], [ 53.363460928928816, 30.335336287430437 ], [ 53.362859293269707, 30.316609611332069 ], [ 53.362859293269707, 30.310880630657493 ], [ 53.350805249250413, 30.309783436073587 ], [ 53.344774743277242, 30.308125046930797 ], [ 53.334673645772114, 30.308125046930797 ], [ 53.32879390244824, 30.308125046930797 ], [ 53.314169925463318, 30.304959031295027 ], [ 53.300601287023653, 30.299682338568516 ], [ 53.295023068998546, 30.296817848231115 ], [ 53.291103240115945, 30.296667085581817 ], [ 53.293816967803821, 30.289581241063388 ], [ 53.295324594297142, 30.282947684492854 ], [ 53.298715345266032, 30.271959257425237 ], [ 53.302333648850095, 30.261255109322747 ], [ 53.308364154823266, 30.245274268493802 ], [ 53.315299236692397, 30.228388851769068 ], [ 53.318745957608542, 30.218844086155059 ], [ 53.302075440845783, 30.219712716935874 ], [ 53.279089847529463, 30.220426555237623 ], [ 53.259687722487911, 30.220438452542794 ], [ 53.236273826190597, 30.220533630982857 ], [ 53.22618491152582, 30.220057738781861 ], [ 53.217142959703665, 30.220248095662328 ], [ 53.216682676766766, 30.230212684441142 ], [ 53.216325757615834, 30.234138795100819 ], [ 53.204190506486157, 30.23996847456516 ], [ 53.193938724926113, 30.243497392494589 ], [ 53.184611237783315, 30.245972031940653 ], [ 53.176996962564601, 30.248065957625784 ], [ 53.174998215319761, 30.249588812669401 ], [ 53.173570538716149, 30.253110414958144 ], [ 53.175949999721979, 30.26614986126998 ], [ 53.178053695618189, 30.275476158682409 ], [ 53.179481372221801, 30.284684672774972 ], [ 53.181908422447691, 30.298247600508262 ], [ 53.186105196796689, 30.314278077374354 ], [ 53.189436442204908, 30.32700819375566 ], [ 53.192558481594233, 30.338092058148902 ], [ 53.194176515078141, 30.340852232915665 ], [ 53.176378146754644, 30.342660623280096 ], [ 53.1640525387445, 30.343940773301256 ], [ 53.144184039345703, 30.345011530753936 ], [ 53.124910405198534, 30.346439207357321 ], [ 53.115110547456709, 30.347096224130269 ], [ 53.10868600274091, 30.346858278029742 ], [ 53.089650314694268, 30.34876184683435 ], [ 53.071328464949545, 30.349713631236739 ], [ 53.061096782624304, 30.350070550387557 ], [ 53.04241801372865, 30.349356712085807 ], [ 53.025419018119464, 30.349396279638086 ], [ 53.013365234748562, 30.349266433407763 ], [ 53.011271309063432, 30.34888571964683 ], [ 52.99699454302845, 30.348314649005374 ], [ 52.976617981115851, 30.345867420950128 ], [ 52.95732036200161, 30.343153693262252 ], [ 52.945862400652629, 30.342550642664889 ], [ 52.93259528751156, 30.341043016171568 ], [ 52.907568687722915, 30.339083101730296 ], [ 52.900779840720702, 30.339372262976212 ], [ 52.900222663420323, 30.341174895418249 ], [ 52.897508935732219, 30.344190148404948 ], [ 52.886662476826075, 30.354430130289927 ], [ 52.879124344359582, 30.360611398912397 ], [ 52.870983161295896, 30.367395718132229 ], [ 52.861183589089364, 30.376139951793505 ], [ 52.852288592779018, 30.387296387843833 ], [ 52.844901222961823, 30.398754349192814 ], [ 52.837973565011055, 30.411230719852426 ], [ 52.830736957843158, 30.426306984785242 ], [ 52.825007977168752, 30.437915708783692 ], [ 52.820276454530358, 30.447267805598131 ], [ 52.823528192292088, 30.450567901698548 ], [ 52.832474965673953, 30.456278608112598 ], [ 52.844848162904327, 30.465035024613996 ], [ 52.85879180439855, 30.476028134460989 ], [ 52.867357864019482, 30.483880355780173 ], [ 52.88211052225563, 30.496729445211713 ], [ 52.890200689675396, 30.506723181436257 ], [ 52.898290857095276, 30.518144594264186 ], [ 52.907989616297755, 30.534512722511636 ], [ 52.91296478372567, 30.544010769419401 ], [ 52.918543001750947, 30.560896186144134 ], [ 52.918693764400246, 30.563157625884116 ], [ 52.909044954843068, 30.567378980065371 ], [ 52.89442097785809, 30.573861773986607 ], [ 52.880550814119829, 30.581550669102398 ], [ 52.87105276721212, 30.587882700374166 ], [ 52.860190115280545, 30.596251296457808 ], [ 52.853527624464277, 30.605388426720197 ], [ 52.846294063006553, 30.612431631297454 ], [ 52.839821929070752, 30.618903765233426 ], [ 52.83810871714644, 30.623853044125383 ], [ 52.838870144668363, 30.632038389985553 ], [ 52.842677282277577, 30.64479230097686 ], [ 52.847626561169761, 30.655537946879178 ], [ 52.857144405193083, 30.66772078722903 ], [ 52.871421171228064, 30.684472192710075 ], [ 52.881129372131852, 30.698177888103658 ], [ 52.88779186294812, 30.710931799094965 ], [ 52.892170071199018, 30.723685710086102 ], [ 52.894939027763144, 30.734658591341997 ], [ 52.896446654256465, 30.743402825003045 ], [ 52.897200467502955, 30.764961883857097 ], [ 52.896446654256465, 30.780791962036744 ], [ 52.894637502464377, 30.791948398087129 ], [ 52.891380420096823, 30.803900678183254 ], [ 52.889420505655607, 30.808875845611169 ], [ 52.88459610087699, 30.817469316622919 ], [ 52.874796528670629, 30.833299394802623 ], [ 52.869914698869422, 30.836734806572053 ], [ 52.882093573450959, 30.834870625057647 ], [ 52.889380672781328, 30.833680894554732 ], [ 52.898749800491771, 30.830706568297444 ], [ 52.90573946719644, 30.82907068885595 ], [ 52.917934204851292, 30.825501497347204 ], [ 52.930426375131901, 30.821634873212759 ], [ 52.943810843289725, 30.817619532765377 ], [ 52.957527369436946, 30.814037813033906 ], [ 52.965677023381886, 30.811063486776618 ], [ 52.974124109952584, 30.80779172789363 ], [ 52.983047088724447, 30.804638942060876 ], [ 52.991764658722389, 30.802408531453921 ], [ 53.004756515814222, 30.799767329737335 ], [ 53.015749625661158, 30.796697825039814 ], [ 53.024743988263253, 30.793485552682057 ], [ 53.037450310034387, 30.789154933651389 ], [ 53.043874854750129, 30.787013418746028 ], [ 53.053226136502985, 30.783729762558039 ], [ 53.064147862519746, 30.780588874030457 ], [ 53.066270810284152, 30.779926152943915 ], [ 53.074271155637121, 30.777428683314952 ], [ 53.080172218931466, 30.776381720472443 ], [ 53.093116486803297, 30.775239579189588 ], [ 53.10130183266341, 30.774954043868888 ], [ 53.108059501919911, 30.775715471390811 ], [ 53.121765197313493, 30.779808144320782 ], [ 53.131092684456291, 30.784471887892209 ], [ 53.145703091783844, 30.79417143621049 ], [ 53.162359318824656, 30.806961039116857 ], [ 53.174405340166686, 30.819601925710288 ], [ 53.185834263919503, 30.832677784986174 ], [ 53.193686485238686, 30.840411033255123 ], [ 53.200230003004719, 30.846954551021156 ], [ 53.21307909243626, 30.85932774825153 ], [ 53.224143586113257, 30.871344026330917 ], [ 53.235168512238204, 30.884946792009771 ], [ 53.243343502203174, 30.895814781760237 ], [ 53.245618623333939, 30.894812645071568 ], [ 53.257069779424512, 30.890053723059907 ], [ 53.290453437074007, 30.87009515264981 ], [ 53.294165396243159, 30.869238546687825 ], [ 53.314438404012776, 30.859244810463338 ], [ 53.328286867066765, 30.853248568728532 ], [ 53.341421491818835, 30.847537862314653 ], [ 53.353651921388916, 30.841280889337611 ], [ 53.365644404858301, 30.835141879942512 ], [ 53.373639393837777, 30.831144385452774 ], [ 53.382490988779637, 30.827575193944028 ], [ 53.388772765834972, 30.824577073076739 ], [ 53.393341330966109, 30.820294043266131 ], [ 53.400816042685051, 30.8129293996451 ], [ 53.405574964696712, 30.806980747130524 ], [ 53.413903078217118, 30.796719321542923 ], [ 53.422677340676103, 30.782442555507942 ] ] ] ] } },
{ "type": "Feature", "properties": { "Id": 0, "Base": 250000.0, "Name_sh": "مرودشت", "مرکز": "مرودشت", "area": 3645756221.4400001, "a4": 15, "توزیع": "6.67", "t": 6.67, "tt": 8.87 }, "geometry": { "type": "MultiPolygon", "coordinates": [ [ [ [ 52.80269311021317, 30.240105683386787 ], [ 52.802680124302526, 30.239768049711813 ], [ 52.808985695967863, 30.234009754077704 ], [ 52.814934348482439, 30.230083643418027 ], [ 52.824333219455525, 30.224491910054383 ], [ 52.83361311737832, 30.218781203640333 ], [ 52.846585938782084, 30.213779985200404 ], [ 52.852510796686488, 30.211924005615799 ], [ 52.859649179703979, 30.209996642200963 ], [ 52.868268176323681, 30.205626365487149 ], [ 52.882308164164783, 30.193086077217288 ], [ 52.891806211072549, 30.186150995348157 ], [ 52.897836717045664, 30.182683454413393 ], [ 52.907334763953429, 30.176652948440278 ], [ 52.910953067537434, 30.173637695453749 ], [ 52.917888149406565, 30.165647275039362 ], [ 52.921506452990457, 30.158712193170061 ], [ 52.922260266237117, 30.151626348651632 ], [ 52.921795034021159, 30.136528154606083 ], [ 52.922699609917288, 30.127934683594276 ], [ 52.923754948462374, 30.122507228218296 ], [ 52.926619438799776, 30.11527062105057 ], [ 52.932499182123649, 30.109390877726753 ], [ 52.947123159108571, 30.09506842604037 ], [ 52.960239509600171, 30.082705888795488 ], [ 52.971742642637025, 30.071837053437889 ], [ 52.978434876715937, 30.064103805168941 ], [ 52.985870692359128, 30.056221840587114 ], [ 52.99747056476258, 30.04491940080942 ], [ 53.005501245657229, 30.039565613546301 ], [ 53.017547266999259, 30.029899053210102 ], [ 53.030188153592746, 30.021422223376874 ], [ 53.038387587123793, 30.017299097794933 ], [ 53.050665605913764, 30.01173115904129 ], [ 53.057375685950262, 30.009018573494529 ], [ 53.063942998326297, 30.006448755608233 ], [ 53.0725090579474, 30.001309119835582 ], [ 53.076363648353151, 29.999731486720236 ], [ 53.075458843417664, 29.99973119360078 ], [ 53.08459640500115, 29.994259524243716 ], [ 53.093590767603246, 29.991118635715964 ], [ 53.104918876717818, 29.985405189316566 ], [ 53.112342795056009, 29.978837876940531 ], [ 53.11648305720621, 29.973983776488637 ], [ 53.123193137242708, 29.964561110905549 ], [ 53.127190631732446, 29.956994424906895 ], [ 53.136046577001821, 29.93821535812458 ], [ 53.137377935290488, 29.935655053723394 ], [ 53.143779825270769, 29.923343726838141 ], [ 53.151632046589953, 29.911922314010212 ], [ 53.156509941651905, 29.905259823193887 ], [ 53.162159629312157, 29.899291672318157 ], [ 53.170725688933089, 29.890582845036818 ], [ 53.182289869421481, 29.879018664548596 ], [ 53.188286111156117, 29.875021170058687 ], [ 53.19885091802206, 29.868596625343059 ], [ 53.206560371681007, 29.864599130853151 ], [ 53.211128936812145, 29.863171454249709 ], [ 53.216125804924332, 29.860887171684112 ], [ 53.228714872144849, 29.853554472026531 ], [ 53.235258389910882, 29.844928925880424 ], [ 53.239571162983964, 29.836005947108561 ], [ 53.239273730358207, 29.8312470250969 ], [ 53.237042985665255, 29.826339386772361 ], [ 53.232135347340716, 29.819647152693449 ], [ 53.227376425329055, 29.815036946994667 ], [ 53.220089325998686, 29.8116164717988 ], [ 53.20863816990817, 29.808195996602876 ], [ 53.201945935829258, 29.807452415038597 ], [ 53.183505113034073, 29.807006266099961 ], [ 53.173094971133537, 29.807006266099961 ], [ 53.165807871803224, 29.805965251909925 ], [ 53.159724923951444, 29.804391450262699 ], [ 53.155858299817169, 29.802160705569747 ], [ 53.149612214676665, 29.798591514061002 ], [ 53.142325115346523, 29.793535159423584 ], [ 53.13816105858632, 29.789668535289138 ], [ 53.133550852887311, 29.784909613277478 ], [ 53.13117139188148, 29.781786570707311 ], [ 53.126540633288016, 29.77265503127694 ], [ 53.125797051723509, 29.769531988706774 ], [ 53.125797051723509, 29.76343461987932 ], [ 53.125945768036559, 29.756593669487586 ], [ 53.126540633288016, 29.750496300660132 ], [ 53.128027796416518, 29.745737378648471 ], [ 53.131449461342982, 29.736273721441762 ], [ 53.136018026474176, 29.726993823518967 ], [ 53.141585965227819, 29.713859198766727 ], [ 53.142585338850211, 29.709718936616696 ], [ 53.143013641831203, 29.704579300844046 ], [ 53.142299803529511, 29.7007245740146 ], [ 53.139016147341465, 29.694585564619558 ], [ 53.135732491153476, 29.688446555224516 ], [ 53.133305440927586, 29.689160393526208 ], [ 53.124596613646247, 29.69330065567641 ], [ 53.110748150592258, 29.699154129750752 ], [ 53.097632183386054, 29.705621067232244 ], [ 53.075384222981597, 29.71632864175848 ], [ 53.054682912230874, 29.728463892888158 ], [ 53.039811280944434, 29.736197141157106 ], [ 53.038371954541276, 29.736948847877954 ], [ 53.022888566288543, 29.745035246477585 ], [ 53.000045740632459, 29.755504874903295 ], [ 52.970421451109985, 29.769781640938277 ], [ 52.961386491609801, 29.773913142565334 ], [ 52.955198473778864, 29.776742796172016 ], [ 52.933117075644702, 29.785213677352885 ], [ 52.920553521534032, 29.791209919087521 ], [ 52.905090990764279, 29.797087187771865 ], [ 52.894145470137573, 29.800323254739851 ], [ 52.881391559146266, 29.803273786386967 ], [ 52.868732826595362, 29.80641467491472 ], [ 52.861975157338804, 29.807842351518275 ], [ 52.847900536610894, 29.811307512568476 ], [ 52.843833930315668, 29.812308707983391 ], [ 52.818403440815814, 29.817959927872437 ], [ 52.810712915506429, 29.819925667525467 ], [ 52.785239703047068, 29.826436757705551 ], [ 52.769475773883471, 29.831344396030033 ], [ 52.767642061860329, 29.831916411167526 ], [ 52.754539373668479, 29.836003713804132 ], [ 52.753217829226571, 29.836189555991325 ], [ 52.744890564111245, 29.837360577647985 ], [ 52.731472688321105, 29.839471254738726 ], [ 52.716999473985425, 29.840828118582579 ], [ 52.699511006663158, 29.840677355933281 ], [ 52.690917535651408, 29.839772780037322 ], [ 52.676806836959031, 29.840911038039849 ], [ 52.665801163557944, 29.842267901883702 ], [ 52.656001591351469, 29.844378578974386 ], [ 52.648463458884976, 29.847092306662319 ], [ 52.635210956650155, 29.853059845091025 ], [ 52.631165872940187, 29.854963413895689 ], [ 52.617364999106428, 29.861625904711957 ], [ 52.602136448669057, 29.870667856534055 ], [ 52.587145844332326, 29.87970980835621 ], [ 52.578103892510228, 29.886134353071952 ], [ 52.574296754900786, 29.89113122118431 ], [ 52.570489617291514, 29.898269604201801 ], [ 52.565730695279854, 29.907787448225122 ], [ 52.562875342072857, 29.912784316337309 ], [ 52.557402581759447, 29.919208861053107 ], [ 52.555261066854143, 29.923253944763019 ], [ 52.546123440870815, 29.93129367256671 ], [ 52.538241476288988, 29.939026920835659 ], [ 52.529169781204075, 29.94854476485898 ], [ 52.520692951370847, 29.958657474133759 ], [ 52.514863271906677, 29.963922031609059 ], [ 52.510401782520773, 29.969573251498048 ], [ 52.50385826475474, 29.973142443006793 ], [ 52.496922133291207, 29.973380692696651 ], [ 52.488690534620616, 29.985561937073385 ], [ 52.4827894713261, 29.995079781096706 ], [ 52.48031521418892, 29.999552333436782 ], [ 52.487599353515861, 29.999550381721519 ], [ 52.484315474591881, 30.006999616749795 ], [ 52.481888424365991, 30.019563170860636 ], [ 52.48288779798844, 30.031841189650777 ], [ 52.485457615874736, 30.039550643309497 ], [ 52.486635070212856, 30.042154628865035 ], [ 52.492881534212813, 30.055968924249839 ], [ 52.500162684890711, 30.064820519191471 ], [ 52.503342750277227, 30.069141736438269 ], [ 52.506992028869774, 30.070796935485021 ], [ 52.512871772193648, 30.070947698134319 ], [ 52.521163717906802, 30.069892359589062 ], [ 52.529606426269254, 30.070193884887829 ], [ 52.535486169592957, 30.070947698134319 ], [ 52.541968963514194, 30.075772102912936 ], [ 52.543325827358217, 30.081048795639447 ], [ 52.542572014111556, 30.087230064261917 ], [ 52.537295321385045, 30.096125060572433 ], [ 52.529154138321189, 30.104266243636118 ], [ 52.519203803465416, 30.112256664050733 ], [ 52.508499655363096, 30.12190547360774 ], [ 52.502876156244497, 30.130764371988278 ], [ 52.492053295792005, 30.139803649209455 ], [ 52.487770265981567, 30.144372214340592 ], [ 52.482059559567688, 30.149226314792486 ], [ 52.476539210034105, 30.15350934460298 ], [ 52.470162254538536, 30.157697195973356 ], [ 52.464751359249021, 30.160925018816499 ], [ 52.46242425936498, 30.162313230149778 ], [ 52.446600843676151, 30.167072152161438 ], [ 52.433156888993153, 30.170641343670184 ], [ 52.420545745662309, 30.173615669927472 ], [ 52.405190561031304, 30.175935644408241 ], [ 52.39248423926017, 30.17664948270999 ], [ 52.387840446355483, 30.176169090340522 ], [ 52.384203714959824, 30.175792876747835 ], [ 52.378064705564896, 30.174650735465093 ], [ 52.372496766811139, 30.170510473314891 ], [ 52.366500525076503, 30.164371463919849 ], [ 52.35864830375732, 30.15623370727991 ], [ 52.351652688400122, 30.154520495355769 ], [ 52.341678330361901, 30.152962218790208 ], [ 52.333945082092953, 30.153200164890734 ], [ 52.322404696214562, 30.154508868444111 ], [ 52.313243771342229, 30.156531410298953 ], [ 52.301465439363312, 30.159981628757464 ], [ 52.288735322982177, 30.164978496869651 ], [ 52.26361266122808, 30.177051209034346 ], [ 52.256331510550297, 30.180905935863848 ], [ 52.238485553006569, 30.190614136767636 ], [ 52.223352181009432, 30.196895913822971 ], [ 52.219618891129528, 30.198374765561994 ], [ 52.209423969959346, 30.202413234951621 ], [ 52.192434618377774, 30.209123314988119 ], [ 52.174588660834047, 30.217403839288352 ], [ 52.162397897179517, 30.225157001783259 ], [ 52.156597960977763, 30.227833895414847 ], [ 52.146039102764405, 30.233187682677965 ], [ 52.141875046004202, 30.237054306812411 ], [ 52.135628960863926, 30.242854243014165 ], [ 52.124772670024811, 30.254602831730438 ], [ 52.118490892969305, 30.264775027530447 ], [ 52.113160900316359, 30.281907146772255 ], [ 52.10916340582645, 30.298087481612072 ], [ 52.110286892135036, 30.306909380880199 ], [ 52.111040705381754, 30.31067844711356 ], [ 52.111568337339577, 30.311541844862745 ], [ 52.112699094524373, 30.313392174801436 ], [ 52.114960534264355, 30.315804377190773 ], [ 52.124458581172121, 30.324548610851821 ], [ 52.130617768396348, 30.330255510128154 ], [ 52.135138744307483, 30.33691800094465 ], [ 52.137518205313313, 30.341438976855613 ], [ 52.138469989715702, 30.347149683269663 ], [ 52.138707935816228, 30.355477796790069 ], [ 52.139659720218617, 30.366661263517528 ], [ 52.140569894096927, 30.376925543256561 ], [ 52.139380163594012, 30.386324414229591 ], [ 52.136524810387016, 30.391321282341778 ], [ 52.133193564978967, 30.396080204353439 ], [ 52.127958750766084, 30.402385776018946 ], [ 52.121958010938386, 30.407208200966352 ], [ 52.117959570334847, 30.410421501370934 ], [ 52.111891944770036, 30.41434761203044 ], [ 52.104539410262078, 30.42112907589717 ], [ 52.097686562565116, 30.428196075084429 ], [ 52.090833714868324, 30.434692003630289 ], [ 52.080232254689122, 30.442494712932785 ], [ 52.070238518464578, 30.451346307874417 ], [ 52.061196566642479, 30.459722010614996 ], [ 52.050631759776479, 30.469810925279603 ], [ 52.040304836464429, 30.479802910699448 ], [ 52.039293628083783, 30.480781322089626 ], [ 52.029585427179995, 30.489490149370965 ], [ 52.027158376953935, 30.493202108540174 ], [ 52.032869083367984, 30.49677130004892 ], [ 52.038579789782034, 30.500626026878365 ], [ 52.045289869818362, 30.507621642235392 ], [ 52.046860314082267, 30.511333601404601 ], [ 52.04700308174273, 30.513617883970198 ], [ 52.046341483425579, 30.517275115536165 ], [ 52.043771665539282, 30.521272610025903 ], [ 52.038774797427095, 30.523699660251907 ], [ 52.030922576107912, 30.524413498553656 ], [ 52.025069102033569, 30.525412872176048 ], [ 52.012220012602029, 30.530980810929691 ], [ 52.003653952981097, 30.535549376060885 ], [ 51.996230034642906, 30.538547496928174 ], [ 51.989805489927107, 30.540689011833479 ], [ 51.985665227776906, 30.544686506323217 ], [ 51.977527471137023, 30.553680868925312 ], [ 51.968916128294097, 30.561010143084275 ], [ 51.977482187915029, 30.561486035285327 ], [ 51.98462057093252, 30.561771570606027 ], [ 51.989284314503948, 30.562342641247483 ], [ 51.997469660364061, 30.565007637574013 ], [ 52.008340797297308, 30.568835310052009 ], [ 52.021189886728678, 30.573475259013435 ], [ 52.02737648534395, 30.575854720019265 ], [ 52.029993892450307, 30.577996234924399 ], [ 52.032016434305149, 30.580851588131395 ], [ 52.032016434305149, 30.586562294545502 ], [ 52.032016434305149, 30.589655593853024 ], [ 52.032373353456137, 30.592035054858854 ], [ 52.033444110908761, 30.595366300267074 ], [ 52.034034896225819, 30.599934186410565 ], [ 52.033142598348604, 30.603057228980731 ], [ 52.033142598348604, 30.604990541047925 ], [ 52.034629761477277, 30.608262299930971 ], [ 52.036414357231649, 30.612277640378295 ], [ 52.038050236673143, 30.614805817697004 ], [ 52.041024562930431, 30.615251966635583 ], [ 52.042511726059047, 30.61554939926134 ], [ 52.043701456561962, 30.616441697138498 ], [ 52.048311662260801, 30.616739129764255 ], [ 52.051583421143789, 30.622539065965952 ], [ 52.054268201246373, 30.625613234947878 ], [ 52.057112611438413, 30.624550488282807 ], [ 52.062929439307709, 30.622377167979892 ], [ 52.076064064059835, 30.613430394598026 ], [ 52.084285318149568, 30.606601846245326 ], [ 52.089710489242918, 30.601604978133139 ], [ 52.095563963317261, 30.596322574700253 ], [ 52.101845740372596, 30.588184818060313 ], [ 52.10641430550379, 30.580475364401366 ], [ 52.112410547238539, 30.572052072440727 ], [ 52.120503526748564, 30.562951174880027 ], [ 52.123549236836084, 30.558668145069532 ], [ 52.129831013891419, 30.548674408845045 ], [ 52.138330448604279, 30.532113360244466 ], [ 52.141380967678401, 30.526719149686755 ], [ 52.146135080703402, 30.518312486410707 ], [ 52.153080643257169, 30.501324036139977 ], [ 52.157988281581652, 30.495226667312522 ], [ 52.1657215298506, 30.48585753960208 ], [ 52.172711196555269, 30.478867872897467 ], [ 52.184608501584421, 30.472026922505677 ], [ 52.198141686055067, 30.464442390549607 ], [ 52.213459466280085, 30.456411709654901 ], [ 52.225802920247816, 30.449868191888868 ], [ 52.239921776597839, 30.441391632448926 ], [ 52.24977274516192, 30.435252623053884 ], [ 52.262193531612468, 30.4282570076968 ], [ 52.268618076328096, 30.425401654489804 ], [ 52.270598178947182, 30.423485426149 ], [ 52.273043873798997, 30.421118624679309 ], [ 52.275756459345587, 30.419262645094761 ], [ 52.287177872173686, 30.412552565058263 ], [ 52.292174740285873, 30.409554444190917 ], [ 52.302025708849953, 30.404414808418323 ], [ 52.314168704043823, 30.397525974618532 ], [ 52.329546494275235, 30.392249281892077 ], [ 52.342361319468409, 30.38908326625608 ], [ 52.348994876038944, 30.386520301217502 ], [ 52.357437584401282, 30.385314200022947 ], [ 52.391509943149742, 30.372650137479241 ], [ 52.402407189271514, 30.368183908206959 ], [ 52.418237267451218, 30.363208740779044 ], [ 52.437987174513353, 30.35732899745517 ], [ 52.449143610563681, 30.352203067377957 ], [ 52.460601571912832, 30.347378662599567 ], [ 52.470551906768435, 30.340895868678331 ], [ 52.478843852481646, 30.336674514497076 ], [ 52.485216391697577, 30.333789199117064 ], [ 52.492711693865999, 30.331528711161639 ], [ 52.501369482831421, 30.329749314161575 ], [ 52.501389331654082, 30.327127898798778 ], [ 52.505015723825181, 30.318273493945867 ], [ 52.512439642163372, 30.306566545797239 ], [ 52.520291863482612, 30.297286647874614 ], [ 52.527715781820802, 30.289434426555374 ], [ 52.541992547855784, 30.278155781387682 ], [ 52.554379341181971, 30.269725475064433 ], [ 52.564329676037744, 30.263544206441793 ], [ 52.571867808504237, 30.260378190806023 ], [ 52.580461279515987, 30.258267513715339 ], [ 52.584984158995837, 30.258267513715339 ], [ 52.593426867358289, 30.260378190806023 ], [ 52.606392455200591, 30.268217848571112 ], [ 52.61965956834166, 30.275605218388307 ], [ 52.631117529690641, 30.282088012309373 ], [ 52.641909241958103, 30.288581085502074 ], [ 52.648241273229871, 30.290842525242113 ], [ 52.652010339463175, 30.291596338488773 ], [ 52.673870923615993, 30.293405490280691 ], [ 52.679750666939697, 30.293405490280691 ], [ 52.686836511458296, 30.292500914384732 ], [ 52.694676169223385, 30.290842525242113 ], [ 52.700103624599194, 30.28888261080067 ], [ 52.708094045013752, 30.283605918074215 ], [ 52.718654131028984, 30.27524909873631 ], [ 52.726946076742024, 30.266957153023156 ], [ 52.732976582715139, 30.262585036192661 ], [ 52.739308613987077, 30.258212919362109 ], [ 52.748505135596247, 30.25188088809017 ], [ 52.75679708130923, 30.247810296558384 ], [ 52.76840580530768, 30.243588942377016 ], [ 52.778356140163453, 30.240875214689254 ], [ 52.791321728005755, 30.239216825546464 ], [ 52.79838478046031, 30.239174152629346 ], [ 52.801396229030445, 30.239825276644524 ], [ 52.80269311021317, 30.240105683386787 ] ] ] ] } },
{ "type": "Feature", "properties": { "Id": 0, "Base": 250000.0, "Name_sh": "آباده", "مرکز": "آباده", "area": 6808771060.6599989, "a4": 14, "توزیع": "2.04", "t": 2.04, "tt": 2.4 }, "geometry": { "type": "MultiPolygon", "coordinates": [ [ [ [ 53.243343502203231, 30.895814781760293 ], [ 53.235168512238261, 30.884946792009828 ], [ 53.224143586113371, 30.87134402633103 ], [ 53.213079092436374, 30.859327748251587 ], [ 53.200230003004776, 30.84695455102127 ], [ 53.193686485238743, 30.840411033255236 ], [ 53.18583426391956, 30.832677784986288 ], [ 53.174405340166743, 30.819601925710401 ], [ 53.162359318824713, 30.806961039116914 ], [ 53.145703091783901, 30.794171436210547 ], [ 53.131092684456405, 30.784471887892266 ], [ 53.12176519731355, 30.779808144320839 ], [ 53.108059501920025, 30.775715471390868 ], [ 53.101301832663466, 30.774954043868945 ], [ 53.093116486803353, 30.775239579189645 ], [ 53.08017221893158, 30.776381720472557 ], [ 53.074271155637177, 30.777428683315009 ], [ 53.066270810284209, 30.779926152943972 ], [ 53.064147862519803, 30.780588874030514 ], [ 53.053226136503099, 30.783729762558096 ], [ 53.043874854750243, 30.787013418746142 ], [ 53.037450310034444, 30.789154933651446 ], [ 53.02474398826331, 30.793485552682114 ], [ 53.015749625661272, 30.796697825039928 ], [ 53.004756515814279, 30.799767329737449 ], [ 52.991764658722445, 30.802408531453978 ], [ 52.983047088724504, 30.804638942060933 ], [ 52.974124109952641, 30.807791727893687 ], [ 52.965677023382, 30.811063486776732 ], [ 52.957527369437059, 30.81403781303402 ], [ 52.943810843289782, 30.817619532765491 ], [ 52.930426375132015, 30.821634873212815 ], [ 52.917934204851406, 30.825501497347261 ], [ 52.905739467196497, 30.829070688856007 ], [ 52.898749800491885, 30.830706568297558 ], [ 52.889380672781442, 30.833680894554846 ], [ 52.882093573451073, 30.834870625057761 ], [ 52.869914698869536, 30.836734806572167 ], [ 52.866107561260264, 30.843397297388606 ], [ 52.859254713563473, 30.854057282694612 ], [ 52.855066862193269, 30.860910130391403 ], [ 52.850688653942427, 30.870618331295191 ], [ 52.849546512659686, 30.877280822111516 ], [ 52.849994614438685, 30.887310069989041 ], [ 52.852225359131637, 30.895786899822269 ], [ 52.855943266953261, 30.901140687085388 ], [ 52.863825231535031, 30.911402112673045 ], [ 52.869030302485328, 30.919432793567751 ], [ 52.875955354926475, 30.931102546775037 ], [ 52.878216794666287, 30.941655932228059 ], [ 52.878216794666287, 30.950098640590511 ], [ 52.875955354926475, 30.95718448510911 ], [ 52.873693915186493, 30.965325668172795 ], [ 52.87233705134247, 30.971054648847371 ], [ 52.86856798510928, 30.976180578924584 ], [ 52.862085191188044, 30.982211084897756 ], [ 52.852737906929633, 30.98809082822163 ], [ 52.841581470879248, 30.994573622142639 ], [ 52.830648803816416, 31.000356534836612 ], [ 52.824710035289684, 31.004010783201522 ], [ 52.811979918908548, 31.013409654174552 ], [ 52.803294886237211, 31.020369577616748 ], [ 52.799963640828992, 31.023284417348805 ], [ 52.79109538966037, 31.02549731608417 ], [ 52.780102279813377, 31.026924992687782 ], [ 52.775479223276875, 31.026998961592426 ], [ 52.771179301041514, 31.027067760348075 ], [ 52.759258201402361, 31.026924992687782 ], [ 52.747694020913968, 31.027210528008368 ], [ 52.737206546530842, 31.026419357223972 ], [ 52.727022453425832, 31.02299293337569 ], [ 52.712079438309161, 31.019280974206481 ], [ 52.694602609675826, 31.01647772879204 ], [ 52.674900672547494, 31.01371755402522 ], [ 52.662432296877057, 31.012575412742535 ], [ 52.645054930915421, 31.0121508051364 ], [ 52.616055249906822, 31.011407223572235 ], [ 52.596592124704671, 31.01150502822145 ], [ 52.586460703646821, 31.011555939884943 ], [ 52.567532474402753, 31.010910758947659 ], [ 52.560764467149284, 31.010837984676243 ], [ 52.540977689577687, 31.010625223627073 ], [ 52.513851834111108, 31.009625850004511 ], [ 52.504017826813424, 31.009012242233325 ], [ 52.496362066338577, 31.008534549469744 ], [ 52.490036189617456, 31.007963844081189 ], [ 52.470137946956243, 31.007782410179516 ], [ 52.446724050658929, 31.009495622103657 ], [ 52.433660809736864, 31.01128021785803 ], [ 52.422516009250842, 31.015171537913545 ], [ 52.410975623372622, 31.020406352126429 ], [ 52.393486584979655, 31.03022162877545 ], [ 52.379755806317689, 31.037983933003318 ], [ 52.361291188912503, 31.047311420146116 ], [ 52.34016157518073, 31.058637654533868 ], [ 52.323978356145858, 31.065189464360969 ], [ 52.302848742414085, 31.076039806547669 ], [ 52.286002158492806, 31.084891401489301 ], [ 52.279434846116771, 31.089174431299739 ], [ 52.277721634192574, 31.087603987035891 ], [ 52.27529458396657, 31.082749886583997 ], [ 52.273295836721672, 31.076610877189069 ], [ 52.269869412873391, 31.06790204990773 ], [ 52.26715682732663, 31.061763040512687 ], [ 52.264444241780041, 31.055624031117588 ], [ 52.261446120912751, 31.050912698325988 ], [ 52.252075803471826, 31.034869182494219 ], [ 52.238988767939759, 31.012621222089763 ], [ 52.229589986005351, 31.000144116157173 ], [ 52.220676178132578, 30.992857592816563 ], [ 52.213835227740788, 30.983934614044699 ], [ 52.202978936901673, 30.972334741641248 ], [ 52.196732851761396, 30.966088656500972 ], [ 52.187958589302411, 30.95701696141623 ], [ 52.178886894217669, 30.946458103202872 ], [ 52.17462385872966, 30.941304697201019 ], [ 52.169270071466542, 30.936069882988136 ], [ 52.160941957946136, 30.926552038964815 ], [ 52.156183035934475, 30.920603386450239 ], [ 52.151543086973049, 30.917034194941493 ], [ 52.146522153857404, 30.911830115433418 ], [ 52.14195358872621, 30.906547712000474 ], [ 52.135386276350175, 30.898695490681291 ], [ 52.126962984389536, 30.888701754456747 ], [ 52.124535934163646, 30.885132562948002 ], [ 52.12367932820149, 30.882277209741005 ], [ 52.121823348616886, 30.874567756082058 ], [ 52.123108257560034, 30.869285352649172 ], [ 52.124393166503239, 30.867714908385267 ], [ 52.131192476327385, 30.856111358633143 ], [ 52.134315518897495, 30.850757571370025 ], [ 52.138628291970576, 30.84436276991687 ], [ 52.141602618227864, 30.838116684776537 ], [ 52.146212823926646, 30.829193706004673 ], [ 52.139678659701531, 30.825756668942972 ], [ 52.125699326292249, 30.819510583802639 ], [ 52.11689532057062, 30.816060365344185 ], [ 52.108606023510163, 30.812907309118089 ], [ 52.097898448983926, 30.807910441005902 ], [ 52.08176570336434, 30.801628663950396 ], [ 52.076911602912446, 30.799915452026255 ], [ 52.068631078612214, 30.798059472441651 ], [ 52.059351180689418, 30.796489028177973 ], [ 52.044368327627183, 30.793147688086776 ], [ 52.035891497793955, 30.791065659706533 ], [ 52.023696760139046, 30.788834915013695 ], [ 52.021678106037768, 30.788425728371635 ], [ 52.012691752987109, 30.786604170320572 ], [ 52.006594384159655, 30.785563156130536 ], [ 51.997373972762034, 30.783629844063455 ], [ 51.988302277677349, 30.783778560376163 ], [ 51.974471660580946, 30.783927276689042 ], [ 51.964456338679327, 30.784988464742696 ], [ 51.951641513486322, 30.785289990041463 ], [ 51.935660672657548, 30.787852955079927 ], [ 51.925559575152477, 30.788606768326588 ], [ 51.915006189699284, 30.789963632170611 ], [ 51.907015769284897, 30.789662106871845 ], [ 51.902643652454344, 30.792225071910593 ], [ 51.894653232039957, 30.7978032899357 ], [ 51.88741662487206, 30.800517017623633 ], [ 51.879878492405567, 30.801873881467657 ], [ 51.861629839260331, 30.802780249903776 ], [ 51.86062035875085, 30.806909942896652 ], [ 51.854740615427147, 30.8145988380125 ], [ 51.848900466334328, 30.822611910895773 ], [ 51.843760830561848, 30.83060689987542 ], [ 51.838478427128791, 30.84345598930696 ], [ 51.835480306261502, 30.853021422550285 ], [ 51.834480932639053, 30.861016411529988 ], [ 51.834296667178762, 30.875537976513158 ], [ 51.836256581619978, 30.889558902900887 ], [ 51.83927183460662, 30.90086610160057 ], [ 51.842588612891916, 30.906444319625678 ], [ 51.850126745358409, 30.913982452092171 ], [ 51.862951389793693, 30.92697380156568 ], [ 51.875592276387181, 30.941548000226419 ], [ 51.883622957281887, 30.953147872629813 ], [ 51.891653638176535, 30.966086191849001 ], [ 51.896561276501075, 30.973968156430828 ], [ 51.899452171404789, 30.982996806404969 ], [ 51.899880474385782, 30.989706886441468 ], [ 51.899880474385782, 30.993989916251905 ], [ 51.899880456174571, 31.000080411415411 ], [ 51.900504937392043, 31.006826938745462 ], [ 51.900695294272566, 31.02700476807496 ], [ 51.903931361240382, 31.038997251544401 ], [ 51.908880640132509, 31.049086166209122 ], [ 51.920666407927115, 31.067548800730094 ], [ 51.927507358318849, 31.079892254697825 ], [ 51.935389322900676, 31.094763885984264 ], [ 51.939553379660879, 31.102645850566091 ], [ 51.946546230997626, 31.120265008221793 ], [ 51.952447294292142, 31.133589989854556 ], [ 51.957015859423336, 31.148437826530937 ], [ 51.960442283271618, 31.161572451283064 ], [ 51.964695569819639, 31.183260048620639 ], [ 51.967521179763935, 31.192331743705324 ], [ 51.9694544918313, 31.200064991974273 ], [ 51.970495506021223, 31.2079469565561 ], [ 51.970644222334215, 31.213895609070676 ], [ 51.968413477641263, 31.222521155216839 ], [ 51.965525406845416, 31.240418667749111 ], [ 51.962670053638419, 31.255980342727241 ], [ 51.959386397450373, 31.276253350496802 ], [ 51.955800454536018, 31.297196533314661 ], [ 51.954495764312981, 31.304607173782699 ], [ 51.9528261282789, 31.314090706456 ], [ 51.94799640873623, 31.341957877605296 ], [ 51.944569984887721, 31.362088117714791 ], [ 51.942571237642881, 31.374651671825461 ], [ 51.938320925421237, 31.398370211236568 ], [ 51.935941464415407, 31.410648230026482 ], [ 51.936488740446805, 31.415928049701279 ], [ 51.940533824156603, 31.425564866775062 ], [ 51.94841086801307, 31.44206854181175 ], [ 51.957758152271481, 31.455787942900713 ], [ 51.964391708842015, 31.46513522715918 ], [ 51.970422214815187, 31.473879460820399 ], [ 51.9817077699376, 31.491252425932771 ], [ 51.988846152955091, 31.504339461464838 ], [ 51.99527069767089, 31.516950604795738 ], [ 52.00002961968255, 31.527182287120752 ], [ 52.005264433895263, 31.537889861646988 ], [ 52.015020224019224, 31.555259926989493 ], [ 52.020492984332634, 31.564301878811648 ], [ 52.036435373071697, 31.584289351260679 ], [ 52.049978471963129, 31.599656703589972 ], [ 52.07067978271391, 31.618216499435448 ], [ 52.105181967298449, 31.642011109493751 ], [ 52.127548900753311, 31.655574037226984 ], [ 52.14134977458707, 31.662712420244475 ], [ 52.160264586014591, 31.667415948403971 ], [ 52.178506866583405, 31.670581964039798 ], [ 52.190869403828515, 31.671938827883821 ], [ 52.20443804226818, 31.671637302585225 ], [ 52.223886424031718, 31.668320524299929 ], [ 52.235062019502095, 31.667391392366426 ], [ 52.243538849335323, 31.666499094489041 ], [ 52.248000338721283, 31.666201661863511 ], [ 52.255138721738774, 31.66174017247738 ], [ 52.25900534587322, 31.659509427784599 ], [ 52.265846296265011, 31.654304356834359 ], [ 52.281610225428608, 31.637201980854798 ], [ 52.297973843660088, 31.618461495230122 ], [ 52.312447057995712, 31.603535992946433 ], [ 52.32812637352589, 31.590268879805535 ], [ 52.343051875809408, 31.577152529313764 ], [ 52.34556442622727, 31.574945451776671 ], [ 52.353355798570703, 31.568101345182868 ], [ 52.362100032231922, 31.562372364508462 ], [ 52.37461333212616, 31.557397197080547 ], [ 52.388634258513889, 31.553025080249995 ], [ 52.400393745161409, 31.550462115211417 ], [ 52.4110978932639, 31.548954488718095 ], [ 52.422103566664987, 31.547748387523541 ], [ 52.432121154606534, 31.545752762131485 ], [ 52.44535690645148, 31.541588705371112 ], [ 52.461566984553713, 31.536829783359451 ], [ 52.478371927907347, 31.531327279783625 ], [ 52.491012814500834, 31.528055520900409 ], [ 52.500650167820652, 31.526268703583924 ], [ 52.527808331534288, 31.51853965182994 ], [ 52.561501499376902, 31.51587465550341 ], [ 52.608519648852052, 31.511877161013444 ], [ 52.639557734789037, 31.509616673058076 ], [ 52.687146954905643, 31.505571589348108 ], [ 52.733070552318111, 31.501764451738666 ], [ 52.768286575204343, 31.49890909853184 ], [ 52.801725438151948, 31.495967489863347 ], [ 52.805145913347815, 31.491059851538864 ], [ 52.809458686420896, 31.487044511091483 ], [ 52.815556055248351, 31.482731738018458 ], [ 52.821802140388627, 31.476336936565247 ], [ 52.827899509216081, 31.469049837234707 ], [ 52.837119920613645, 31.459978142150192 ], [ 52.853132611609738, 31.448657676152663 ], [ 52.862055590381601, 31.441965442073808 ], [ 52.870978569153465, 31.437503952687848 ], [ 52.882727157869795, 31.433339895927645 ], [ 52.893434732396031, 31.429175839167442 ], [ 52.90384487429651, 31.425904080284454 ], [ 52.914761590526325, 31.420366433090805 ], [ 52.924327023769877, 31.414941261997683 ], [ 52.931608174447661, 31.408802252602584 ], [ 52.940888072370456, 31.398665748717804 ], [ 52.94926968771108, 31.39066153031365 ], [ 52.955837000087115, 31.384379753258315 ], [ 52.959548959256153, 31.37781244088211 ], [ 52.961833241821751, 31.374386017033771 ], [ 52.966830109934108, 31.36524888677144 ], [ 52.969685463141104, 31.360680321640245 ], [ 52.973729776770881, 31.351125496466523 ], [ 52.975538928562798, 31.344039651948094 ], [ 52.976141979160161, 31.334089317092321 ], [ 52.976141979160161, 31.32097296660055 ], [ 52.976443504458757, 31.308007378758248 ], [ 52.975553395685779, 31.291940115905618 ], [ 52.973649826881172, 31.283612002385212 ], [ 52.968890904869511, 31.273142373959615 ], [ 52.963418144556101, 31.263624529936294 ], [ 52.954614138834529, 31.253630793711807 ], [ 52.947951648018204, 31.248633925599449 ], [ 52.93534050468719, 31.242209380883821 ], [ 52.923730257833824, 31.238561825792658 ], [ 52.909106280848903, 31.235546572805958 ], [ 52.894030015915916, 31.231777506572826 ], [ 52.876692311243062, 31.226199288547548 ], [ 52.865177474430652, 31.222606407125113 ], [ 52.854172467278715, 31.217103903549116 ], [ 52.845993070071188, 31.211452683660298 ], [ 52.839895701243734, 31.205057882207086 ], [ 52.835582928170652, 31.198514364441053 ], [ 52.834541913980615, 31.192416995613655 ], [ 52.838268068797845, 31.180058760145585 ], [ 52.842979401589275, 31.173634215429843 ], [ 52.851688228870671, 31.166781367733051 ], [ 52.858826611888162, 31.162355570262321 ], [ 52.868106509810957, 31.158929146413868 ], [ 52.877671943054281, 31.155359954905123 ], [ 52.885952467354684, 31.151219692754921 ], [ 52.894741323187645, 31.144452549162224 ], [ 52.895709122737117, 31.14370737383507 ], [ 52.901277061490759, 31.137853899760785 ], [ 52.907558838546095, 31.129430607800089 ], [ 52.914982756884285, 31.114440003463415 ], [ 52.922728695611852, 31.097427578320662 ], [ 52.928439402025958, 31.087433842096118 ], [ 52.933293502477852, 31.079581620776935 ], [ 52.937862067609046, 31.072157702438744 ], [ 52.939860814853887, 31.063591642817642 ], [ 52.941145723797035, 31.055168350857002 ], [ 52.941288491457499, 31.050599785725808 ], [ 52.944551165125802, 31.039681845215171 ], [ 52.949024551816763, 31.032448283757446 ], [ 52.953117224746734, 31.027499004865319 ], [ 52.957495432997405, 31.023787045696281 ], [ 52.965490421977051, 31.019313659005377 ], [ 52.975484158201596, 31.014174023232727 ], [ 52.983725024818455, 31.011350396172418 ], [ 52.994004296363471, 31.008352275305072 ], [ 53.00585401217262, 31.005925225079238 ], [ 53.015847748397164, 31.003926477834341 ], [ 53.023557202056054, 31.002356033570493 ], [ 53.029267656749369, 31.000452107681554 ], [ 53.046173379538345, 30.993849886059877 ], [ 53.07740380523984, 30.975409063264692 ], [ 53.106106053622682, 30.958009254659544 ], [ 53.123254480584819, 30.947891029361585 ], [ 53.136674640657645, 30.941466484645957 ], [ 53.142528114731988, 30.938753899099197 ], [ 53.159089163332567, 30.933471495666311 ], [ 53.169939505519267, 30.928331859893717 ], [ 53.191211886911276, 30.919194729631329 ], [ 53.210670289810878, 30.909832992670943 ], [ 53.233126453053444, 30.900315148647621 ], [ 53.243343502203231, 30.895814781760293 ] ] ] ] } },
{ "type": "Feature", "properties": { "Id": 0, "Base": 250000.0, "Name_sh": "بوانات", "مرکز": "بوانات", "area": 2548737939.3699999, "a4": 14, "توزیع": "0.58", "t": 0.58, "tt": 0.94 }, "geometry": { "type": "MultiPolygon", "coordinates": [ [ [ [ 53.913538769667184, 30.106704709310861 ], [ 53.900509619980539, 30.111255630960841 ], [ 53.895512751868239, 30.114253751828187 ], [ 53.882806430097105, 30.122962579109526 ], [ 53.873098229193317, 30.130386497447773 ], [ 53.866245381496526, 30.135097830239374 ], [ 53.85553780697029, 30.143663889860306 ], [ 53.844687464783817, 30.151801646500246 ], [ 53.835407566860965, 30.159939403140129 ], [ 53.823440635558029, 30.168555891110941 ], [ 53.81615353622783, 30.17138150105535 ], [ 53.803215217008471, 30.175099408876974 ], [ 53.789533316225118, 30.182981373458745 ], [ 53.778230876447253, 30.188037728096162 ], [ 53.769754046614139, 30.189673607537657 ], [ 53.760087486277939, 30.189971040163414 ], [ 53.753841401137663, 30.19101205435345 ], [ 53.741497947169762, 30.19591969267799 ], [ 53.731098395673314, 30.20145824869337 ], [ 53.718754941705583, 30.214545284225437 ], [ 53.711467842375214, 30.223022114058722 ], [ 53.700908984161856, 30.235068135400752 ], [ 53.68737579969121, 30.251575646128686 ], [ 53.68053484929942, 30.262134504342043 ], [ 53.67467610419493, 30.270708612256897 ], [ 53.670311733034112, 30.277095746130101 ], [ 53.661416736723709, 30.292021248413619 ], [ 53.657195382542341, 30.301067007373433 ], [ 53.65191868981583, 30.321872252980825 ], [ 53.650863351270573, 30.324887505967524 ], [ 53.65191868981583, 30.327299708356804 ], [ 53.653727841607918, 30.329410385447318 ], [ 53.6624515250179, 30.338886604405673 ], [ 53.646651903939244, 30.345739452102464 ], [ 53.625712647087823, 30.350688730994591 ], [ 53.601465939438469, 30.353829619522173 ], [ 53.592828495987362, 30.354400690163573 ], [ 53.570744438985741, 30.356682899714031 ], [ 53.553184016762771, 30.35725397035543 ], [ 53.540549078821869, 30.35561214226135 ], [ 53.531983019200766, 30.354041697997445 ], [ 53.523607316460357, 30.350710317392668 ], [ 53.509568496525844, 30.343690907425412 ], [ 53.498622975899139, 30.337861227961127 ], [ 53.485060048165849, 30.331436683245499 ], [ 53.471616093482851, 30.326677761233839 ], [ 53.458885977101716, 30.322751650574162 ], [ 53.445449755667028, 30.319250273704142 ], [ 53.423035232992163, 30.313753718780561 ], [ 53.4079732448252, 30.310755597913271 ], [ 53.39617305605492, 30.310488899992265 ], [ 53.384251956415767, 30.311131354463726 ], [ 53.376970805737812, 30.310988586803489 ], [ 53.362859293269764, 30.310880630657607 ], [ 53.362859293269764, 30.316609611332183 ], [ 53.36346092892893, 30.335336287430493 ], [ 53.361795306224963, 30.348661269063086 ], [ 53.3610814679231, 30.360320627991712 ], [ 53.361319414023797, 30.369600525914507 ], [ 53.362049908552478, 30.388664370916331 ], [ 53.362906514514634, 30.405867873988427 ], [ 53.364871949305382, 30.420245370539419 ], [ 53.366716031584986, 30.426253509579169 ], [ 53.370999061395423, 30.433213433021194 ], [ 53.376352848658541, 30.438329274183616 ], [ 53.381714567458346, 30.441948338233658 ], [ 53.388662593595313, 30.444518156120012 ], [ 53.39941775734178, 30.445660297402867 ], [ 53.411790954572155, 30.445660297402867 ], [ 53.416169162822825, 30.446421724924619 ], [ 53.419214872910345, 30.447849401528231 ], [ 53.420642549513786, 30.449086721251149 ], [ 53.421362225426606, 30.451529148082955 ], [ 53.420029727263227, 30.454670036610707 ], [ 53.41812615845862, 30.45752538981759 ], [ 53.410987775441129, 30.463331274671873 ], [ 53.402612072700663, 30.467899839803067 ], [ 53.394617083721016, 30.471231085211286 ], [ 53.385479953458685, 30.475799650342481 ], [ 53.378943349499025, 30.479736907214658 ], [ 53.374333143800072, 30.484198396600391 ], [ 53.370763952291327, 30.491336779617882 ], [ 53.369128072849833, 30.500705907328381 ], [ 53.368681923911197, 30.505910978278791 ], [ 53.370374513840034, 30.516608361982094 ], [ 53.37303951016662, 30.526411741326115 ], [ 53.37570450649315, 30.534787444066581 ], [ 53.37381944037736, 30.535594100383264 ], [ 53.364039855643284, 30.540019897854165 ], [ 53.348049877684161, 30.547657967682881 ], [ 53.33891274742183, 30.551584078342387 ], [ 53.327609317788301, 30.558462814574909 ], [ 53.318115268374981, 30.564030753328495 ], [ 53.308478451301426, 30.569812843572834 ], [ 53.297271189963965, 30.578164751703241 ], [ 53.290160170747981, 30.584770135455358 ], [ 53.289189350657693, 30.585626741417514 ], [ 53.284106821949251, 30.589966878292159 ], [ 53.280965933421498, 30.593678837461312 ], [ 53.276740010675155, 30.601902254697393 ], [ 53.276374685845212, 30.606758051568647 ], [ 53.277362423384091, 30.608098296888556 ], [ 53.282478264546683, 30.614046949403132 ], [ 53.290687405016854, 30.621542251571555 ], [ 53.297587841933648, 30.62749090408613 ], [ 53.306272874604986, 30.634986206254553 ], [ 53.315433799477375, 30.64236253537257 ], [ 53.322335648448131, 30.648935122220507 ], [ 53.329474031465622, 30.655216899275842 ], [ 53.337040717464276, 30.662069746972747 ], [ 53.345464009424916, 30.670921341914379 ], [ 53.351031948178559, 30.678202492592163 ], [ 53.358741401837449, 30.68591194625111 ], [ 53.367901605661018, 30.693425094377119 ], [ 53.373897847395824, 30.69727982120645 ], [ 53.377681190395037, 30.700135174413447 ], [ 53.386104482355677, 30.705488961676565 ], [ 53.396990516457436, 30.711342435750907 ], [ 53.405271040757611, 30.716291714643035 ], [ 53.414598527900466, 30.721716885736384 ], [ 53.423830836603202, 30.727522770590497 ], [ 53.433452898826488, 30.733837418818098 ], [ 53.44230449376812, 30.740975801835589 ], [ 53.45019472805734, 30.747059683907878 ], [ 53.454205503105754, 30.743142182697682 ], [ 53.4620451608709, 30.737413202023106 ], [ 53.473352359570526, 30.73228727194595 ], [ 53.492558911953211, 30.727347130184114 ], [ 53.517887037040566, 30.722221200106901 ], [ 53.543516687426575, 30.718602896523066 ], [ 53.558863449486523, 30.717183405265359 ], [ 53.586754539612514, 30.715223490824144 ], [ 53.609670462310589, 30.71311281373346 ], [ 53.637863077735176, 30.709494510149568 ], [ 53.655478195835201, 30.706205295540599 ], [ 53.671277816913857, 30.703540299214069 ], [ 53.691646003123822, 30.698781377202408 ], [ 53.707445624202478, 30.696497094636811 ], [ 53.730098092978096, 30.691738172625151 ], [ 53.753270870560186, 30.685862490248098 ], [ 53.775352268694178, 30.67977107007323 ], [ 53.790229848633203, 30.675137069764389 ], [ 53.807927089864108, 30.66993199881415 ], [ 53.820716692770418, 30.665619225741068 ], [ 53.83751229325452, 30.65879047393247 ], [ 53.847462628110293, 30.653815306504555 ], [ 53.858920589459274, 30.64642793668753 ], [ 53.865810178081006, 30.641397443408323 ], [ 53.868418636366982, 30.6394928548184 ], [ 53.884873037525381, 30.624460154337328 ], [ 53.895431895738795, 30.615091026626885 ], [ 53.907626633393647, 30.602747572659155 ], [ 53.920274424990623, 30.587641028363862 ], [ 53.926304930963795, 30.576635354962775 ], [ 53.929923234547687, 30.564574343016432 ], [ 53.932486199586435, 30.552814856368741 ], [ 53.932903785474991, 30.54357527603338 ], [ 53.930943871033719, 30.532720365281648 ], [ 53.927476330099182, 30.517493337699307 ], [ 53.92310421326863, 30.504829275155657 ], [ 53.918882859087432, 30.497743430637229 ], [ 53.9129700317377, 30.4886178740731 ], [ 53.908597914907205, 30.479572115113285 ], [ 53.90437656072595, 30.466305001972387 ], [ 53.90196435833667, 30.452284075584828 ], [ 53.90196435833667, 30.442333740728998 ], [ 53.905281136621909, 30.429820440834646 ], [ 53.910332085123855, 30.4165982138461 ], [ 53.916994575940123, 30.403082875333041 ], [ 53.924799208039303, 30.389186823058878 ], [ 53.929162568453307, 30.376067376095421 ], [ 53.932630109388015, 30.361292636461144 ], [ 53.934439261179932, 30.35058848835871 ], [ 53.933986973231868, 30.34199501734696 ], [ 53.930971720245395, 30.329934005400617 ], [ 53.926054249987885, 30.318122494217448 ], [ 53.921832895806688, 30.309227497906875 ], [ 53.918365354872094, 30.304704618427081 ], [ 53.912334848898922, 30.298523349804611 ], [ 53.906756630873701, 30.291739030584779 ], [ 53.901329175497892, 30.282844034274262 ], [ 53.897107821316638, 30.273496750015966 ], [ 53.89465353119175, 30.265618461604674 ], [ 53.893558236566605, 30.262102558221841 ], [ 53.891146034177325, 30.253659849859332 ], [ 53.887980018541498, 30.241900363211641 ], [ 53.884663240256259, 30.234512993394617 ], [ 53.874863668049727, 30.217476814020358 ], [ 53.868380874128491, 30.208280292411246 ], [ 53.866430020674784, 30.204791583791632 ], [ 53.866810734435774, 30.201174803062656 ], [ 53.870617872044988, 30.194321955365922 ], [ 53.876138221578572, 30.186898037027674 ], [ 53.88222964175344, 30.178903048048198 ], [ 53.887749991287023, 30.165197352654502 ], [ 53.890414987613553, 30.159677003121089 ], [ 53.89459014852514, 30.146618521121013 ], [ 53.897635858612659, 30.134054967010172 ], [ 53.901252639341465, 30.126440691791515 ], [ 53.910338722233746, 30.112251458195431 ], [ 53.913538769667184, 30.106704709310861 ] ] ] ] } },
{ "type": "Feature", "properties": { "Id": 0, "Base": 250000.0, "Name_sh": "ارسنجان", "مرکز": "ارسنجان", "area": 1444679350.6400001, "a4": 15, "توزیع": "0.87", "t": 0.87, "tt": 0.48 }, "geometry": { "type": "MultiPolygon", "coordinates": [ [ [ [ 53.733494301953669, 29.903518516805207 ], [ 53.721157404712244, 29.901804385906814 ], [ 53.703311447168517, 29.899377335680811 ], [ 53.68489441898339, 29.895522608851309 ], [ 53.677184965324443, 29.893238326285768 ], [ 53.666762926118906, 29.890240205418422 ], [ 53.655198745630514, 29.885957175607984 ], [ 53.639208767671391, 29.878247721949037 ], [ 53.629519656534342, 29.87194398895798 ], [ 53.618669314347642, 29.866233282543931 ], [ 53.603535942350675, 29.862426144934659 ], [ 53.591471774614035, 29.859434994205628 ], [ 53.576552554107593, 29.854580893753678 ], [ 53.566844353203805, 29.850226480113008 ], [ 53.556925570000999, 29.843675823963963 ], [ 53.548597456480593, 29.834514899091573 ], [ 53.545861076323831, 29.829399057928981 ], [ 53.54574210327354, 29.823807324565337 ], [ 53.548359510379896, 29.815003318843708 ], [ 53.552047674938933, 29.80703212447429 ], [ 53.558735522637676, 29.798769506218889 ], [ 53.562899579397879, 29.794843395559212 ], [ 53.564208282951199, 29.792582907603787 ], [ 53.56456520210196, 29.790084473547552 ], [ 53.565754932604875, 29.78389787493245 ], [ 53.565873905655167, 29.777354357166416 ], [ 53.563137525498576, 29.765457052137265 ], [ 53.557307846034234, 29.750823366951352 ], [ 53.546469901560613, 29.73360416087877 ], [ 53.542550072678011, 29.727724417554896 ], [ 53.540126064560582, 29.724440277524764 ], [ 53.537876430548863, 29.721392386282957 ], [ 53.529282959536943, 29.716718744153866 ], [ 53.521594064421095, 29.713854253816464 ], [ 53.51013610307217, 29.711291288777886 ], [ 53.506330183746854, 29.71040392114395 ], [ 53.488484226203127, 29.703860403377917 ], [ 53.47872843607928, 29.700648131020102 ], [ 53.472898756614995, 29.698268670014272 ], [ 53.463142966490977, 29.692676936650457 ], [ 53.45877881113563, 29.689909686590397 ], [ 53.448818070449363, 29.68359371980705 ], [ 53.434255769093625, 29.674171054223962 ], [ 53.429020954880798, 29.67007838129399 ], [ 53.420778501956704, 29.660703304930962 ], [ 53.415924401504753, 29.653184208152481 ], [ 53.413640118939213, 29.648901178342044 ], [ 53.399077817583475, 29.646616895776447 ], [ 53.381761922233011, 29.64614996380817 ], [ 53.369686157628394, 29.64579304465741 ], [ 53.352203909111665, 29.646973882225211 ], [ 53.326791265569454, 29.647116649885504 ], [ 53.31653876296042, 29.647434902794998 ], [ 53.30636656716058, 29.647910794996221 ], [ 53.290903052459896, 29.650174197190609 ], [ 53.274874425760345, 29.651283444713044 ], [ 53.263396483232384, 29.652077765995216 ], [ 53.249500430958335, 29.65398133479988 ], [ 53.230357667166459, 29.65787313555461 ], [ 53.211607514440516, 29.662346522245684 ], [ 53.191044402784996, 29.668953809566688 ], [ 53.172365633889285, 29.675854246483539 ], [ 53.159278598357218, 29.680613168495199 ], [ 53.135732491153476, 29.688446555224516 ], [ 53.139016147341465, 29.694585564619558 ], [ 53.142299803529511, 29.7007245740146 ], [ 53.143013641831203, 29.704579300844046 ], [ 53.142585338850211, 29.709718936616696 ], [ 53.141585965227819, 29.713859198766727 ], [ 53.136018026474176, 29.726993823518967 ], [ 53.131449461342982, 29.736273721441762 ], [ 53.128027796416518, 29.745737378648471 ], [ 53.126540633288016, 29.750496300660132 ], [ 53.125945768036559, 29.756593669487586 ], [ 53.125797051723509, 29.76343461987932 ], [ 53.125797051723509, 29.769531988706774 ], [ 53.126540633288016, 29.77265503127694 ], [ 53.13117139188148, 29.781786570707311 ], [ 53.133550852887311, 29.784909613277478 ], [ 53.13816105858632, 29.789668535289138 ], [ 53.142325115346523, 29.793535159423584 ], [ 53.149612214676665, 29.798591514061002 ], [ 53.155858299817169, 29.802160705569747 ], [ 53.159724923951444, 29.804391450262699 ], [ 53.165807871803224, 29.805965251909925 ], [ 53.173094971133537, 29.807006266099961 ], [ 53.183505113034073, 29.807006266099961 ], [ 53.201945935829258, 29.807452415038597 ], [ 53.20863816990817, 29.808195996602876 ], [ 53.220089325998686, 29.8116164717988 ], [ 53.227376425329055, 29.815036946994667 ], [ 53.232135347340716, 29.819647152693449 ], [ 53.237042985665255, 29.826339386772361 ], [ 53.239273730358207, 29.8312470250969 ], [ 53.239571162983964, 29.836005947108561 ], [ 53.235258389910882, 29.844928925880424 ], [ 53.228714872144849, 29.853554472026531 ], [ 53.216125804924332, 29.860887171684112 ], [ 53.211128936812145, 29.863171454249709 ], [ 53.206560371681007, 29.864599130853151 ], [ 53.19885091802206, 29.868596625343059 ], [ 53.188286111156117, 29.875021170058687 ], [ 53.182289869421481, 29.879018664548596 ], [ 53.170725688933089, 29.890582845036818 ], [ 53.162159629312157, 29.899291672318157 ], [ 53.156509941651905, 29.905259823193887 ], [ 53.151632046589953, 29.911922314010212 ], [ 53.143779825270769, 29.923343726838141 ], [ 53.137377935290488, 29.935655053723394 ], [ 53.150139860154752, 29.935426509650995 ], [ 53.155939796356449, 29.937359821718246 ], [ 53.160252569429531, 29.940334147975534 ], [ 53.165011491441192, 29.94628280049011 ], [ 53.171936504104394, 29.958875406858226 ], [ 53.183833809133546, 29.97695931050265 ], [ 53.192637814855175, 29.98742893892819 ], [ 53.204059227683103, 29.996708836851042 ], [ 53.21466518502092, 29.999776290729301 ], [ 53.222993363864873, 30.00290589463583 ], [ 53.232511207888194, 30.005880220893118 ], [ 53.246431054772415, 30.006832005295337 ], [ 53.257376575399178, 30.007664816647491 ], [ 53.270701557031771, 30.008854547150406 ], [ 53.283788592563837, 30.00992530460303 ], [ 53.285077374546972, 30.009127487185026 ], [ 53.286287026620073, 30.008378654949183 ], [ 53.288666487625903, 30.003381786836997 ], [ 53.289618006126545, 29.999800572360414 ], [ 53.290046729388052, 29.989476477141295 ], [ 53.293663510116801, 29.98262362944439 ], [ 53.301277785335515, 29.971582930377394 ], [ 53.309272774315161, 29.960351874429932 ], [ 53.314745534628514, 29.955355006317575 ], [ 53.319885170401164, 29.952642420770985 ], [ 53.323311594249617, 29.952642420770985 ], [ 53.331163815568857, 29.951643047148536 ], [ 53.345726116924538, 29.947217249677635 ], [ 53.35257896462133, 29.945789573074194 ], [ 53.367997871938996, 29.941792078584456 ], [ 53.398532954240238, 29.938388079353388 ], [ 53.412363571336641, 29.936157334660379 ], [ 53.426640337371623, 29.934075306280306 ], [ 53.445973458043966, 29.933926589967427 ], [ 53.465550130971337, 29.93641644354301 ], [ 53.482396714892616, 29.939842867391292 ], [ 53.488107421306495, 29.942840988258638 ], [ 53.493389824739438, 29.946695715088083 ], [ 53.50252695500194, 29.953548562784874 ], [ 53.516089882735059, 29.964684440292274 ], [ 53.529081739826893, 29.973678802894142 ], [ 53.536554635404229, 29.978100400255812 ], [ 53.542836412459565, 29.983525571349162 ], [ 53.546643550068836, 29.987427887398837 ], [ 53.558331668768005, 29.999887624533869 ], [ 53.565321545685663, 30.006971984900474 ], [ 53.570972765574481, 30.014259084230844 ], [ 53.578283659514852, 30.02288463037695 ], [ 53.593015413344858, 30.01662221047718 ], [ 53.609820356698549, 30.010078692711147 ], [ 53.625138136923567, 30.002940309693656 ], [ 53.632573825626366, 29.999911675938847 ], [ 53.639098228499279, 29.993751485284008 ], [ 53.658514630306854, 29.982901143097308 ], [ 53.669793275474376, 29.977475972004129 ], [ 53.688495838980259, 29.970337588986638 ], [ 53.708911614410283, 29.958487873177546 ], [ 53.722790153851349, 29.949651887500011 ], [ 53.728519134525925, 29.944073669474903 ], [ 53.731525449639207, 29.940890512296164 ], [ 53.733645064602968, 29.938646214099094 ], [ 53.736509554940312, 29.932314182827156 ], [ 53.736961842888206, 29.927489778048596 ], [ 53.736961842888206, 29.921459272075424 ], [ 53.735755741693652, 29.911961225167659 ], [ 53.733494301953669, 29.903518516805207 ] ] ] ] } },
{ "type": "Feature", "properties": { "Id": 0, "Base": 250000.0, "Name_sh": "پاسارگاد", "مرکز": "سعادت شهر", "area": 1693360769.6900001, "a4": 15, "توزیع": "0.59", "t": 0.59, "tt": 0.52 }, "geometry": { "type": "MultiPolygon", "coordinates": [ [ [ [ 53.318745957608598, 30.218844086155173 ], [ 53.319219065574941, 30.217533941017336 ], [ 53.323183873769551, 30.200694394147718 ], [ 53.326455632652426, 30.18730992598995 ], [ 53.330024824161171, 30.176156202525078 ], [ 53.331660703602836, 30.170058833697681 ], [ 53.336865774553075, 30.158161528668529 ], [ 53.340898063180191, 30.148013596254145 ], [ 53.34188902456674, 30.146633508870707 ], [ 53.346231540902238, 30.141041775506892 ], [ 53.353964789171357, 30.135152609517547 ], [ 53.366819827255313, 30.127092185360425 ], [ 53.374100977933097, 30.122095317248125 ], [ 53.38709283502493, 30.112529884004744 ], [ 53.392375238457817, 30.108104086533842 ], [ 53.395658894645862, 30.103392753742185 ], [ 53.399799156796007, 30.098824188611047 ], [ 53.400906558998486, 30.097486077616566 ], [ 53.403225580644516, 30.094683926461016 ], [ 53.409935660680844, 30.085689563858921 ], [ 53.417454757459268, 30.07644932361967 ], [ 53.426449120061363, 30.06559898143297 ], [ 53.437870532889292, 30.054463103925741 ], [ 53.451433460622582, 30.044469367701197 ], [ 53.463568711752259, 30.03918696426831 ], [ 53.469564953487009, 30.038330358306155 ], [ 53.475846730542344, 30.038330358306155 ], [ 53.482221592112353, 30.039949267431837 ], [ 53.493528790812036, 30.044019858963622 ], [ 53.501066923278529, 30.046130536054307 ], [ 53.514635561718194, 30.050653415534157 ], [ 53.520666067691366, 30.050954940832924 ], [ 53.527450386911198, 30.049145789040836 ], [ 53.534536231429627, 30.046130536054307 ], [ 53.543732753038739, 30.041909181873109 ], [ 53.554436901141059, 30.036180201198533 ], [ 53.566005640724768, 30.028595336790829 ], [ 53.578283659514852, 30.02288463037695 ], [ 53.570972765574481, 30.014259084230844 ], [ 53.565321545685663, 30.006971984900474 ], [ 53.558331668768005, 29.999887624533869 ], [ 53.546643550068836, 29.987427887398837 ], [ 53.542836412459565, 29.983525571349162 ], [ 53.536554635404229, 29.978100400255812 ], [ 53.529081739826893, 29.973678802894142 ], [ 53.516089882735059, 29.964684440292274 ], [ 53.50252695500194, 29.953548562784874 ], [ 53.493389824739438, 29.946695715088083 ], [ 53.488107421306495, 29.942840988258638 ], [ 53.482396714892616, 29.939842867391292 ], [ 53.465550130971337, 29.93641644354301 ], [ 53.445973458043966, 29.933926589967427 ], [ 53.426640337371623, 29.934075306280306 ], [ 53.412363571336641, 29.936157334660379 ], [ 53.398532954240238, 29.938388079353388 ], [ 53.367997871938996, 29.941792078584456 ], [ 53.35257896462133, 29.945789573074194 ], [ 53.345726116924538, 29.947217249677635 ], [ 53.331163815568857, 29.951643047148536 ], [ 53.323311594249617, 29.952642420770985 ], [ 53.319885170401164, 29.952642420770985 ], [ 53.314745534628514, 29.955355006317575 ], [ 53.309272774315161, 29.960351874429932 ], [ 53.301277785335515, 29.971582930377394 ], [ 53.293663510116801, 29.98262362944439 ], [ 53.290046729388052, 29.989476477141295 ], [ 53.289618006126545, 29.999800572360414 ], [ 53.288666487625903, 30.003381786836997 ], [ 53.286287026620073, 30.008378654949183 ], [ 53.285077374546972, 30.009127487185026 ], [ 53.283788592563837, 30.00992530460303 ], [ 53.270701557031771, 30.008854547150406 ], [ 53.257376575399178, 30.007664816647491 ], [ 53.246431054772415, 30.006832005295337 ], [ 53.232511207888194, 30.005880220893118 ], [ 53.222993363864873, 30.00290589463583 ], [ 53.21466518502092, 29.999776290729301 ], [ 53.204059227683103, 29.996708836851042 ], [ 53.192637814855175, 29.98742893892819 ], [ 53.183833809133546, 29.97695931050265 ], [ 53.171936504104394, 29.958875406858226 ], [ 53.165011491441192, 29.94628280049011 ], [ 53.160252569429531, 29.940334147975534 ], [ 53.155939796356449, 29.937359821718246 ], [ 53.150139860154752, 29.935426509650995 ], [ 53.137377935290488, 29.935655053723394 ], [ 53.136046577001821, 29.93821535812458 ], [ 53.127190631732446, 29.956994424906895 ], [ 53.123193137242708, 29.964561110905549 ], [ 53.11648305720621, 29.973983776488637 ], [ 53.112342795056009, 29.978837876940531 ], [ 53.104918876717818, 29.985405189316566 ], [ 53.093590767603246, 29.991118635715964 ], [ 53.08459640500115, 29.994259524243716 ], [ 53.075458843417664, 29.99973119360078 ], [ 53.076363648353151, 29.999731486720236 ], [ 53.0725090579474, 30.001309119835582 ], [ 53.063942998326297, 30.006448755608233 ], [ 53.057375685950262, 30.009018573494529 ], [ 53.050665605913764, 30.01173115904129 ], [ 53.038387587123793, 30.017299097794933 ], [ 53.030188153592746, 30.021422223376874 ], [ 53.017547266999259, 30.029899053210102 ], [ 53.005501245657229, 30.039565613546301 ], [ 52.99747056476258, 30.04491940080942 ], [ 52.985870692359128, 30.056221840587114 ], [ 52.978434876715937, 30.064103805168941 ], [ 52.971742642637025, 30.071837053437889 ], [ 52.960239509600171, 30.082705888795488 ], [ 52.947123159108571, 30.09506842604037 ], [ 52.932499182123649, 30.109390877726753 ], [ 52.926619438799776, 30.11527062105057 ], [ 52.923754948462374, 30.122507228218296 ], [ 52.922699609917288, 30.127934683594276 ], [ 52.921795034021159, 30.136528154606083 ], [ 52.922260266237117, 30.151626348651632 ], [ 52.921506452990457, 30.158712193170061 ], [ 52.917888149406565, 30.165647275039362 ], [ 52.910953067537434, 30.173637695453749 ], [ 52.907334763953429, 30.176652948440278 ], [ 52.897836717045664, 30.182683454413393 ], [ 52.891806211072549, 30.186150995348157 ], [ 52.882308164164783, 30.193086077217288 ], [ 52.868268176323681, 30.205626365487149 ], [ 52.859649179703979, 30.209996642200963 ], [ 52.852510796686488, 30.211924005615799 ], [ 52.846585938782084, 30.213779985200404 ], [ 52.83361311737832, 30.218781203640333 ], [ 52.824333219455525, 30.224491910054383 ], [ 52.814934348482439, 30.230083643418027 ], [ 52.808985695967863, 30.234009754077704 ], [ 52.802680124302526, 30.239768049711813 ], [ 52.80269311021317, 30.240105683386787 ], [ 52.809389787612247, 30.241553613635176 ], [ 52.818907631635568, 30.244527939892464 ], [ 52.824112702585865, 30.246461251959715 ], [ 52.831548518229056, 30.249881727155582 ], [ 52.839430482810883, 30.254045783915785 ], [ 52.854748263035901, 30.264604642129143 ], [ 52.868578880132304, 30.2745686350911 ], [ 52.877909791319496, 30.283282038075981 ], [ 52.886955550279311, 30.29247855968498 ], [ 52.892081480356524, 30.299262878904813 ], [ 52.898413511628462, 30.308007112566031 ], [ 52.900373426069677, 30.311926941448462 ], [ 52.902182577861595, 30.317806684772336 ], [ 52.902785628458957, 30.332882949705379 ], [ 52.900779840720759, 30.339372262976269 ], [ 52.907568687723028, 30.339083101730409 ], [ 52.932595287511617, 30.341043016171625 ], [ 52.945862400652686, 30.342550642664946 ], [ 52.957320362001667, 30.343153693262309 ], [ 52.976617981115908, 30.345867420950242 ], [ 52.996994543028507, 30.348314649005431 ], [ 53.011271309063488, 30.348885719646887 ], [ 53.013365234748619, 30.349266433407877 ], [ 53.025419018119521, 30.349396279638142 ], [ 53.042418013728707, 30.349356712085921 ], [ 53.061096782624418, 30.350070550387613 ], [ 53.071328464949602, 30.349713631236853 ], [ 53.089650314694381, 30.348761846834464 ], [ 53.108686002741024, 30.346858278029799 ], [ 53.115110547456766, 30.347096224130325 ], [ 53.124910405198648, 30.346439207357434 ], [ 53.14418403934576, 30.345011530753993 ], [ 53.164052538744556, 30.343940773301313 ], [ 53.176378146754701, 30.342660623280153 ], [ 53.194176515078254, 30.340852232915779 ], [ 53.192558481594347, 30.338092058148959 ], [ 53.189436442205022, 30.327008193755717 ], [ 53.186105196796746, 30.314278077374411 ], [ 53.181908422447748, 30.298247600508319 ], [ 53.179481372221858, 30.284684672775029 ], [ 53.178053695618303, 30.275476158682466 ], [ 53.175949999722036, 30.266149861270094 ], [ 53.173570538716206, 30.253110414958201 ], [ 53.174998215319818, 30.249588812669515 ], [ 53.176996962564658, 30.24806595762584 ], [ 53.184611237783372, 30.24597203194071 ], [ 53.193938724926227, 30.243497392494646 ], [ 53.204190506486214, 30.239968474565217 ], [ 53.216325757615891, 30.234138795100932 ], [ 53.216682676766823, 30.230212684441199 ], [ 53.217142959703779, 30.220248095662384 ], [ 53.226184911525877, 30.220057738781918 ], [ 53.236273826190654, 30.220533630982914 ], [ 53.259687722487968, 30.220438452542851 ], [ 53.279089847529519, 30.22042655523768 ], [ 53.30207544084584, 30.219712716935987 ], [ 53.318745957608598, 30.218844086155173 ] ] ] ] } },
{ "type": "Feature", "properties": { "Id": 0, "Base": 250000.0, "Name_sh": "بیضاء", "مرکز": "بیضاء", "area": 936802044.29100013, "a4": 12, "توزیع": "0.86", "t": 0.86, "tt": 0.48 }, "geometry": { "type": "MultiPolygon", "coordinates": [ [ [ [ 52.635210956650155, 29.853059845091025 ], [ 52.627775141006964, 29.840346087504258 ], [ 52.623908516872461, 29.831720541358095 ], [ 52.61959574379938, 29.823094995211989 ], [ 52.617216282793549, 29.819971952641822 ], [ 52.61409324022344, 29.820715534206158 ], [ 52.598031878434085, 29.831125676106637 ], [ 52.59446268692534, 29.832464122922431 ], [ 52.590596062790837, 29.827259051972192 ], [ 52.582812209665406, 29.822694475142043 ], [ 52.571955918826291, 29.818827851007597 ], [ 52.564792955859389, 29.817615657274814 ], [ 52.562289358490148, 29.817191971566047 ], [ 52.550986918712454, 29.816448390001767 ], [ 52.53994854665001, 29.817812949022539 ], [ 52.534370328624902, 29.820375914061174 ], [ 52.52999821179435, 29.821883540554495 ], [ 52.523515417873114, 29.822185065853091 ], [ 52.515675760108024, 29.823391167047816 ], [ 52.510549830030811, 29.82474803089184 ], [ 52.50663000114821, 29.826255657384991 ], [ 52.497875599300812, 29.832025361177784 ], [ 52.489376009747218, 29.83201918895702 ], [ 52.481047896226812, 29.834249933649971 ], [ 52.471083903264912, 29.839008855661632 ], [ 52.456360988291351, 29.84674210393058 ], [ 52.448776456335281, 29.851798458567998 ], [ 52.426915158344173, 29.862506033094235 ], [ 52.409217917113324, 29.870536713988884 ], [ 52.388640686841768, 29.880189334048566 ], [ 52.370937496958334, 29.889469231971248 ], [ 52.355375821980203, 29.900176806497484 ], [ 52.351235559830172, 29.903745998006229 ], [ 52.346734422259431, 29.907223341332553 ], [ 52.335302589790842, 29.916054976828718 ], [ 52.328461639399109, 29.921557480404715 ], [ 52.320877107443039, 29.926018969790618 ], [ 52.316564334369957, 29.931224040740915 ], [ 52.311210547106839, 29.936131679065397 ], [ 52.303328582525012, 29.944757225211561 ], [ 52.294108171127448, 29.950259728787557 ], [ 52.280277554031045, 29.957695544430749 ], [ 52.273436603639254, 29.961264735939494 ], [ 52.262449126985985, 29.965496248316242 ], [ 52.243032725178523, 29.981628993935658 ], [ 52.229488807558198, 29.999619539963305 ], [ 52.223759553274249, 30.010659394194818 ], [ 52.218030572599844, 30.020157441102583 ], [ 52.21215082927597, 30.027846336218374 ], [ 52.204009646212114, 30.036590569879593 ], [ 52.19496388725247, 30.043224126450127 ], [ 52.185465840344534, 30.050309970968556 ], [ 52.179736859670186, 30.055134375747002 ], [ 52.172254006841797, 30.064749834778638 ], [ 52.166977314115286, 30.071232628699875 ], [ 52.164565111726006, 30.075303220231831 ], [ 52.163811298479288, 30.07861999851707 ], [ 52.164263586427182, 30.080579912958342 ], [ 52.173309345387054, 30.089474909268688 ], [ 52.18145052845091, 30.097013041735181 ], [ 52.195570059702504, 30.108392956763282 ], [ 52.199424786531949, 30.111962148272028 ], [ 52.203422281021858, 30.11738731936515 ], [ 52.208419149134045, 30.123526328760249 ], [ 52.215228512291446, 30.128898055622301 ], [ 52.219225603532379, 30.131596800804459 ], [ 52.22160506453821, 30.133083963933132 ], [ 52.225025539734077, 30.134124978123168 ], [ 52.229784461745737, 30.136207006503298 ], [ 52.234543383757398, 30.14081721220208 ], [ 52.236327979511771, 30.144237687397947 ], [ 52.239302305769058, 30.151376070415438 ], [ 52.240640752584852, 30.157919588181471 ], [ 52.240683564856795, 30.163589960928846 ], [ 52.23949383435388, 30.167754017689049 ], [ 52.236222075470891, 30.174743684393661 ], [ 52.230422139269137, 30.183815379478403 ], [ 52.219618891129528, 30.198374765561994 ], [ 52.223352181009432, 30.196895913822971 ], [ 52.238485553006569, 30.190614136767636 ], [ 52.256331510550297, 30.180905935863848 ], [ 52.26361266122808, 30.177051209034346 ], [ 52.288735322982177, 30.164978496869651 ], [ 52.301465439363312, 30.159981628757464 ], [ 52.313243771342229, 30.156531410298953 ], [ 52.322404696214562, 30.154508868444111 ], [ 52.333945082092953, 30.153200164890734 ], [ 52.341678330361901, 30.152962218790208 ], [ 52.351652688400122, 30.154520495355769 ], [ 52.35864830375732, 30.15623370727991 ], [ 52.366500525076503, 30.164371463919849 ], [ 52.372496766811139, 30.170510473314891 ], [ 52.378064705564896, 30.174650735465093 ], [ 52.384203714959824, 30.175792876747835 ], [ 52.387840446355483, 30.176169090340522 ], [ 52.39248423926017, 30.17664948270999 ], [ 52.405190561031304, 30.175935644408241 ], [ 52.420545745662309, 30.173615669927472 ], [ 52.433156888993153, 30.170641343670184 ], [ 52.446600843676151, 30.167072152161438 ], [ 52.46242425936498, 30.162313230149778 ], [ 52.464751359249021, 30.160925018816499 ], [ 52.470162254538536, 30.157697195973356 ], [ 52.476539210034105, 30.15350934460298 ], [ 52.482059559567688, 30.149226314792486 ], [ 52.487770265981567, 30.144372214340592 ], [ 52.492053295792005, 30.139803649209455 ], [ 52.502876156244497, 30.130764371988278 ], [ 52.508499655363096, 30.12190547360774 ], [ 52.519203803465416, 30.112256664050733 ], [ 52.529154138321189, 30.104266243636118 ], [ 52.537295321385045, 30.096125060572433 ], [ 52.542572014111556, 30.087230064261917 ], [ 52.543325827358217, 30.081048795639447 ], [ 52.541968963514194, 30.075772102912936 ], [ 52.535486169592957, 30.070947698134319 ], [ 52.529606426269254, 30.070193884887829 ], [ 52.521163717906802, 30.069892359589062 ], [ 52.512871772193648, 30.070947698134319 ], [ 52.506992028869774, 30.070796935485021 ], [ 52.503342750277227, 30.069141736438269 ], [ 52.500162684890711, 30.064820519191471 ], [ 52.492881534212813, 30.055968924249839 ], [ 52.486635070212856, 30.042154628865035 ], [ 52.485457615874736, 30.039550643309497 ], [ 52.48288779798844, 30.031841189650777 ], [ 52.481888424365991, 30.019563170860636 ], [ 52.484315474591881, 30.006999616749795 ], [ 52.487599353515861, 29.999550381721519 ], [ 52.48031521418892, 29.999552333436782 ], [ 52.4827894713261, 29.995079781096706 ], [ 52.488690534620616, 29.985561937073385 ], [ 52.496922133291207, 29.973380692696651 ], [ 52.50385826475474, 29.973142443006793 ], [ 52.510401782520773, 29.969573251498048 ], [ 52.514863271906677, 29.963922031609059 ], [ 52.520692951370847, 29.958657474133759 ], [ 52.529169781204075, 29.94854476485898 ], [ 52.538241476288988, 29.939026920835659 ], [ 52.546123440870815, 29.93129367256671 ], [ 52.555261066854143, 29.923253944763019 ], [ 52.557402581759447, 29.919208861053107 ], [ 52.562875342072857, 29.912784316337309 ], [ 52.565730695279854, 29.907787448225122 ], [ 52.570489617291514, 29.898269604201801 ], [ 52.574296754900786, 29.89113122118431 ], [ 52.578103892510228, 29.886134353071952 ], [ 52.587145844332326, 29.87970980835621 ], [ 52.602136448669057, 29.870667856534055 ], [ 52.617364999106428, 29.861625904711957 ], [ 52.631165872940187, 29.854963413895689 ], [ 52.635210956650155, 29.853059845091025 ] ] ] ] } },
{ "type": "Feature", "properties": { "Id": 0, "Base": 250000.0, "Name_sh": "سپیدان", "مرکز": "اردکان", "area": 1934823771.6, "a4": 12, "توزیع": "1", "t": 1.0, "tt": 1.35 }, "geometry": { "type": "MultiPolygon", "coordinates": [ [ [ [ 51.968916128294097, 30.561010143084275 ], [ 51.977527471137023, 30.553680868925312 ], [ 51.985665227776906, 30.544686506323217 ], [ 51.989805489927107, 30.540689011833479 ], [ 51.996230034642906, 30.538547496928174 ], [ 52.003653952981097, 30.535549376060885 ], [ 52.012220012602029, 30.530980810929691 ], [ 52.025069102033569, 30.525412872176048 ], [ 52.030922576107912, 30.524413498553656 ], [ 52.038774797427095, 30.523699660251907 ], [ 52.043771665539282, 30.521272610025903 ], [ 52.046341483425579, 30.517275115536165 ], [ 52.04700308174273, 30.513617883970198 ], [ 52.046860314082267, 30.511333601404601 ], [ 52.045289869818362, 30.507621642235392 ], [ 52.038579789782034, 30.500626026878365 ], [ 52.032869083367984, 30.49677130004892 ], [ 52.027158376953935, 30.493202108540174 ], [ 52.029585427179995, 30.489490149370965 ], [ 52.039293628083783, 30.480781322089626 ], [ 52.040304836464429, 30.479802910699448 ], [ 52.050631759776479, 30.469810925279603 ], [ 52.061196566642479, 30.459722010614996 ], [ 52.070238518464578, 30.451346307874417 ], [ 52.080232254689122, 30.442494712932785 ], [ 52.090833714868324, 30.434692003630289 ], [ 52.097686562565116, 30.428196075084429 ], [ 52.104539410262078, 30.42112907589717 ], [ 52.111891944770036, 30.41434761203044 ], [ 52.117959570334847, 30.410421501370934 ], [ 52.121958010938386, 30.407208200966352 ], [ 52.127958750766084, 30.402385776018946 ], [ 52.133193564978967, 30.396080204353439 ], [ 52.136524810387016, 30.391321282341778 ], [ 52.139380163594012, 30.386324414229591 ], [ 52.140569894096927, 30.376925543256561 ], [ 52.139659720218617, 30.366661263517528 ], [ 52.138707935816228, 30.355477796790069 ], [ 52.138469989715702, 30.347149683269663 ], [ 52.137518205313313, 30.341438976855613 ], [ 52.135138744307483, 30.33691800094465 ], [ 52.130617768396348, 30.330255510128154 ], [ 52.124458581172121, 30.324548610851821 ], [ 52.114960534264355, 30.315804377190773 ], [ 52.112699094524373, 30.313392174801436 ], [ 52.111568337339577, 30.311541844862745 ], [ 52.111040705381754, 30.31067844711356 ], [ 52.110286892135036, 30.306909380880199 ], [ 52.10916340582645, 30.298087481612072 ], [ 52.113160900316359, 30.281907146772255 ], [ 52.118490892969305, 30.264775027530447 ], [ 52.124772670024811, 30.254602831730438 ], [ 52.135628960863926, 30.242854243014165 ], [ 52.141875046004202, 30.237054306812411 ], [ 52.146039102764405, 30.233187682677965 ], [ 52.156597960977763, 30.227833895414847 ], [ 52.162397897179517, 30.225157001783259 ], [ 52.174588660834047, 30.217403839288352 ], [ 52.192434618377774, 30.209123314988119 ], [ 52.209423969959346, 30.202413234951621 ], [ 52.219618891129528, 30.198374765561994 ], [ 52.230422139269137, 30.183815379478403 ], [ 52.236222075470891, 30.174743684393661 ], [ 52.23949383435388, 30.167754017689049 ], [ 52.240683564856795, 30.163589960928846 ], [ 52.240640752584852, 30.157919588181471 ], [ 52.239302305769058, 30.151376070415438 ], [ 52.236327979511771, 30.144237687397947 ], [ 52.234543383757398, 30.14081721220208 ], [ 52.229784461745737, 30.136207006503298 ], [ 52.225025539734077, 30.134124978123168 ], [ 52.22160506453821, 30.133083963933132 ], [ 52.219225603532379, 30.131596800804459 ], [ 52.215228512291446, 30.128898055622301 ], [ 52.208419149134045, 30.123526328760249 ], [ 52.203422281021858, 30.11738731936515 ], [ 52.199424786531949, 30.111962148272028 ], [ 52.195570059702504, 30.108392956763282 ], [ 52.18145052845091, 30.097013041735181 ], [ 52.173309345387054, 30.089474909268688 ], [ 52.164263586427182, 30.080579912958342 ], [ 52.163811298479288, 30.07861999851707 ], [ 52.164565111726006, 30.075303220231831 ], [ 52.166977314115286, 30.071232628699875 ], [ 52.172254006841797, 30.064749834778638 ], [ 52.179736859670186, 30.055134375747002 ], [ 52.185465840344534, 30.050309970968556 ], [ 52.19496388725247, 30.043224126450127 ], [ 52.204009646212114, 30.036590569879593 ], [ 52.21215082927597, 30.027846336218374 ], [ 52.218030572599844, 30.020157441102583 ], [ 52.223759553274249, 30.010659394194818 ], [ 52.229488807558198, 29.999619539963305 ], [ 52.243032725178523, 29.981628993935658 ], [ 52.262449126985985, 29.965496248316242 ], [ 52.273436603639254, 29.961264735939494 ], [ 52.280277554031045, 29.957695544430749 ], [ 52.294108171127448, 29.950259728787557 ], [ 52.303328582525012, 29.944757225211561 ], [ 52.311210547106839, 29.936131679065397 ], [ 52.316564334369957, 29.931224040740915 ], [ 52.320877107443039, 29.926018969790618 ], [ 52.313442118482328, 29.928361999145352 ], [ 52.302134919782532, 29.928814287093417 ], [ 52.293239923472129, 29.927608185898862 ], [ 52.278163658539142, 29.92534674615888 ], [ 52.260373665918223, 29.924592932912162 ], [ 52.241226809453508, 29.924592932912162 ], [ 52.234902519361356, 29.924884305843818 ], [ 52.226336459740423, 29.925312608824981 ], [ 52.217627632459028, 29.926169214786967 ], [ 52.206491754951799, 29.928453497352564 ], [ 52.198782301292908, 29.932165456521773 ], [ 52.192786059558273, 29.936305718671804 ], [ 52.182792323333786, 29.941302586784161 ], [ 52.169514930921196, 29.945728384254892 ], [ 52.163090386205454, 29.946870525537747 ], [ 52.153894310204464, 29.9459300976539 ], [ 52.147136640947963, 29.943740993528593 ], [ 52.140093436370705, 29.939648320598565 ], [ 52.129623807944995, 29.930606368776296 ], [ 52.124008279971349, 29.923182450438105 ], [ 52.102964326835718, 29.932966794094057 ], [ 52.086308099794906, 29.942246692016909 ], [ 52.078455878475665, 29.949860967235566 ], [ 52.062513489736602, 29.95914086515819 ], [ 52.045619316595264, 29.970800224086872 ], [ 52.041431465224889, 29.973635748452182 ], [ 52.025298719605473, 29.976633869319528 ], [ 52.018303104248218, 29.978632616564369 ], [ 52.012164094853176, 29.980488596148973 ], [ 52.011021953570491, 29.983486717016262 ], [ 52.011307488891191, 29.986913140864544 ], [ 52.01430560975848, 29.99091063535451 ], [ 52.01701819530507, 29.99290938259935 ], [ 52.023299972360576, 29.996764109428796 ], [ 52.031152437458843, 29.999672682288349 ], [ 52.051285998615413, 29.999667287694081 ], [ 52.0488736878861, 30.011173193041316 ], [ 52.046310722847522, 30.020671239949024 ], [ 52.041335555419607, 30.032883014544666 ], [ 52.039393973236599, 30.033765551900558 ], [ 52.038018777134369, 30.034390641037987 ], [ 52.034249710901008, 30.034239878388689 ], [ 52.027314629031878, 30.033486065142029 ], [ 52.012087601449593, 30.031224625402047 ], [ 52.002288029243232, 30.030018524207492 ], [ 51.988116340206375, 30.030772337454152 ], [ 51.976220735121785, 30.036694778403159 ], [ 51.963728564841176, 30.043089579856201 ], [ 51.955103018695013, 30.048592083432311 ], [ 51.943783273746362, 30.060270167096519 ], [ 51.936216587747879, 30.069121762038321 ], [ 51.923938568957738, 30.080543174866307 ], [ 51.915658044657391, 30.084397901695752 ], [ 51.904950470131155, 30.086682184261349 ], [ 51.899525299037975, 30.086967719582049 ], [ 51.891244774737629, 30.085111739997444 ], [ 51.884046724932716, 30.084341179190858 ], [ 51.875290308431317, 30.083865286989806 ], [ 51.867676033212604, 30.084436357631091 ], [ 51.859681044233128, 30.08538814203348 ], [ 51.855683549743219, 30.085483320473713 ], [ 51.848354809845262, 30.085483320473713 ], [ 51.843405530953305, 30.084817071392024 ], [ 51.830409203358897, 30.085562635840631 ], [ 51.814704760720474, 30.089131827349377 ], [ 51.806424236420128, 30.093557624820107 ], [ 51.795716661893891, 30.100267704856606 ], [ 51.782439269481358, 30.107548855534503 ], [ 51.772873836237977, 30.111974653005234 ], [ 51.770387489843642, 30.117323430421436 ], [ 51.771339274246031, 30.128031004947672 ], [ 51.776098196257692, 30.140047283027059 ], [ 51.778907699777278, 30.145315102126403 ], [ 51.779905333866964, 30.14718566604455 ], [ 51.784664255878624, 30.15063588450306 ], [ 51.787995501286844, 30.152420480257433 ], [ 51.793706207700893, 30.154324049062041 ], [ 51.800249725466927, 30.154918914313498 ], [ 51.808458865936927, 30.154799941263263 ], [ 51.823687416374298, 30.152896372458486 ], [ 51.832786186841133, 30.152853614265382 ], [ 51.843065458386207, 30.154281290868823 ], [ 51.856913921440196, 30.156280038113664 ], [ 51.86890640490958, 30.158849856000018 ], [ 51.880205956736575, 30.162220391056223 ], [ 51.890021233385653, 30.165938298878018 ], [ 51.899539077408974, 30.1708459372025 ], [ 51.900877524224768, 30.173374114521209 ], [ 51.900877524224768, 30.175456142901339 ], [ 51.900431375286132, 30.180809930164457 ], [ 51.899390361096096, 30.185866284801818 ], [ 51.895962855674554, 30.200168575963858 ], [ 51.892108128845109, 30.208306332603797 ], [ 51.888396169676071, 30.21687239222473 ], [ 51.883970372205169, 30.222868633959536 ], [ 51.876118150885986, 30.231720228901168 ], [ 51.86205077741954, 30.24663944940778 ], [ 51.853199182477908, 30.256728364072387 ], [ 51.843395803133831, 30.265199245253257 ], [ 51.824652590502467, 30.279470062635653 ], [ 51.811446581920165, 30.291367367664805 ], [ 51.800636145277394, 30.30137991875614 ], [ 51.787102960806749, 30.313872089036749 ], [ 51.777585116783428, 30.323389933060071 ], [ 51.768215989073155, 30.330082167138926 ], [ 51.758103279798377, 30.337071833843595 ], [ 51.749505716113561, 30.342358758252431 ], [ 51.738349280063176, 30.349293840121561 ], [ 51.725670445825585, 30.356947214643583 ], [ 51.71376019652854, 30.365540685655333 ], [ 51.704412912270129, 30.372777292823059 ], [ 51.69280418827185, 30.381521526484164 ], [ 51.684361479909398, 30.38966270954802 ], [ 51.675014195650931, 30.398406943209068 ], [ 51.669435977625653, 30.4051912624289 ], [ 51.658368390760415, 30.419599808592579 ], [ 51.660562801098479, 30.418973779481519 ], [ 51.66732047035498, 30.415928069393999 ], [ 51.674078139611538, 30.411930574904261 ], [ 51.678551526302613, 30.409265578577731 ], [ 51.688450084086753, 30.405077727207356 ], [ 51.699585961594153, 30.397844165749802 ], [ 51.710777705360726, 30.388830815529616 ], [ 51.718986845830898, 30.382406270813874 ], [ 51.724221660043725, 30.379312971506295 ], [ 51.730051339507895, 30.376814537450059 ], [ 51.738498426078706, 30.374554049494634 ], [ 51.745517836045792, 30.37372123814248 ], [ 51.752180326862231, 30.374910968645395 ], [ 51.758575785190828, 30.377264449542338 ], [ 51.764286491604764, 30.380405338070091 ], [ 51.77013996567905, 30.384260064899536 ], [ 51.773994692508552, 30.389970771313472 ], [ 51.778563257639746, 30.397822992632655 ], [ 51.781275843186506, 30.4013921841414 ], [ 51.792126185372979, 30.40981547610204 ], [ 51.80110248570287, 30.416321463278621 ], [ 51.807943436094604, 30.422270115793197 ], [ 51.815676684363552, 30.429705931436388 ], [ 51.824794783526727, 30.439243253549591 ], [ 51.828615003582797, 30.443239115907033 ], [ 51.839216223412564, 30.455294803809409 ], [ 51.843499253223058, 30.4624331868269 ], [ 51.844807956776208, 30.466478270536868 ], [ 51.844149036434487, 30.476447926616061 ], [ 51.837967767812017, 30.485493685575705 ], [ 51.834650989526722, 30.490167327705024 ], [ 51.831484973890781, 30.496197833678139 ], [ 51.830278872696226, 30.501776051703246 ], [ 51.831635736540079, 30.517907655181546 ], [ 51.834204888177283, 30.526439371248671 ], [ 51.837476647060271, 30.531049576947453 ], [ 51.842979150636268, 30.535957215271992 ], [ 51.84758935633505, 30.542054584099446 ], [ 51.857404632984128, 30.554844187005756 ], [ 51.868558356448943, 30.567485073599244 ], [ 51.873775324704411, 30.57443544314475 ], [ 51.879914334099283, 30.579004008276115 ], [ 51.883483525608028, 30.582715967445097 ], [ 51.88519673753234, 30.584286411709002 ], [ 51.888480393720386, 30.592281400688478 ], [ 51.888625672578257, 30.593879468124896 ], [ 51.896493266813422, 30.585316337258973 ], [ 51.899729333781238, 30.582746519372677 ], [ 51.90353647139068, 30.580557415247313 ], [ 51.907438787440128, 30.579415273964457 ], [ 51.912863958533478, 30.579034560203468 ], [ 51.918098772746362, 30.579129738643701 ], [ 51.924951620443153, 30.580367058366846 ], [ 51.929234650253591, 30.580938129008132 ], [ 51.934088750705484, 30.580557415247313 ], [ 51.942178918125364, 30.578273132681716 ], [ 51.95089765982749, 30.574341073369624 ], [ 51.955507865526272, 30.571218030799457 ], [ 51.961753950666605, 30.566607825100675 ], [ 51.966661588991144, 30.563187349904638 ], [ 51.968916128294097, 30.561010143084275 ] ] ] ] } },
{ "type": "Feature", "properties": { "Id": 0, "Base": 250000.0, "Name_sh": "شیراز", "مرکز": "شیراز", "area": 5289862013.0, "a4": 11, "توزیع": "38.69", "t": 38.69, "tt": 35.48 }, "geometry": { "type": "MultiPolygon", "coordinates": [ [ [ [ 52.320877107443039, 29.926018969790618 ], [ 52.328461639399109, 29.921557480404715 ], [ 52.335302589790842, 29.916054976828718 ], [ 52.346734422259431, 29.907223341332553 ], [ 52.351235559830172, 29.903745998006229 ], [ 52.355375821980203, 29.900176806497484 ], [ 52.370937496958334, 29.889469231971248 ], [ 52.388640686841768, 29.880189334048566 ], [ 52.409217917113324, 29.870536713988884 ], [ 52.426915158344173, 29.862506033094235 ], [ 52.448776456335281, 29.851798458567998 ], [ 52.456360988291351, 29.84674210393058 ], [ 52.471083903264912, 29.839008855661632 ], [ 52.481047896226812, 29.834249933649971 ], [ 52.489376009747218, 29.83201918895702 ], [ 52.497875599300812, 29.832025361177784 ], [ 52.50663000114821, 29.826255657384991 ], [ 52.510549830030811, 29.82474803089184 ], [ 52.515675760108024, 29.823391167047816 ], [ 52.523515417873114, 29.822185065853091 ], [ 52.52999821179435, 29.821883540554495 ], [ 52.534370328624902, 29.820375914061174 ], [ 52.53994854665001, 29.817812949022539 ], [ 52.550986918712454, 29.816448390001767 ], [ 52.562289358490148, 29.817191971566047 ], [ 52.564792955859389, 29.817615657274814 ], [ 52.570080608332205, 29.810163525319354 ], [ 52.576563402253441, 29.800816241060943 ], [ 52.583800009421168, 29.788755229114599 ], [ 52.58983051539451, 29.778804894258826 ], [ 52.594275584120055, 29.766460643027472 ], [ 52.597398626690051, 29.756496650065571 ], [ 52.598885789818837, 29.751886444366789 ], [ 52.600372952947339, 29.745491642913578 ], [ 52.603495995517505, 29.738204543583265 ], [ 52.605131874959, 29.735378933638799 ], [ 52.608701066467745, 29.731661025817232 ], [ 52.614054853730863, 29.726158522241235 ], [ 52.616136882111107, 29.720953451290995 ], [ 52.617624045239609, 29.716789394530792 ], [ 52.620654140114368, 29.705928784909872 ], [ 52.622736168494441, 29.695072494070644 ], [ 52.622290019555862, 29.688380259991902 ], [ 52.623628466371656, 29.684662352170278 ], [ 52.627197657880401, 29.679903430158618 ], [ 52.631807863579184, 29.676631671275459 ], [ 52.632582806137634, 29.676410259115869 ], [ 52.63805394871946, 29.674847075521086 ], [ 52.645638480675586, 29.67202146557679 ], [ 52.655007608386029, 29.670534302448175 ], [ 52.662740856654978, 29.671129167699632 ], [ 52.673597147494092, 29.67410349395692 ], [ 52.681479112075863, 29.676631671275459 ], [ 52.690376349405881, 29.675304797292824 ], [ 52.69851410604582, 29.672877747066821 ], [ 52.716360063589548, 29.669879626199474 ], [ 52.724527392428172, 29.667837793989861 ], [ 52.728352547058932, 29.666881505332185 ], [ 52.743628686716363, 29.663740616804432 ], [ 52.765083078849216, 29.659033159650221 ], [ 52.770793785263152, 29.65867624049929 ], [ 52.776861410828133, 29.660460836253662 ], [ 52.789829473309794, 29.662959270309727 ], [ 52.802321643590403, 29.661888512857047 ], [ 52.81564662522311, 29.658795213549524 ], [ 52.827522028395265, 29.656447749083668 ], [ 52.836920899368295, 29.652521638424162 ], [ 52.845130039838466, 29.649547312166874 ], [ 52.855361722163479, 29.645026336255739 ], [ 52.86321394348272, 29.641576117797456 ], [ 52.874516383260413, 29.637055141886265 ], [ 52.883039855937227, 29.635340247514876 ], [ 52.893271538262411, 29.634031543961726 ], [ 52.898030460274072, 29.633674624810794 ], [ 52.909927765303223, 29.630938244654146 ], [ 52.912921263504927, 29.62959117046347 ], [ 52.921825070332375, 29.625584457391028 ], [ 52.929439345550918, 29.62023067012791 ], [ 52.938998830141998, 29.618645173970435 ], [ 52.949278101687071, 29.61507598246169 ], [ 52.958843534930622, 29.612220629254864 ], [ 52.967695129872254, 29.608794205406411 ], [ 52.983827875491841, 29.598086630880175 ], [ 52.994820985338777, 29.590234409560935 ], [ 53.002322560631626, 29.587178100056292 ], [ 53.007033893423113, 29.586464261754543 ], [ 53.018312538590749, 29.583180605566554 ], [ 53.028734577796286, 29.577184363831748 ], [ 53.042868576170974, 29.57047428379542 ], [ 53.049721423867766, 29.564906345041607 ], [ 53.039156617001822, 29.561622688853618 ], [ 53.033017607606723, 29.559909476929477 ], [ 53.03030502206019, 29.557054123722423 ], [ 53.032431665334116, 29.554509127940833 ], [ 53.037339303658598, 29.551088652744795 ], [ 53.040908495167344, 29.547370744923342 ], [ 53.046708431369098, 29.542165673972931 ], [ 53.050277622877843, 29.535770872519777 ], [ 53.052062218632216, 29.529078638440865 ], [ 53.052359651257916, 29.524319716429204 ], [ 53.052062218632216, 29.520750524920459 ], [ 53.054292963325167, 29.519412078104835 ], [ 53.060539048465444, 29.517032617099005 ], [ 53.067677431482934, 29.515694170283211 ], [ 53.073179935058931, 29.514653156093175 ], [ 53.075261963439061, 29.513612141902968 ], [ 53.076302977629098, 29.510489099332972 ], [ 53.076302977629098, 29.506473758885477 ], [ 53.071626300244873, 29.499973804483886 ], [ 53.063744335663102, 29.495958464036562 ], [ 53.052888044823987, 29.491794407276359 ], [ 53.043518917113545, 29.491496974650659 ], [ 53.038165129850427, 29.490307244147743 ], [ 53.03266262627443, 29.48688676895182 ], [ 53.023144782251109, 29.482573995878795 ], [ 53.018088427613691, 29.480045818560086 ], [ 53.008719299903248, 29.476476627051341 ], [ 52.998011725377012, 29.475435612861304 ], [ 52.993847668616809, 29.475435612861304 ], [ 52.987750299789354, 29.475435612861304 ], [ 52.985250964422278, 29.471456174634852 ], [ 52.983168936042318, 29.463128061114446 ], [ 52.980938191349196, 29.455692245471255 ], [ 52.979302311907702, 29.4495948766438 ], [ 52.976922850901872, 29.443051358877767 ], [ 52.97498953883462, 29.435912975860276 ], [ 52.972461361516082, 29.430856621222915 ], [ 52.969040886320045, 29.425502833959797 ], [ 52.965322978498591, 29.422974656641088 ], [ 52.960415895982464, 29.422708777410776 ], [ 52.950749335646265, 29.422857493723654 ], [ 52.942123789500158, 29.42122161428216 ], [ 52.925170129833589, 29.417503706460536 ], [ 52.912529243240101, 29.415124245454706 ], [ 52.903160115529658, 29.41363708232609 ], [ 52.893939704132094, 29.413190933387455 ], [ 52.88025780334857, 29.415867827019042 ], [ 52.871483540889528, 29.419437018527788 ], [ 52.863423116732292, 29.424419015008766 ], [ 52.852382417665297, 29.43165257646649 ], [ 52.845339213088039, 29.439266851685147 ], [ 52.838486365391248, 29.443835416816341 ], [ 52.82363852871481, 29.447832911306079 ], [ 52.814501398452478, 29.449165409469458 ], [ 52.799843918656507, 29.449355766349925 ], [ 52.78880321958934, 29.446310056262405 ], [ 52.782331085653539, 29.444596844338264 ], [ 52.773193955391207, 29.439647565446137 ], [ 52.770338602184154, 29.437934353521825 ], [ 52.767483248977157, 29.434888643434476 ], [ 52.762724326965497, 29.428606866378971 ], [ 52.760820758160833, 29.425751513172088 ], [ 52.756823263671095, 29.419279379236116 ], [ 52.750765600116324, 29.410750883372998 ], [ 52.744735094143152, 29.399594447322613 ], [ 52.738855350819279, 29.387382672726801 ], [ 52.737649249624553, 29.384216657091031 ], [ 52.729809591859635, 29.378487676416626 ], [ 52.712856027371572, 29.368629474291083 ], [ 52.698533575685417, 29.363051256265805 ], [ 52.686924851686967, 29.359583715331269 ], [ 52.671999349403279, 29.35656846234474 ], [ 52.659938337456936, 29.35415625995546 ], [ 52.649384952003913, 29.35249787081284 ], [ 52.639088091482904, 29.351572507945434 ], [ 52.626876316887262, 29.352627846490691 ], [ 52.616322931434127, 29.354436998282779 ], [ 52.613458441096896, 29.355643099477334 ], [ 52.59913598941057, 29.359412165710523 ], [ 52.589034891905499, 29.361673605450505 ], [ 52.57742616790722, 29.365744196982462 ], [ 52.569737272791428, 29.368759449968934 ], [ 52.555867109053167, 29.375091481240872 ], [ 52.548932027184037, 29.377503683630039 ], [ 52.541502778853214, 29.380967734688625 ], [ 52.533698146754034, 29.373543816350434 ], [ 52.526274228415787, 29.368594537458307 ], [ 52.515804599990076, 29.359267050315452 ], [ 52.509713179815208, 29.354698485184258 ], [ 52.501157868855103, 29.345415145067193 ], [ 52.496058174548125, 29.343030376142451 ], [ 52.488324926279176, 29.338122737817912 ], [ 52.479550663820305, 29.332471517929093 ], [ 52.469437954545356, 29.323548539157059 ], [ 52.462745720466501, 29.313733262508151 ], [ 52.45883976226088, 29.304287373239163 ], [ 52.45860103251897, 29.303710046347987 ], [ 52.457093406025649, 29.293156660895022 ], [ 52.454681203636312, 29.282754038091298 ], [ 52.452872051844395, 29.27717582006602 ], [ 52.451816713299138, 29.269788450248996 ], [ 52.449971152523119, 29.259565122583012 ], [ 52.447840386494249, 29.2601998188469 ], [ 52.44482513350772, 29.257636853808265 ], [ 52.44241293111844, 29.254169312873728 ], [ 52.439397678131797, 29.24859109484845 ], [ 52.435930137197204, 29.240449911784765 ], [ 52.430727517091839, 29.226902521931834 ], [ 52.425492702878955, 29.217027758757695 ], [ 52.420138915615837, 29.209770402689799 ], [ 52.414666155302484, 29.203583804074697 ], [ 52.41145388294467, 29.201204343068866 ], [ 52.404910365178637, 29.198705909012801 ], [ 52.391929486054494, 29.193498464610173 ], [ 52.381079143867964, 29.191928020346268 ], [ 52.364089792286393, 29.191785252686032 ], [ 52.349384723270248, 29.193212929289473 ], [ 52.340675895988909, 29.194926141213784 ], [ 52.336608404905917, 29.19600737302062 ], [ 52.329397250821387, 29.197924262081074 ], [ 52.318832443955444, 29.202921130193261 ], [ 52.307873343576432, 29.214000825982339 ], [ 52.301478542123277, 29.220098194809793 ], [ 52.291365832848498, 29.226641712575827 ], [ 52.278724946255011, 29.232144216151823 ], [ 52.264596896532908, 29.238985166543557 ], [ 52.25225344256512, 29.242554358052303 ], [ 52.241327029731281, 29.242489583836118 ], [ 52.234002087224667, 29.240984247501956 ], [ 52.223448701771474, 29.237516706567362 ], [ 52.205960234449378, 29.229677048802102 ], [ 52.192843883957607, 29.22048052719299 ], [ 52.183798124997963, 29.212791632077199 ], [ 52.175053891336859, 29.206610363454729 ], [ 52.169007014671877, 29.202039133327332 ], [ 52.166594812282597, 29.200229981535358 ], [ 52.140971004006133, 29.199041216905869 ], [ 52.14255103107655, 29.202572192679895 ], [ 52.139725421132141, 29.208520845194471 ], [ 52.135858796997695, 29.215659228211962 ], [ 52.131099874986035, 29.224433490670947 ], [ 52.122249836307958, 29.238568678776119 ], [ 52.110828423479973, 29.25855615122515 ], [ 52.102452720739393, 29.272452203499142 ], [ 52.097122728086276, 29.281589333761531 ], [ 52.090959924081176, 29.298023477775189 ], [ 52.088485284635112, 29.308112392439909 ], [ 52.086772072710971, 29.322769872235881 ], [ 52.086581715830505, 29.339140563955993 ], [ 52.087585524707379, 29.346543654422817 ], [ 52.088104570874179, 29.350371619903456 ], [ 52.091298683185698, 29.363929446072177 ], [ 52.094916986769533, 29.386393080822415 ], [ 52.095067749418831, 29.392423586795587 ], [ 52.095067749418831, 29.401620108404529 ], [ 52.09303410233116, 29.410815192242353 ], [ 52.091275675942484, 29.414722806439556 ], [ 52.090357208699572, 29.416763844756929 ], [ 52.087085449816584, 29.42182019939446 ], [ 52.083664974620717, 29.426727837718829 ], [ 52.078013754731842, 29.432973922859105 ], [ 52.071024088027229, 29.440707171128054 ], [ 52.066711314954148, 29.446209674704221 ], [ 52.058851132054372, 29.45956777951551 ], [ 52.052158897975517, 29.47161380085754 ], [ 52.043682068142232, 29.486485432143979 ], [ 52.038923146130571, 29.496895574044458 ], [ 52.035056521996069, 29.502695510246156 ], [ 52.032312628970772, 29.505361006327973 ], [ 52.029851451045829, 29.507751864883573 ], [ 52.021704140509371, 29.513756173351567 ], [ 52.008914537603232, 29.5202996911176 ], [ 51.997909530451068, 29.526248343632176 ], [ 51.984525062293471, 29.533386726649667 ], [ 51.974561069331401, 29.537699499722748 ], [ 51.965191941620901, 29.541268691231494 ], [ 51.956715111787673, 29.545432747991697 ], [ 51.949651215417589, 29.549766517428736 ], [ 51.945128335937738, 29.555344735453957 ], [ 51.93804249141931, 29.566048883556277 ], [ 51.933821137237942, 29.573436253373472 ], [ 51.93020283365405, 29.582482012333287 ], [ 51.927941393914239, 29.591075483344923 ], [ 51.930447117052552, 29.608632363343588 ], [ 51.934216183285685, 29.617527359654162 ], [ 51.939040588064302, 29.627477694509935 ], [ 51.941389020898669, 29.635734424200109 ], [ 51.941087495599845, 29.640709591628024 ], [ 51.939278343807928, 29.646740097601196 ], [ 51.932644787237393, 29.653524416821028 ], [ 51.919980724693858, 29.663776276975454 ], [ 51.903246070618252, 29.67809872866161 ], [ 51.892616494823756, 29.688132772955498 ], [ 51.885626828119143, 29.697501900665998 ], [ 51.876257700408644, 29.708209475192234 ], [ 51.867186005323958, 29.719065766031292 ], [ 51.861237352809383, 29.728732326367663 ], [ 51.856924579736301, 29.736316858323562 ], [ 51.850368617389279, 29.747665150315015 ], [ 51.846599551155919, 29.758972349014698 ], [ 51.844941162013299, 29.770731835662446 ], [ 51.841942679467991, 29.783667670724242 ], [ 51.841942679467991, 29.787088145920109 ], [ 51.841942679467991, 29.791103486367433 ], [ 51.841050381590833, 29.798688018323503 ], [ 51.83926578583646, 29.80656998290533 ], [ 51.836588892204873, 29.811626337542748 ], [ 51.830045374438839, 29.820400600001733 ], [ 51.818891650974024, 29.830959458215091 ], [ 51.804562676716557, 29.842978120117948 ], [ 51.805324104238309, 29.845643116444535 ], [ 51.808179457445362, 29.858777741196604 ], [ 51.808940884967285, 29.866963087056718 ], [ 51.809511955608571, 29.874196648514499 ], [ 51.811034810652416, 29.881239853091699 ], [ 51.813699806978946, 29.88904448519088 ], [ 51.821885152838888, 29.893613050322074 ], [ 51.827024788611538, 29.894755191604759 ], [ 51.831402996862209, 29.894755191604759 ], [ 51.835590848232414, 29.892280552158695 ], [ 51.846702918439348, 29.884889019871139 ], [ 51.861025370125503, 29.877953938002008 ], [ 51.885599681966255, 29.869360466990258 ], [ 51.904445013132431, 29.861520809225169 ], [ 51.920192666782668, 29.853429309307216 ], [ 51.93647503291038, 29.845137363594063 ], [ 51.944480021959066, 29.841172988065239 ], [ 51.952305111089856, 29.837297705828973 ], [ 51.97054739165884, 29.833377876946315 ], [ 51.977783998826567, 29.833377876946315 ], [ 51.990749586668869, 29.834131690192976 ], [ 52.002892604359431, 29.835138601947847 ], [ 52.019778021084221, 29.837249279038417 ], [ 52.033489807898093, 29.840001078102546 ], [ 52.043721490223106, 29.842856431309599 ], [ 52.058236202358614, 29.849756868226393 ], [ 52.070133507387766, 29.856181412942192 ], [ 52.087027680529275, 29.867840771870817 ], [ 52.09659515059667, 29.875765131226558 ], [ 52.101973519272747, 29.880219822575157 ], [ 52.108908601142105, 29.890622445378824 ], [ 52.117954360101749, 29.907809387402381 ], [ 52.124008279971349, 29.923182450438105 ], [ 52.129623807944995, 29.930606368776296 ], [ 52.140093436370705, 29.939648320598565 ], [ 52.147136640947963, 29.943740993528593 ], [ 52.153894310204464, 29.9459300976539 ], [ 52.163090386205454, 29.946870525537747 ], [ 52.169514930921196, 29.945728384254892 ], [ 52.182792323333786, 29.941302586784161 ], [ 52.192786059558273, 29.936305718671804 ], [ 52.198782301292908, 29.932165456521773 ], [ 52.206491754951799, 29.928453497352564 ], [ 52.217627632459028, 29.926169214786967 ], [ 52.226336459740423, 29.925312608824981 ], [ 52.234902519361356, 29.924884305843818 ], [ 52.241226809453508, 29.924592932912162 ], [ 52.260373665918223, 29.924592932912162 ], [ 52.278163658539142, 29.92534674615888 ], [ 52.293239923472129, 29.927608185898862 ], [ 52.302134919782532, 29.928814287093417 ], [ 52.313442118482328, 29.928361999145352 ], [ 52.320877107443039, 29.926018969790618 ] ] ] ] } },
{ "type": "Feature", "properties": { "Id": 0, "Base": 250000.0, "Name_sh": "کوار", "مرکز": "کوار", "area": 1069909527.4400002, "a4": 10, "توزیع": "1.76", "t": 1.76, "tt": 1.23 }, "geometry": { "type": "MultiPolygon", "coordinates": [ [ [ [ 53.040712702661779, 29.12184531525179 ], [ 53.032130348565374, 29.121260011677464 ], [ 53.013975061090946, 29.122544920620612 ], [ 52.997604369370833, 29.127494199512739 ], [ 52.984755279939293, 29.130159195839099 ], [ 52.973524223991831, 29.131682050882944 ], [ 52.96571959189265, 29.132633835285219 ], [ 52.956844825747737, 29.13119304460696 ], [ 52.948070563288752, 29.127623853098214 ], [ 52.94137832920984, 29.124352094215226 ], [ 52.929629740493567, 29.116618845946277 ], [ 52.920706761721704, 29.109777895554487 ], [ 52.906219179046843, 29.096154129329648 ], [ 52.900716675470846, 29.091395207317987 ], [ 52.891347547760404, 29.081877363294666 ], [ 52.885101462620071, 29.076821008657248 ], [ 52.876178483848207, 29.07146722139413 ], [ 52.870824696585089, 29.06834417882402 ], [ 52.859670973120274, 29.063139107873724 ], [ 52.851491575912746, 29.059718632677857 ], [ 52.846583937588207, 29.057934036923484 ], [ 52.840635285073631, 29.055703292230532 ], [ 52.834389199933355, 29.054067412789038 ], [ 52.820550035524548, 29.050062589559332 ], [ 52.809985228658604, 29.047873485433854 ], [ 52.798183102069686, 29.045589202868257 ], [ 52.78752311676368, 29.044161526264816 ], [ 52.77705348833797, 29.043875990944116 ], [ 52.764072308662378, 29.043944698219718 ], [ 52.756713604216941, 29.051492087394479 ], [ 52.747148170973617, 29.060914752977567 ], [ 52.738867646673214, 29.070337418560655 ], [ 52.736155061126681, 29.075191519012549 ], [ 52.730444354712574, 29.08204436670934 ], [ 52.722163830412399, 29.089468285047531 ], [ 52.7157392856966, 29.095321759121873 ], [ 52.706488737343705, 29.104319530842645 ], [ 52.692640274289886, 29.114741570048125 ], [ 52.682932073386098, 29.121879953065616 ], [ 52.669511913313102, 29.132730295252315 ], [ 52.661013920697883, 29.139276661161034 ], [ 52.648997642618497, 29.144987367574913 ], [ 52.639122879444187, 29.150103208737562 ], [ 52.625203032560194, 29.154624184648696 ], [ 52.618720228986035, 29.157031041788059 ], [ 52.611808195720982, 29.159597258151052 ], [ 52.598102500327457, 29.16416582328219 ], [ 52.586681087499358, 29.169019923734083 ], [ 52.571873106794783, 29.17646474647853 ], [ 52.557893773385672, 29.183008264244563 ], [ 52.549119510926687, 29.187321037317474 ], [ 52.541534978970617, 29.192526108267884 ], [ 52.530827404444381, 29.199813207598083 ], [ 52.525324900868384, 29.2036798317327 ], [ 52.514319893716447, 29.2136438246946 ], [ 52.507032794386078, 29.219146328270597 ], [ 52.501965450755165, 29.225687744116556 ], [ 52.493981942535129, 29.23277871985897 ], [ 52.48568181147624, 29.238339234694251 ], [ 52.472716223633768, 29.246932705706001 ], [ 52.454926231012848, 29.258089141756386 ], [ 52.449971152523119, 29.259565122583012 ], [ 52.451816713299138, 29.269788450248996 ], [ 52.452872051844395, 29.27717582006602 ], [ 52.454681203636312, 29.282754038091298 ], [ 52.457093406025649, 29.293156660895022 ], [ 52.45860103251897, 29.303710046347987 ], [ 52.45883976226088, 29.304287373239163 ], [ 52.462745720466501, 29.313733262508151 ], [ 52.469437954545356, 29.323548539157059 ], [ 52.479550663820305, 29.332471517929093 ], [ 52.488324926279176, 29.338122737817912 ], [ 52.496058174548125, 29.343030376142451 ], [ 52.501157868855103, 29.345415145067193 ], [ 52.509713179815208, 29.354698485184258 ], [ 52.515804599990076, 29.359267050315452 ], [ 52.526274228415787, 29.368594537458307 ], [ 52.533698146754034, 29.373543816350434 ], [ 52.541502778853214, 29.380967734688625 ], [ 52.548932027184037, 29.377503683630039 ], [ 52.555867109053167, 29.375091481240872 ], [ 52.569737272791428, 29.368759449968934 ], [ 52.57742616790722, 29.365744196982462 ], [ 52.589034891905499, 29.361673605450505 ], [ 52.59913598941057, 29.359412165710523 ], [ 52.613458441096896, 29.355643099477334 ], [ 52.616322931434127, 29.354436998282779 ], [ 52.626876316887262, 29.352627846490691 ], [ 52.639088091482904, 29.351572507945434 ], [ 52.649384952003913, 29.35249787081284 ], [ 52.659938337456936, 29.35415625995546 ], [ 52.671999349403279, 29.35656846234474 ], [ 52.686924851686967, 29.359583715331269 ], [ 52.698533575685417, 29.363051256265805 ], [ 52.712856027371572, 29.368629474291083 ], [ 52.729809591859635, 29.378487676416626 ], [ 52.737649249624553, 29.384216657091031 ], [ 52.740658757464132, 29.381000612947503 ], [ 52.747511605160867, 29.376622404696832 ], [ 52.754459631297891, 29.371387590483948 ], [ 52.759408910190018, 29.367865988195433 ], [ 52.764263010641969, 29.362155281781327 ], [ 52.76928843228626, 29.355631116964787 ], [ 52.771858250172613, 29.352204693116505 ], [ 52.777968706035495, 29.344780774778258 ], [ 52.786166742354283, 29.332661074267378 ], [ 52.788000551266464, 29.330379474806875 ], [ 52.791282583516704, 29.32629601607664 ], [ 52.798361480008964, 29.316302279852096 ], [ 52.806646150339873, 29.302994332997173 ], [ 52.816045021312959, 29.287170917308345 ], [ 52.822469566028701, 29.280627399542311 ], [ 52.835199682409836, 29.267064471809022 ], [ 52.838024625132448, 29.264396683819427 ], [ 52.843893439771477, 29.258854357923042 ], [ 52.850603519807976, 29.251002136603859 ], [ 52.862096316465966, 29.241222551869839 ], [ 52.865808275635175, 29.239652107606105 ], [ 52.871625889549705, 29.237434305738816 ], [ 52.87778105325981, 29.235442929244527 ], [ 52.879716056969585, 29.234816898632459 ], [ 52.883047302377634, 29.233627168129544 ], [ 52.888282116590517, 29.230295922721325 ], [ 52.89244617335072, 29.226250839011357 ], [ 52.898275852815061, 29.219826294295785 ], [ 52.902201963474567, 29.214591480082902 ], [ 52.906247047184479, 29.211617153825614 ], [ 52.910496623335575, 29.206279289723284 ], [ 52.916135945919393, 29.201282421611097 ], [ 52.920633127220356, 29.198141533083344 ], [ 52.929413338331926, 29.194857876895298 ], [ 52.935980650708018, 29.191502836877078 ], [ 52.943529205333789, 29.190054535273816 ], [ 52.952380800275421, 29.187294360506996 ], [ 52.960470967695358, 29.184153471979414 ], [ 52.962772862483519, 29.18274484979554 ], [ 52.966847923190926, 29.180251155929739 ], [ 52.972860297190664, 29.175401083737199 ], [ 52.980212831698623, 29.170689750945542 ], [ 52.987779517697106, 29.166049801984116 ], [ 52.99400407347423, 29.160594361839514 ], [ 52.998358487114899, 29.157167937991233 ], [ 53.004997183321166, 29.151599999237419 ], [ 53.01092204122574, 29.147316969426981 ], [ 53.016275828488858, 29.141534879182871 ], [ 53.024627736619266, 29.134039577014448 ], [ 53.028696614939236, 29.13004208252471 ], [ 53.037476635693963, 29.123082634974878 ], [ 53.040712702661779, 29.12184531525179 ] ] ] ] } },
{ "type": "Feature", "properties": { "Id": 0, "Base": 250000.0, "Name_sh": "کوه چنار", "مرکز": "قائمیه", "area": 666216044.31799996, "a4": 2, "توزیع": "1.11", "t": 1.11, "tt": 0.95 }, "geometry": { "type": "MultiPolygon", "coordinates": [ [ [ [ 51.804562676716557, 29.842978120117948 ], [ 51.818891650974024, 29.830959458215091 ], [ 51.830045374438839, 29.820400600001733 ], [ 51.836588892204873, 29.811626337542748 ], [ 51.83926578583646, 29.80656998290533 ], [ 51.841050381590833, 29.798688018323503 ], [ 51.841942679467991, 29.791103486367433 ], [ 51.841942679467991, 29.787088145920109 ], [ 51.841942679467991, 29.783667670724242 ], [ 51.844941162013299, 29.770731835662446 ], [ 51.846599551155919, 29.758972349014698 ], [ 51.850368617389279, 29.747665150315015 ], [ 51.856924579736301, 29.736316858323562 ], [ 51.861237352809383, 29.728732326367663 ], [ 51.867186005323958, 29.719065766031292 ], [ 51.876257700408644, 29.708209475192234 ], [ 51.885626828119143, 29.697501900665998 ], [ 51.892616494823756, 29.688132772955498 ], [ 51.903246070618252, 29.67809872866161 ], [ 51.919980724693858, 29.663776276975454 ], [ 51.932644787237393, 29.653524416821028 ], [ 51.939278343807928, 29.646740097601196 ], [ 51.941087495599845, 29.640709591628024 ], [ 51.941389020898669, 29.635734424200109 ], [ 51.939040588064302, 29.627477694509935 ], [ 51.934216183285685, 29.617527359654162 ], [ 51.930447117052552, 29.608632363343588 ], [ 51.906852305576024, 29.610204863461831 ], [ 51.898000710634221, 29.612346378367135 ], [ 51.885579924183787, 29.615772802215588 ], [ 51.873587440714402, 29.620484135007075 ], [ 51.862023260226181, 29.625052700138269 ], [ 51.856740856793124, 29.628336356326258 ], [ 51.851172918039538, 29.632762153797159 ], [ 51.844320070342746, 29.639329466173251 ], [ 51.837505294022094, 29.646639170383139 ], [ 51.831366284626995, 29.655062462343778 ], [ 51.820373174780059, 29.664485127926866 ], [ 51.812235418140119, 29.671766278604821 ], [ 51.802955520217324, 29.666626642832171 ], [ 51.790206566436495, 29.660344144728072 ], [ 51.778011828781587, 29.653800626961811 ], [ 51.76492479324952, 29.64606737869309 ], [ 51.759422289673523, 29.642498187184344 ], [ 51.756447963416235, 29.644580215564417 ], [ 51.753176204533247, 29.65082630070475 ], [ 51.748268566208708, 29.65841083266082 ], [ 51.74008916900118, 29.669415839812757 ], [ 51.737108854041537, 29.673005764650554 ], [ 51.733545651235147, 29.677297804394584 ], [ 51.72428044468154, 29.684219404093483 ], [ 51.715524028180141, 29.690215645828118 ], [ 51.704864042873908, 29.697925099487009 ], [ 51.699534050220961, 29.701922593976747 ], [ 51.691443882801082, 29.710774188918435 ], [ 51.68461193975071, 29.71852656901541 ], [ 51.680692110868222, 29.721541822001882 ], [ 51.679150241241587, 29.722902295201948 ], [ 51.674631149175696, 29.72688972937766 ], [ 51.673003215752431, 29.728326141221714 ], [ 51.668932624220474, 29.731944444805606 ], [ 51.664711270039277, 29.734959697792249 ], [ 51.660791441156789, 29.741442491713485 ], [ 51.658420093391896, 29.74807248514918 ], [ 51.657527795514739, 29.75327755609942 ], [ 51.656784213950402, 29.758780059675416 ], [ 51.654404752944572, 29.763985130625656 ], [ 51.652471440877321, 29.769190201575896 ], [ 51.649222124637959, 29.778636053384218 ], [ 51.646396514693549, 29.784882138524495 ], [ 51.644017053687719, 29.789046195284698 ], [ 51.640596578491852, 29.79603586198931 ], [ 51.633458195474361, 29.802579379755343 ], [ 51.627212110334028, 29.806892152828425 ], [ 51.617265963329544, 29.81186522633061 ], [ 51.60533646948079, 29.818081219701469 ], [ 51.598831197344168, 29.814448485768082 ], [ 51.592049733477609, 29.812782863063944 ], [ 51.582412916404053, 29.810165455957588 ], [ 51.576702209990003, 29.808856752404438 ], [ 51.571110476626359, 29.807310102750591 ], [ 51.568968961721055, 29.806120372247676 ], [ 51.567541285117613, 29.804692695644235 ], [ 51.565161824111783, 29.802908099889862 ], [ 51.561693141035903, 29.796855310264277 ], [ 51.557471786854649, 29.782985146526016 ], [ 51.553853483270814, 29.774090150215613 ], [ 51.550687467634816, 29.769567270735649 ], [ 51.548426027894834, 29.765195153905097 ], [ 51.542847809869727, 29.757506258789306 ], [ 51.541189420727108, 29.752832616660157 ], [ 51.538174167740408, 29.752229566062795 ], [ 51.535639985527553, 29.750988629559004 ], [ 51.531214188056651, 29.750988629559004 ], [ 51.522219825454556, 29.750132023597018 ], [ 51.519221704587267, 29.749275417634863 ], [ 51.515366977757765, 29.747847741031251 ], [ 51.511655018588783, 29.748276044012471 ], [ 51.507371988778289, 29.751702467860753 ], [ 51.505230473872984, 29.753415679785064 ], [ 51.502946191307387, 29.754129518086756 ], [ 51.499662535119398, 29.754557821067749 ], [ 51.491953081460451, 29.761125133443841 ], [ 51.483463545305312, 29.770635934262543 ], [ 51.47909142847476, 29.778475592027803 ], [ 51.476377700786884, 29.784355335351506 ], [ 51.47215634660563, 29.7878228762861 ], [ 51.464618214139136, 29.791139654571339 ], [ 51.4611506732046, 29.79475795815523 ], [ 51.458630902169034, 29.804245909105077 ], [ 51.461532176826495, 29.806464530901962 ], [ 51.471430734610806, 29.81579201804476 ], [ 51.487722110964, 29.830096544458286 ], [ 51.498429685490237, 29.841993849487437 ], [ 51.508691111077894, 29.856419331835298 ], [ 51.514342330966713, 29.865491026919869 ], [ 51.522311476608422, 29.876703942734025 ], [ 51.528557561748698, 29.885180772567253 ], [ 51.534803646889031, 29.892319155584744 ], [ 51.540752299403607, 29.89752422653504 ], [ 51.549145385548798, 29.904046724286729 ], [ 51.558492669807208, 29.909172654363886 ], [ 51.565126226377743, 29.91098180615586 ], [ 51.571156732350914, 29.912489432649181 ], [ 51.579750203362721, 29.912187907350585 ], [ 51.588645199673067, 29.911886382051819 ], [ 51.598143246580946, 29.911283331454626 ], [ 51.603872227255351, 29.912338669999883 ], [ 51.617742390993612, 29.915203160337057 ], [ 51.624526710213445, 29.916861549479677 ], [ 51.628597301745401, 29.916861549479677 ], [ 51.637643060705216, 29.912941720597246 ], [ 51.648016273370956, 29.90774091681368 ], [ 51.653667493259775, 29.906551186310764 ], [ 51.662144323093059, 29.909376796255231 ], [ 51.667944259294757, 29.910566526758146 ], [ 51.678056968569535, 29.909376796255231 ], [ 51.689805557285865, 29.905807604746485 ], [ 51.695159344548983, 29.903874292679234 ], [ 51.701554146002138, 29.900305101170488 ], [ 51.706660970401401, 29.895505938591498 ], [ 51.711920345338569, 29.890950036879758 ], [ 51.716827983663109, 29.885001384365182 ], [ 51.722561219910062, 29.878694824493721 ], [ 51.727238125563758, 29.873550228274496 ], [ 51.733632927016913, 29.865370831067082 ], [ 51.739581579531489, 29.861504206932466 ], [ 51.747017395174566, 29.859570894865215 ], [ 51.757576253388095, 29.857042717546676 ], [ 51.769537010710621, 29.852495964141269 ], [ 51.778196534589199, 29.848715045264782 ], [ 51.783052349223851, 29.846594900846753 ], [ 51.794664118932303, 29.843358833878938 ], [ 51.804562676716557, 29.842978120117948 ] ] ] ] } },
{ "type": "Feature", "properties": { "Id": 0, "Base": 250000.0, "Name_sh": "کازرون", "مرکز": "کازرون", "area": 3396595141.0700002, "a4": 2, "توزیع": "4.33", "t": 4.33, "tt": 3.75 }, "geometry": { "type": "MultiPolygon", "coordinates": [ [ [ [ 51.930447117052552, 29.608632363343588 ], [ 51.927941393914239, 29.591075483344923 ], [ 51.93020283365405, 29.582482012333287 ], [ 51.933821137237942, 29.573436253373472 ], [ 51.93804249141931, 29.566048883556277 ], [ 51.945128335937738, 29.555344735453957 ], [ 51.949651215417589, 29.549766517428736 ], [ 51.956715111787673, 29.545432747991697 ], [ 51.965191941620901, 29.541268691231494 ], [ 51.974561069331401, 29.537699499722748 ], [ 51.984525062293471, 29.533386726649667 ], [ 51.997909530451068, 29.526248343632176 ], [ 52.008914537603232, 29.5202996911176 ], [ 52.021704140509371, 29.513756173351567 ], [ 52.029851451045829, 29.507751864883573 ], [ 52.032312628970772, 29.505361006327973 ], [ 52.035056521996069, 29.502695510246156 ], [ 52.038923146130571, 29.496895574044458 ], [ 52.043682068142232, 29.486485432143979 ], [ 52.052158897975517, 29.47161380085754 ], [ 52.058851132054372, 29.45956777951551 ], [ 52.066711314954148, 29.446209674704221 ], [ 52.071024088027229, 29.440707171128054 ], [ 52.078013754731842, 29.432973922859105 ], [ 52.083664974620717, 29.426727837718829 ], [ 52.087085449816584, 29.42182019939446 ], [ 52.090357208699572, 29.416763844756929 ], [ 52.091275675942484, 29.414722806439556 ], [ 52.09303410233116, 29.410815192242353 ], [ 52.095067749418831, 29.401620108404529 ], [ 52.095067749418831, 29.392423586795587 ], [ 52.094916986769533, 29.386393080822415 ], [ 52.091298683185698, 29.363929446072177 ], [ 52.088104570874179, 29.350371619903456 ], [ 52.087585524707379, 29.346543654422817 ], [ 52.086581715830505, 29.339140563955993 ], [ 52.086772072710971, 29.322769872235881 ], [ 52.088485284635112, 29.308112392439909 ], [ 52.090959924081176, 29.298023477775189 ], [ 52.097122728086276, 29.281589333761531 ], [ 52.102452720739393, 29.272452203499142 ], [ 52.110828423479973, 29.25855615122515 ], [ 52.122249836307958, 29.238568678776119 ], [ 52.131099874986035, 29.224433490670947 ], [ 52.135858796997695, 29.215659228211962 ], [ 52.139725421132141, 29.208520845194471 ], [ 52.14255103107655, 29.202572192679895 ], [ 52.140971004006133, 29.199041216905869 ], [ 52.137711962809419, 29.191758053391652 ], [ 52.133339845978867, 29.184521446223926 ], [ 52.125500188213778, 29.177284839056028 ], [ 52.116693782853815, 29.169066511607241 ], [ 52.108637036045423, 29.171783026869718 ], [ 52.086079745710265, 29.177636500944061 ], [ 52.068233788166538, 29.181919530754556 ], [ 52.051815507226252, 29.185488722263301 ], [ 52.040170028486841, 29.187344701847849 ], [ 52.029759886586362, 29.188236999725063 ], [ 52.012508794294092, 29.188088283412185 ], [ 51.99823202825911, 29.187790850786484 ], [ 51.987821886358574, 29.186749836596391 ], [ 51.968191333060474, 29.183478077713403 ], [ 51.962540113171656, 29.181544765646152 ], [ 51.939701294528049, 29.174548560182643 ], [ 51.927338757282996, 29.168819579508124 ], [ 51.913770118843331, 29.16293983618425 ], [ 51.905327410480993, 29.158567719353698 ], [ 51.896728089096086, 29.154394519270056 ], [ 51.895075550326453, 29.153592551925954 ], [ 51.886180554016107, 29.148315859199329 ], [ 51.878943946848153, 29.14364221707018 ], [ 51.865375308408488, 29.136254847252985 ], [ 51.846297028009985, 29.123228123126012 ], [ 51.834537541362295, 29.113428550919537 ], [ 51.825642545051892, 29.103779741362473 ], [ 51.814758923047236, 29.093242827699498 ], [ 51.813581940143706, 29.096577612592853 ], [ 51.806443557126215, 29.106571348817397 ], [ 51.797639551404643, 29.115184997658503 ], [ 51.789834919305463, 29.120895704072382 ], [ 51.775370572427846, 29.131048864184322 ], [ 51.763770700024452, 29.140417991894822 ], [ 51.752170827621001, 29.149638403292386 ], [ 51.742058118346222, 29.159304963628585 ], [ 51.733878721138694, 29.168079226087571 ], [ 51.725603935185006, 29.178528988116796 ], [ 51.717870686916058, 29.188641697391574 ], [ 51.712294318373665, 29.194961581739847 ], [ 51.711178452837146, 29.196226229347815 ], [ 51.701065743562367, 29.206487654935302 ], [ 51.690358169036131, 29.218831108903203 ], [ 51.681398536950837, 29.229247199456097 ], [ 51.676895406997289, 29.234719959769507 ], [ 51.66960830766692, 29.244237803792828 ], [ 51.661875059397971, 29.253755647816149 ], [ 51.656967421073489, 29.260299165582182 ], [ 51.646557279172953, 29.27368363374012 ], [ 51.640459910345498, 29.280970733070319 ], [ 51.633172811014958, 29.292719321786763 ], [ 51.62722415850061, 29.303099720424484 ], [ 51.62543956274601, 29.308007358749194 ], [ 51.624101115930443, 29.314848309140814 ], [ 51.621126789673156, 29.325555883667221 ], [ 51.617260165538653, 29.337601905009024 ], [ 51.611010987099064, 29.351202124845031 ], [ 51.601060652243234, 29.369745930712611 ], [ 51.593522519776741, 29.381053129412294 ], [ 51.590792459468446, 29.386302334605261 ], [ 51.590189408871254, 29.389769875539855 ], [ 51.588380257079166, 29.392483603227731 ], [ 51.585817292040701, 29.394292755019706 ], [ 51.583706614950017, 29.394895805617068 ], [ 51.579032972820869, 29.39474504296777 ], [ 51.576620770431589, 29.395951144162325 ], [ 51.576017719834226, 29.39956944774616 ], [ 51.574660855990203, 29.40092631159024 ], [ 51.570590264458417, 29.40092631159024 ], [ 51.563655182589287, 29.408916732004627 ], [ 51.561544505498603, 29.410575121147247 ], [ 51.556720100719986, 29.411630459692674 ], [ 51.553101797136151, 29.413891899432485 ], [ 51.552649509188257, 29.417208677717781 ], [ 51.555513999525431, 29.421279269249737 ], [ 51.555212474226835, 29.424143759586912 ], [ 51.547096180325184, 29.429600577511565 ], [ 51.537673514742096, 29.437024495849755 ], [ 51.532533878969446, 29.439879849056808 ], [ 51.530249596403848, 29.440165384377508 ], [ 51.524681657650262, 29.439737081396515 ], [ 51.521969072103502, 29.440022616717215 ], [ 51.520113092519068, 29.441878596301649 ], [ 51.520255860179361, 29.444448414187946 ], [ 51.52154076912251, 29.446589929093307 ], [ 51.519256486556912, 29.448588676338147 ], [ 51.516829436331022, 29.451872332526193 ], [ 51.512260871199715, 29.453442776790041 ], [ 51.508548912030676, 29.453871079771034 ], [ 51.501410529013185, 29.451872332526193 ], [ 51.49541428727855, 29.450016352941589 ], [ 51.490845722147242, 29.449445282300303 ], [ 51.488418671921352, 29.449730817620832 ], [ 51.485848854035055, 29.451872332526193 ], [ 51.485135015733306, 29.454870453393482 ], [ 51.487847601279896, 29.458725180222928 ], [ 51.487562065959196, 29.460866695128288 ], [ 51.485277783393599, 29.462437139392136 ], [ 51.481446851174326, 29.460105267606366 ], [ 51.477223307888892, 29.462365755561905 ], [ 51.470294614872614, 29.461709916622112 ], [ 51.46588515768849, 29.46202944250507 ], [ 51.463727302496352, 29.462185808823335 ], [ 51.459539451126147, 29.462185808823335 ], [ 51.457159990120317, 29.463232771665957 ], [ 51.456684097919151, 29.465992946432607 ], [ 51.453638387831802, 29.466754373954529 ], [ 51.451354105266205, 29.46580258955214 ], [ 51.44983125022236, 29.464184556068233 ], [ 51.447832502977462, 29.465041162030388 ], [ 51.44716625389583, 29.466944730834996 ], [ 51.444310900688947, 29.46846758587867 ], [ 51.443549473167025, 29.469704905601816 ], [ 51.444120543808481, 29.47179883128689 ], [ 51.442788045645102, 29.473416864770797 ], [ 51.43964715711752, 29.473702400091554 ], [ 51.435554484187378, 29.472750615689279 ], [ 51.432032881898863, 29.476081861097384 ], [ 51.428606458050353, 29.476367396418084 ], [ 51.425084855761838, 29.475605968896161 ], [ 51.421943967234085, 29.470466333123511 ], [ 51.420061020424782, 29.467883824778596 ], [ 51.416063525935044, 29.46667029966568 ], [ 51.415349687633295, 29.464742936250843 ], [ 51.413993394859915, 29.463172491987109 ], [ 51.410995273992626, 29.463814946458626 ], [ 51.407783001634641, 29.465742309873292 ], [ 51.404499345446595, 29.465742309873292 ], [ 51.402072295220762, 29.465028471571543 ], [ 51.39957386116447, 29.464528784760319 ], [ 51.39593328582572, 29.464314633269851 ], [ 51.394291457731583, 29.462458653685246 ], [ 51.390436730902138, 29.462101734534485 ], [ 51.384887557443278, 29.466630497772485 ], [ 51.382317739556925, 29.470342456941523 ], [ 51.38117559827424, 29.472246025746131 ], [ 51.379367207909695, 29.472341204186364 ], [ 51.376892568463632, 29.470723170702456 ], [ 51.372419181772671, 29.465583534929863 ], [ 51.370230077647307, 29.464060679886188 ], [ 51.366708475358791, 29.464726928967707 ], [ 51.358999021699844, 29.468629245017382 ], [ 51.353359487015098, 29.473297733994968 ], [ 51.344627077224629, 29.480526550046534 ], [ 51.330058376560999, 29.493302753462785 ], [ 51.318494196072606, 29.504724166290771 ], [ 51.309357065810218, 29.51314745825141 ], [ 51.304618402385358, 29.518754675416801 ], [ 51.299190947009436, 29.52795119702597 ], [ 51.295120355477479, 29.536996955985785 ], [ 51.291502051893588, 29.546042714945429 ], [ 51.288788324205711, 29.552073220918601 ], [ 51.284868495323053, 29.562174318423729 ], [ 51.282785362873085, 29.569310000752978 ], [ 51.281298199744583, 29.575258653267554 ], [ 51.280852050805834, 29.584479064665175 ], [ 51.277729008235838, 29.595930220755747 ], [ 51.27475468197855, 29.602325022208902 ], [ 51.273980574476184, 29.604905380550292 ], [ 51.272970086224177, 29.608273674723478 ], [ 51.272672653598306, 29.613627461986596 ], [ 51.273118802536885, 29.618088951372499 ], [ 51.277992236109469, 29.627733159196168 ], [ 51.284464370045328, 29.639154572024097 ], [ 51.293411143427363, 29.653050624298146 ], [ 51.297979708558557, 29.662378111440944 ], [ 51.300263991124154, 29.668850245376973 ], [ 51.301977203048295, 29.679510230682979 ], [ 51.301977203048295, 29.685792007738485 ], [ 51.289486060694912, 29.694901561634083 ], [ 51.29271298765434, 29.69923952854009 ], [ 51.29479501603447, 29.701767705858799 ], [ 51.295687313911628, 29.707418925747618 ], [ 51.295687313911628, 29.719316230776769 ], [ 51.297471909666001, 29.722736705972693 ], [ 51.300892384861868, 29.724818734352766 ], [ 51.306246172124986, 29.72407515278843 ], [ 51.311005094136647, 29.722290557034057 ], [ 51.315466583522607, 29.724223869101309 ], [ 51.318440909779895, 29.723629003849851 ], [ 51.320671654472847, 29.722439273346936 ], [ 51.324538278607349, 29.72377772016273 ], [ 51.327958753803216, 29.723182854911272 ], [ 51.330635647434747, 29.724223869101309 ], [ 51.332271526876298, 29.724818734352766 ], [ 51.334650987882128, 29.725859748542803 ], [ 51.334948420507828, 29.727941776922933 ], [ 51.336733016262201, 29.728834074800091 ], [ 51.339856058832368, 29.727346911671475 ], [ 51.344168831905449, 29.730321237928763 ], [ 51.348184172352774, 29.729726372677305 ], [ 51.350563633358604, 29.727644344297175 ], [ 51.353537959615892, 29.727346911671475 ], [ 51.358296881627552, 29.727793060610054 ], [ 51.359480580720401, 29.728509795840694 ], [ 51.366077719116674, 29.732504393401712 ], [ 51.38021171749125, 29.742498129626199 ], [ 51.393631877564076, 29.755489986718032 ], [ 51.395059554167631, 29.758916410566314 ], [ 51.394774018846931, 29.7703378233943 ], [ 51.403092614523246, 29.776197786907858 ], [ 51.408612964056829, 29.778101355712465 ], [ 51.415465811753563, 29.779433853875673 ], [ 51.42593544017933, 29.783240991485059 ], [ 51.438118280529181, 29.789522768540394 ], [ 51.451823975922707, 29.799040612563715 ], [ 51.458630902169034, 29.804245909105077 ], [ 51.4611506732046, 29.79475795815523 ], [ 51.464618214139136, 29.791139654571339 ], [ 51.47215634660563, 29.7878228762861 ], [ 51.476377700786884, 29.784355335351506 ], [ 51.47909142847476, 29.778475592027803 ], [ 51.483463545305312, 29.770635934262543 ], [ 51.491953081460451, 29.761125133443841 ], [ 51.499662535119398, 29.754557821067749 ], [ 51.502946191307387, 29.754129518086756 ], [ 51.505230473872984, 29.753415679785064 ], [ 51.507371988778289, 29.751702467860753 ], [ 51.511655018588783, 29.748276044012471 ], [ 51.515366977757765, 29.747847741031251 ], [ 51.519221704587267, 29.749275417634863 ], [ 51.522219825454556, 29.750132023597018 ], [ 51.531214188056651, 29.750988629559004 ], [ 51.535639985527553, 29.750988629559004 ], [ 51.538174167740408, 29.752229566062795 ], [ 51.541189420727108, 29.752832616660157 ], [ 51.542847809869727, 29.757506258789306 ], [ 51.548426027894834, 29.765195153905097 ], [ 51.550687467634816, 29.769567270735649 ], [ 51.553853483270814, 29.774090150215613 ], [ 51.557471786854649, 29.782985146526016 ], [ 51.561693141035903, 29.796855310264277 ], [ 51.565161824111783, 29.802908099889862 ], [ 51.567541285117613, 29.804692695644235 ], [ 51.568968961721055, 29.806120372247676 ], [ 51.571110476626359, 29.807310102750591 ], [ 51.576702209990003, 29.808856752404438 ], [ 51.582412916404053, 29.810165455957588 ], [ 51.592049733477609, 29.812782863063944 ], [ 51.598831197344168, 29.814448485768082 ], [ 51.60533646948079, 29.818081219701469 ], [ 51.617265963329544, 29.81186522633061 ], [ 51.627212110334028, 29.806892152828425 ], [ 51.633458195474361, 29.802579379755343 ], [ 51.640596578491852, 29.79603586198931 ], [ 51.644017053687719, 29.789046195284698 ], [ 51.646396514693549, 29.784882138524495 ], [ 51.649222124637959, 29.778636053384218 ], [ 51.652471440877321, 29.769190201575896 ], [ 51.654404752944572, 29.763985130625656 ], [ 51.656784213950402, 29.758780059675416 ], [ 51.657527795514739, 29.75327755609942 ], [ 51.658420093391896, 29.74807248514918 ], [ 51.660791441156789, 29.741442491713485 ], [ 51.664711270039277, 29.734959697792249 ], [ 51.668932624220474, 29.731944444805606 ], [ 51.673003215752431, 29.728326141221714 ], [ 51.674631149175696, 29.72688972937766 ], [ 51.679150241241587, 29.722902295201948 ], [ 51.680692110868222, 29.721541822001882 ], [ 51.68461193975071, 29.71852656901541 ], [ 51.691443882801082, 29.710774188918435 ], [ 51.699534050220961, 29.701922593976747 ], [ 51.704864042873908, 29.697925099487009 ], [ 51.715524028180141, 29.690215645828118 ], [ 51.72428044468154, 29.684219404093483 ], [ 51.733545651235147, 29.677297804394584 ], [ 51.737108854041537, 29.673005764650554 ], [ 51.74008916900118, 29.669415839812757 ], [ 51.748268566208708, 29.65841083266082 ], [ 51.753176204533247, 29.65082630070475 ], [ 51.756447963416235, 29.644580215564417 ], [ 51.759422289673523, 29.642498187184344 ], [ 51.76492479324952, 29.64606737869309 ], [ 51.778011828781587, 29.653800626961811 ], [ 51.790206566436495, 29.660344144728072 ], [ 51.802955520217324, 29.666626642832171 ], [ 51.812235418140119, 29.671766278604821 ], [ 51.820373174780059, 29.664485127926866 ], [ 51.831366284626995, 29.655062462343778 ], [ 51.837505294022094, 29.646639170383139 ], [ 51.844320070342746, 29.639329466173251 ], [ 51.851172918039538, 29.632762153797159 ], [ 51.856740856793124, 29.628336356326258 ], [ 51.862023260226181, 29.625052700138269 ], [ 51.873587440714402, 29.620484135007075 ], [ 51.885579924183787, 29.615772802215588 ], [ 51.898000710634221, 29.612346378367135 ], [ 51.906852305576024, 29.610204863461831 ], [ 51.930447117052552, 29.608632363343588 ] ] ] ] } },
{ "type": "Feature", "properties": { "Id": 0, "Base": 250000.0, "Name_sh": "زرقان", "مرکز": "زرقان", "area": 823607809.73500001, "a4": 11, "توزیع": "1.16", "t": 1.16, "tt": 1.02 }, "geometry": { "type": "MultiPolygon", "coordinates": [ [ [ [ 53.097632183386054, 29.705621067232244 ], [ 53.090493800368563, 29.699672414717668 ], [ 53.083863178406489, 29.691808160896699 ], [ 53.076576079076119, 29.684521061566386 ], [ 53.066017220862761, 29.672177607598599 ], [ 53.061853164102558, 29.665039224581108 ], [ 53.057242958403776, 29.656711111060702 ], [ 53.054566064772189, 29.651506040110462 ], [ 53.050699440637743, 29.645259954970186 ], [ 53.050536414870805, 29.642325491165252 ], [ 53.050402008011986, 29.639906167707068 ], [ 53.053078901643573, 29.631429337873783 ], [ 53.054455911590878, 29.620989865150534 ], [ 53.05505896218807, 29.611793343541535 ], [ 53.055812775434731, 29.603652160477679 ], [ 53.055511250136135, 29.592344961777826 ], [ 53.05430514894141, 29.583600728116778 ], [ 53.052194471850896, 29.573499630611707 ], [ 53.049721423867766, 29.564906345041607 ], [ 53.042868576170974, 29.57047428379542 ], [ 53.028734577796286, 29.577184363831748 ], [ 53.018312538590749, 29.583180605566554 ], [ 53.007033893423113, 29.586464261754543 ], [ 53.002322560631626, 29.587178100056292 ], [ 52.994820985338777, 29.590234409560935 ], [ 52.983827875491841, 29.598086630880175 ], [ 52.967695129872254, 29.608794205406411 ], [ 52.958843534930622, 29.612220629254864 ], [ 52.949278101687071, 29.61507598246169 ], [ 52.938998830141998, 29.618645173970435 ], [ 52.929439345550918, 29.62023067012791 ], [ 52.921825070332375, 29.625584457391028 ], [ 52.912921263504927, 29.62959117046347 ], [ 52.909927765303223, 29.630938244654146 ], [ 52.898030460274072, 29.633674624810794 ], [ 52.893271538262411, 29.634031543961726 ], [ 52.883039855937227, 29.635340247514876 ], [ 52.874516383260413, 29.637055141886265 ], [ 52.86321394348272, 29.641576117797456 ], [ 52.855361722163479, 29.645026336255739 ], [ 52.845130039838466, 29.649547312166874 ], [ 52.836920899368295, 29.652521638424162 ], [ 52.827522028395265, 29.656447749083668 ], [ 52.81564662522311, 29.658795213549524 ], [ 52.802321643590403, 29.661888512857047 ], [ 52.789829473309794, 29.662959270309727 ], [ 52.776861410828133, 29.660460836253662 ], [ 52.770793785263152, 29.65867624049929 ], [ 52.765083078849216, 29.659033159650221 ], [ 52.743628686716363, 29.663740616804432 ], [ 52.728352547058932, 29.666881505332185 ], [ 52.724527392428172, 29.667837793989861 ], [ 52.716360063589548, 29.669879626199474 ], [ 52.69851410604582, 29.672877747066821 ], [ 52.690376349405881, 29.675304797292824 ], [ 52.681479112075863, 29.676631671275459 ], [ 52.673597147494092, 29.67410349395692 ], [ 52.662740856654978, 29.671129167699632 ], [ 52.655007608386029, 29.670534302448175 ], [ 52.645638480675586, 29.67202146557679 ], [ 52.63805394871946, 29.674847075521086 ], [ 52.632582806137634, 29.676410259115869 ], [ 52.631807863579184, 29.676631671275459 ], [ 52.627197657880401, 29.679903430158618 ], [ 52.623628466371656, 29.684662352170278 ], [ 52.622290019555862, 29.688380259991902 ], [ 52.622736168494441, 29.695072494070644 ], [ 52.620654140114368, 29.705928784909872 ], [ 52.617624045239609, 29.716789394530792 ], [ 52.616136882111107, 29.720953451290995 ], [ 52.614054853730863, 29.726158522241235 ], [ 52.608701066467745, 29.731661025817232 ], [ 52.605131874959, 29.735378933638799 ], [ 52.603495995517505, 29.738204543583265 ], [ 52.600372952947339, 29.745491642913578 ], [ 52.598885789818837, 29.751886444366789 ], [ 52.597398626690051, 29.756496650065571 ], [ 52.594275584120055, 29.766460643027472 ], [ 52.58983051539451, 29.778804894258826 ], [ 52.583800009421168, 29.788755229114599 ], [ 52.576563402253441, 29.800816241060943 ], [ 52.570080608332205, 29.810163525319354 ], [ 52.564792955859389, 29.817615657274814 ], [ 52.571955918826291, 29.818827851007597 ], [ 52.582812209665406, 29.822694475142043 ], [ 52.590596062790837, 29.827259051972192 ], [ 52.59446268692534, 29.832464122922431 ], [ 52.598031878434085, 29.831125676106637 ], [ 52.61409324022344, 29.820715534206158 ], [ 52.617216282793549, 29.819971952641822 ], [ 52.61959574379938, 29.823094995211989 ], [ 52.623908516872461, 29.831720541358095 ], [ 52.627775141006964, 29.840346087504258 ], [ 52.635210956650155, 29.853059845091025 ], [ 52.648463458884976, 29.847092306662319 ], [ 52.656001591351469, 29.844378578974386 ], [ 52.665801163557944, 29.842267901883702 ], [ 52.676806836959031, 29.840911038039849 ], [ 52.690917535651408, 29.839772780037322 ], [ 52.699511006663158, 29.840677355933281 ], [ 52.716999473985425, 29.840828118582579 ], [ 52.731472688321105, 29.839471254738726 ], [ 52.744890564111245, 29.837360577647985 ], [ 52.753217829226571, 29.836189555991325 ], [ 52.754539373668479, 29.836003713804132 ], [ 52.767642061860329, 29.831916411167526 ], [ 52.769475773883471, 29.831344396030033 ], [ 52.785239703047068, 29.826436757705551 ], [ 52.810712915506429, 29.819925667525467 ], [ 52.818403440815814, 29.817959927872437 ], [ 52.843833930315668, 29.812308707983391 ], [ 52.847900536610894, 29.811307512568476 ], [ 52.861975157338804, 29.807842351518275 ], [ 52.868732826595362, 29.80641467491472 ], [ 52.881391559146266, 29.803273786386967 ], [ 52.894145470137573, 29.800323254739851 ], [ 52.905090990764279, 29.797087187771865 ], [ 52.920553521534032, 29.791209919087521 ], [ 52.933117075644702, 29.785213677352885 ], [ 52.955198473778864, 29.776742796172016 ], [ 52.961386491609801, 29.773913142565334 ], [ 52.970421451109985, 29.769781640938277 ], [ 53.000045740632459, 29.755504874903295 ], [ 53.022888566288543, 29.745035246477585 ], [ 53.038371954541276, 29.736948847877954 ], [ 53.039811280944434, 29.736197141157106 ], [ 53.054682912230874, 29.728463892888158 ], [ 53.075384222981597, 29.71632864175848 ], [ 53.097632183386054, 29.705621067232244 ] ] ] ] } },
{ "type": "Feature", "properties": { "Id": 0, "Base": 250000.0, "Name_sh": "سرچهان", "مرکز": "کره ای", "area": 2156968376.79, "a4": 14, "توزیع": "0.47", "t": 0.47, "tt": 0.15 }, "geometry": { "type": "MultiPolygon", "coordinates": [ [ [ [ 53.913538769667184, 30.106704709310861 ], [ 53.917123041453578, 30.100491971547854 ], [ 53.923605835374815, 30.090692399341322 ], [ 53.935214559373094, 30.077274523550955 ], [ 53.942752691839587, 30.066871900747287 ], [ 53.951667770800839, 30.058636110314012 ], [ 53.961316580357902, 30.050796452548752 ], [ 53.968100899577735, 30.044916709224879 ], [ 53.980011148874723, 30.035569424966411 ], [ 53.991770635522471, 30.026825191305363 ], [ 53.997917305348381, 30.023322196223432 ], [ 54.003133721544259, 30.02034935388815 ], [ 54.041261683679181, 30.000039060951224 ], [ 54.044973816141578, 29.995691679502443 ], [ 54.052112199159069, 29.9898382054281 ], [ 54.063390844326761, 29.980415539845012 ], [ 54.070315905059772, 29.972511330908048 ], [ 54.076312146794578, 29.965372947890557 ], [ 54.086591418339822, 29.955759925427003 ], [ 54.094396050438831, 29.948526363969279 ], [ 54.099154972450492, 29.941673516272488 ], [ 54.101924070196048, 29.935843446240085 ], [ 54.102066837856341, 29.92956166918475 ], [ 54.102780676158034, 29.923565427450114 ], [ 54.105636029365087, 29.916712579753209 ], [ 54.106349867666779, 29.91128740866003 ], [ 54.10335174679949, 29.902721349038927 ], [ 54.096278798959645, 29.884915334593813 ], [ 54.094642919518151, 29.879561547330695 ], [ 54.092263458512321, 29.868259107553001 ], [ 54.090181430132361, 29.856064369898093 ], [ 54.090181430132361, 29.847438823751986 ], [ 54.090014124280344, 29.840710725006659 ], [ 54.090014124280344, 29.832680044112124 ], [ 54.090687719042023, 29.828264256229943 ], [ 54.091352571096138, 29.823905781653139 ], [ 54.094921762604883, 29.813049490814024 ], [ 54.098937103052208, 29.80576239148354 ], [ 54.103993457689626, 29.797136845337548 ], [ 54.110685691768538, 29.789403597068429 ], [ 54.114388656782978, 29.786123603894112 ], [ 54.106324226536174, 29.786803429958923 ], [ 54.103057268769248, 29.787078832308907 ], [ 54.087257647690421, 29.789934185515904 ], [ 54.074313379818818, 29.791457040559578 ], [ 54.055848762413632, 29.794312393766631 ], [ 54.038716643171597, 29.794883464408088 ], [ 54.026724159702212, 29.794883464408088 ], [ 54.013589534949972, 29.794122036886165 ], [ 54.004071690926651, 29.79259918184249 ], [ 53.99748634760175, 29.793295564549908 ], [ 53.986303325831102, 29.802334309194009 ], [ 53.970313347871979, 29.811566617896631 ], [ 53.959451048292863, 29.817591100708967 ], [ 53.94317553501304, 29.829393227297885 ], [ 53.925662702010072, 29.843194101131644 ], [ 53.921418256525556, 29.846431738316653 ], [ 53.908459198937976, 29.85631682857877 ], [ 53.894859137192043, 29.865313534589347 ], [ 53.875466529994469, 29.877805704869957 ], [ 53.865115874619164, 29.883992303485172 ], [ 53.853337542640304, 29.890535821251206 ], [ 53.841260883484551, 29.899296367259126 ], [ 53.834027322026827, 29.903103504868398 ], [ 53.82698411744957, 29.905768501194927 ], [ 53.814045617968191, 29.907838932707079 ], [ 53.807055951263521, 29.908731230584237 ], [ 53.799322702994573, 29.910069677400031 ], [ 53.786533100088263, 29.908879946897116 ], [ 53.768240993605957, 29.908582514271359 ], [ 53.746309127146617, 29.905930719194544 ], [ 53.733494301953669, 29.903518516805207 ], [ 53.735755741693652, 29.911961225167659 ], [ 53.736961842888206, 29.921459272075424 ], [ 53.736961842888206, 29.927489778048596 ], [ 53.736509554940312, 29.932314182827156 ], [ 53.733645064602968, 29.938646214099094 ], [ 53.731525449639207, 29.940890512296164 ], [ 53.728519134525925, 29.944073669474903 ], [ 53.722790153851349, 29.949651887500011 ], [ 53.708911614410283, 29.958487873177546 ], [ 53.688495838980259, 29.970337588986638 ], [ 53.669793275474376, 29.977475972004129 ], [ 53.658514630306854, 29.982901143097308 ], [ 53.639098228499279, 29.993751485284008 ], [ 53.632573825626366, 29.999911675938847 ], [ 53.625138136923567, 30.002940309693656 ], [ 53.609820356698549, 30.010078692711147 ], [ 53.593015413344858, 30.01662221047718 ], [ 53.578283659514852, 30.02288463037695 ], [ 53.566005640724768, 30.028595336790829 ], [ 53.554436901141059, 30.036180201198533 ], [ 53.543732753038739, 30.041909181873109 ], [ 53.534536231429627, 30.046130536054307 ], [ 53.527450386911198, 30.049145789040836 ], [ 53.520666067691366, 30.050954940832924 ], [ 53.514635561718194, 30.050653415534157 ], [ 53.501066923278529, 30.046130536054307 ], [ 53.493528790812036, 30.044019858963622 ], [ 53.482221592112353, 30.039949267431837 ], [ 53.475846730542344, 30.038330358306155 ], [ 53.469564953487009, 30.038330358306155 ], [ 53.463568711752259, 30.03918696426831 ], [ 53.451433460622582, 30.044469367701197 ], [ 53.437870532889292, 30.054463103925741 ], [ 53.426449120061363, 30.06559898143297 ], [ 53.417454757459268, 30.07644932361967 ], [ 53.409935660680844, 30.085689563858921 ], [ 53.403225580644516, 30.094683926461016 ], [ 53.400906558998486, 30.097486077616566 ], [ 53.399799156796007, 30.098824188611047 ], [ 53.395658894645862, 30.103392753742185 ], [ 53.392375238457817, 30.108104086533842 ], [ 53.38709283502493, 30.112529884004744 ], [ 53.374100977933097, 30.122095317248125 ], [ 53.366819827255313, 30.127092185360425 ], [ 53.353964789171357, 30.135152609517547 ], [ 53.346231540902238, 30.141041775506892 ], [ 53.34188902456674, 30.146633508870707 ], [ 53.340898063180191, 30.148013596254145 ], [ 53.336865774553075, 30.158161528668529 ], [ 53.331660703602836, 30.170058833697681 ], [ 53.330024824161171, 30.176156202525078 ], [ 53.326455632652426, 30.18730992598995 ], [ 53.323183873769551, 30.200694394147718 ], [ 53.319219065574941, 30.217533941017336 ], [ 53.318745957608598, 30.218844086155173 ], [ 53.315299236692454, 30.228388851769125 ], [ 53.308364154823323, 30.245274268493858 ], [ 53.302333648850151, 30.26125510932286 ], [ 53.298715345266146, 30.271959257425294 ], [ 53.295324594297256, 30.282947684492967 ], [ 53.293816967803934, 30.289581241063502 ], [ 53.291103240116001, 30.29666708558193 ], [ 53.29502306899866, 30.296817848231228 ], [ 53.300601287023767, 30.299682338568573 ], [ 53.314169925463432, 30.304959031295084 ], [ 53.328793902448353, 30.308125046930854 ], [ 53.334673645772227, 30.308125046930854 ], [ 53.344774743277299, 30.308125046930854 ], [ 53.35080524925047, 30.309783436073701 ], [ 53.362859293269764, 30.310880630657607 ], [ 53.376970805737812, 30.310988586803489 ], [ 53.384251956415767, 30.311131354463726 ], [ 53.39617305605492, 30.310488899992265 ], [ 53.4079732448252, 30.310755597913271 ], [ 53.423035232992163, 30.313753718780561 ], [ 53.445449755667028, 30.319250273704142 ], [ 53.458885977101716, 30.322751650574162 ], [ 53.471616093482851, 30.326677761233839 ], [ 53.485060048165849, 30.331436683245499 ], [ 53.498622975899139, 30.337861227961127 ], [ 53.509568496525844, 30.343690907425412 ], [ 53.523607316460357, 30.350710317392668 ], [ 53.531983019200766, 30.354041697997445 ], [ 53.540549078821869, 30.35561214226135 ], [ 53.553184016762771, 30.35725397035543 ], [ 53.570744438985741, 30.356682899714031 ], [ 53.592828495987362, 30.354400690163573 ], [ 53.601465939438469, 30.353829619522173 ], [ 53.625712647087823, 30.350688730994591 ], [ 53.646651903939244, 30.345739452102464 ], [ 53.6624515250179, 30.338886604405673 ], [ 53.653727841607918, 30.329410385447318 ], [ 53.65191868981583, 30.327299708356804 ], [ 53.650863351270573, 30.324887505967524 ], [ 53.65191868981583, 30.321872252980825 ], [ 53.657195382542341, 30.301067007373433 ], [ 53.661416736723709, 30.292021248413619 ], [ 53.670311733034112, 30.277095746130101 ], [ 53.67467610419493, 30.270708612256897 ], [ 53.68053484929942, 30.262134504342043 ], [ 53.68737579969121, 30.251575646128686 ], [ 53.700908984161856, 30.235068135400752 ], [ 53.711467842375214, 30.223022114058722 ], [ 53.718754941705583, 30.214545284225437 ], [ 53.731098395673314, 30.20145824869337 ], [ 53.741497947169762, 30.19591969267799 ], [ 53.753841401137663, 30.19101205435345 ], [ 53.760087486277939, 30.189971040163414 ], [ 53.769754046614139, 30.189673607537657 ], [ 53.778230876447253, 30.188037728096162 ], [ 53.789533316225118, 30.182981373458745 ], [ 53.803215217008471, 30.175099408876974 ], [ 53.81615353622783, 30.17138150105535 ], [ 53.823440635558029, 30.168555891110941 ], [ 53.835407566860965, 30.159939403140129 ], [ 53.844687464783817, 30.151801646500246 ], [ 53.85553780697029, 30.143663889860306 ], [ 53.866245381496526, 30.135097830239374 ], [ 53.873098229193317, 30.130386497447773 ], [ 53.882806430097105, 30.122962579109526 ], [ 53.895512751868239, 30.114253751828187 ], [ 53.900509619980539, 30.111255630960841 ], [ 53.913538769667184, 30.106704709310861 ] ] ] ] } },
{ "type": "Feature", "properties": { "Id": 0, "Base": 250000.0, "Name_sh": "بختگان", "مرکز": "آباده طشک", "area": 3427707296.71, "a4": 7, "توزیع": "0.64", "t": 0.64, "tt": 1.35 }, "geometry": { "type": "MultiPolygon", "coordinates": [ [ [ [ 54.114388656782978, 29.786123603894112 ], [ 54.116063602007273, 29.784639979587155 ], [ 54.121488773100566, 29.779309986934038 ], [ 54.129483762080042, 29.771029462633862 ], [ 54.136431788217237, 29.764652507138123 ], [ 54.143466813397254, 29.75570127226672 ], [ 54.148523168034671, 29.748711605562278 ], [ 54.153282090046332, 29.739937343103293 ], [ 54.161312770940981, 29.725809293381189 ], [ 54.166963990829856, 29.716588881983569 ], [ 54.170636292315464, 29.709340448894466 ], [ 54.177774675332955, 29.692493864973187 ], [ 54.184770290690039, 29.675932816372608 ], [ 54.190052694123096, 29.668508898034361 ], [ 54.198475986083736, 29.654945970301299 ], [ 54.207424686107913, 29.642735141721573 ], [ 54.210398135274659, 29.639468018563207 ], [ 54.219636460703725, 29.629317265931206 ], [ 54.228983744961965, 29.615748627491541 ], [ 54.237275690675176, 29.603687615545198 ], [ 54.240441706311117, 29.598712448117283 ], [ 54.243131449032148, 29.59626883684291 ], [ 54.244325680703696, 29.595809516969553 ], [ 54.241824290856812, 29.591233266782069 ], [ 54.24280938771318, 29.587468959470868 ], [ 54.246616525322452, 29.578141472328014 ], [ 54.250669540569049, 29.567588562767241 ], [ 54.25304900157488, 29.558546610944973 ], [ 54.25542846258071, 29.547125198116987 ], [ 54.257569977486014, 29.534514054786143 ], [ 54.258283815787763, 29.523806480259907 ], [ 54.259949438491844, 29.510957390828366 ], [ 54.261615061195982, 29.500963654603993 ], [ 54.263225163143204, 29.481228068532118 ], [ 54.263522595768961, 29.473940969201749 ], [ 54.264712326271876, 29.465017990429885 ], [ 54.267240503590529, 29.455797579032321 ], [ 54.269619964596359, 29.448361763389073 ], [ 54.270660978786452, 29.44181824562304 ], [ 54.263076446830325, 29.44107466405876 ], [ 54.252815021242725, 29.440033649868667 ], [ 54.243148460906525, 29.439587500930088 ], [ 54.227087099117171, 29.440182366181546 ], [ 54.213655041739173, 29.440069341783897 ], [ 54.2033757701941, 29.440069341783897 ], [ 54.190621859202793, 29.440545233985119 ], [ 54.185482223430142, 29.440830769305649 ], [ 54.181960621141627, 29.440354877104596 ], [ 54.178343840412651, 29.440354877104596 ], [ 54.175869200966588, 29.440069341783897 ], [ 54.174060810602214, 29.439688628022907 ], [ 54.172062063357316, 29.439688628022907 ], [ 54.169111531710087, 29.439688628022907 ], [ 54.157867280569747, 29.439623192845318 ], [ 54.14608894859083, 29.439266273694329 ], [ 54.133120886109054, 29.439266273694329 ], [ 54.12752915274541, 29.438790381493163 ], [ 54.12312714988451, 29.43795757014118 ], [ 54.119082066174599, 29.437600650990248 ], [ 54.115274928565327, 29.437600650990248 ], [ 54.113490332810954, 29.437124758789196 ], [ 54.113125228314289, 29.435045871297575 ], [ 54.112974465664763, 29.429769178571064 ], [ 54.112823703015465, 29.424341723195084 ], [ 54.112823703015465, 29.418914267819275 ], [ 54.113426753612885, 29.414240625690184 ], [ 54.11502295950794, 29.405104510664387 ], [ 54.114071175105551, 29.395015595999666 ], [ 54.114071175105551, 29.387591677661419 ], [ 54.114071175105551, 29.378454547399087 ], [ 54.112738676942172, 29.375218480431101 ], [ 54.110454394376632, 29.372363127224219 ], [ 54.106456899886894, 29.369507774017166 ], [ 54.10093655035331, 29.366842777690636 ], [ 54.08837299624264, 29.362274212559441 ], [ 54.075374286303088, 29.356190787373464 ], [ 54.061654885214125, 29.349104942855035 ], [ 54.046880145579735, 29.34171757303784 ], [ 54.033160744490772, 29.334330203220816 ], [ 54.020798207245832, 29.327395121351515 ], [ 54.011752448285847, 29.321816903326237 ], [ 54.006324992910038, 29.321666140676939 ], [ 54.001029129228016, 29.320665886254687 ], [ 53.997069755923974, 29.318382959612677 ], [ 53.99193012015138, 29.316955283009236 ], [ 53.982221919247536, 29.314385465122939 ], [ 53.966907436522945, 29.310784446809009 ], [ 53.938782207433974, 29.31249765873315 ], [ 53.931929359737182, 29.315353011940147 ], [ 53.922934997135258, 29.320778183033497 ], [ 53.913512331551999, 29.325917818805976 ], [ 53.901948151063777, 29.331485757559733 ], [ 53.889506515992252, 29.337295993078044 ], [ 53.878352792527437, 29.341757482464004 ], [ 53.864819608056791, 29.346367688162786 ], [ 53.857006241897579, 29.348076862010203 ], [ 53.85054284202181, 29.349490730732953 ], [ 53.832399451852325, 29.353952220118856 ], [ 53.81748978524223, 29.357825964610072 ], [ 53.803807884458706, 29.36187104832004 ], [ 53.791315714178097, 29.365440239828786 ], [ 53.779299436098654, 29.36996121573992 ], [ 53.766807265818045, 29.37543397605333 ], [ 53.758717098398336, 29.379835978914002 ], [ 53.748455672810678, 29.386676929305793 ], [ 53.732675483996729, 29.400358830089317 ], [ 53.722586569331952, 29.411113993835784 ], [ 53.711165156504023, 29.423011298864935 ], [ 53.702979810644081, 29.432148429127267 ], [ 53.695970846510704, 29.44024880359359 ], [ 53.68526669840827, 29.45125447699462 ], [ 53.679839243032461, 29.457888033565155 ], [ 53.671245772020541, 29.468742944316944 ], [ 53.65737560828228, 29.483517683951163 ], [ 53.649499002246785, 29.489533798944194 ], [ 53.648155789263058, 29.490288412979965 ], [ 53.636081126456418, 29.497071931410687 ], [ 53.627939943392676, 29.50144404824124 ], [ 53.61738655793954, 29.506720740967694 ], [ 53.606531647187921, 29.51003751925299 ], [ 53.602008767707957, 29.510640569850182 ], [ 53.595224448488125, 29.510640569850182 ], [ 53.587234028073681, 29.510640569850182 ], [ 53.577132930568609, 29.512148196343503 ], [ 53.573323168144839, 29.512432848947583 ], [ 53.56893634355788, 29.512760617690901 ], [ 53.547669910818286, 29.515140078696732 ], [ 53.532203414280389, 29.51766825601544 ], [ 53.521495839754152, 29.520791298585607 ], [ 53.504988329026219, 29.526293802161604 ], [ 53.49725508075727, 29.529416844731713 ], [ 53.484891492583529, 29.537509149700782 ], [ 53.474488869779861, 29.545348807465871 ], [ 53.463181671080179, 29.554846854373636 ], [ 53.454889725367025, 29.562988037437322 ], [ 53.44916074469262, 29.56932006870926 ], [ 53.441622612226126, 29.578215065019606 ], [ 53.434989055655592, 29.585903960135397 ], [ 53.425560983937089, 29.597757673438934 ], [ 53.418625902067959, 29.610120210684045 ], [ 53.415309123782663, 29.619316732292987 ], [ 53.413198446691979, 29.626704102110239 ], [ 53.411992345497424, 29.636352911667416 ], [ 53.412143108146722, 29.641629604393927 ], [ 53.413640118939213, 29.648901178342044 ], [ 53.415924401504753, 29.653184208152481 ], [ 53.420778501956704, 29.660703304930962 ], [ 53.429020954880798, 29.67007838129399 ], [ 53.434255769093625, 29.674171054223962 ], [ 53.448818070449363, 29.68359371980705 ], [ 53.45877881113563, 29.689909686590397 ], [ 53.463142966490977, 29.692676936650457 ], [ 53.472898756614995, 29.698268670014272 ], [ 53.47872843607928, 29.700648131020102 ], [ 53.488484226203127, 29.703860403377917 ], [ 53.506330183746854, 29.71040392114395 ], [ 53.51013610307217, 29.711291288777886 ], [ 53.521594064421095, 29.713854253816464 ], [ 53.529282959536943, 29.716718744153866 ], [ 53.537876430548863, 29.721392386282957 ], [ 53.540126064560582, 29.724440277524764 ], [ 53.542550072678011, 29.727724417554896 ], [ 53.546469901560613, 29.73360416087877 ], [ 53.557307846034234, 29.750823366951352 ], [ 53.563137525498576, 29.765457052137265 ], [ 53.565873905655167, 29.777354357166416 ], [ 53.565754932604875, 29.78389787493245 ], [ 53.56456520210196, 29.790084473547552 ], [ 53.564208282951199, 29.792582907603787 ], [ 53.562899579397879, 29.794843395559212 ], [ 53.558735522637676, 29.798769506218889 ], [ 53.552047674938933, 29.80703212447429 ], [ 53.548359510379896, 29.815003318843708 ], [ 53.54574210327354, 29.823807324565337 ], [ 53.545861076323831, 29.829399057928981 ], [ 53.548597456480593, 29.834514899091573 ], [ 53.556925570000999, 29.843675823963963 ], [ 53.566844353203805, 29.850226480113008 ], [ 53.576552554107593, 29.854580893753678 ], [ 53.591471774614035, 29.859434994205628 ], [ 53.603535942350675, 29.862426144934659 ], [ 53.618669314347642, 29.866233282543931 ], [ 53.629519656534342, 29.87194398895798 ], [ 53.639208767671391, 29.878247721949037 ], [ 53.655198745630514, 29.885957175607984 ], [ 53.666762926118906, 29.890240205418422 ], [ 53.677184965324443, 29.893238326285768 ], [ 53.68489441898339, 29.895522608851309 ], [ 53.703311447168517, 29.899377335680811 ], [ 53.721157404712244, 29.901804385906814 ], [ 53.733494301953669, 29.903518516805207 ], [ 53.746309127146617, 29.905930719194544 ], [ 53.768240993605957, 29.908582514271359 ], [ 53.786533100088263, 29.908879946897116 ], [ 53.799322702994573, 29.910069677400031 ], [ 53.807055951263521, 29.908731230584237 ], [ 53.814045617968191, 29.907838932707079 ], [ 53.82698411744957, 29.905768501194927 ], [ 53.834027322026827, 29.903103504868398 ], [ 53.841260883484551, 29.899296367259126 ], [ 53.853337542640304, 29.890535821251206 ], [ 53.865115874619164, 29.883992303485172 ], [ 53.875466529994469, 29.877805704869957 ], [ 53.894859137192043, 29.865313534589347 ], [ 53.908459198937976, 29.85631682857877 ], [ 53.921418256525556, 29.846431738316653 ], [ 53.925662702010072, 29.843194101131644 ], [ 53.94317553501304, 29.829393227297885 ], [ 53.959451048292863, 29.817591100708967 ], [ 53.970313347871979, 29.811566617896631 ], [ 53.986303325831102, 29.802334309194009 ], [ 53.99748634760175, 29.793295564549908 ], [ 54.004071690926651, 29.79259918184249 ], [ 54.013589534949972, 29.794122036886165 ], [ 54.026724159702212, 29.794883464408088 ], [ 54.038716643171597, 29.794883464408088 ], [ 54.055848762413632, 29.794312393766631 ], [ 54.074313379818818, 29.791457040559578 ], [ 54.087257647690421, 29.789934185515904 ], [ 54.103057268769248, 29.787078832308907 ], [ 54.106324226536174, 29.786803429958923 ], [ 54.114388656782978, 29.786123603894112 ] ] ] ] } },
{ "type": "Feature", "properties": { "Id": 0, "Base": 250000.0, "Name_sh": "سروستان", "مرکز": "سروستان", "area": 1714399870.49, "a4": 10, "توزیع": "0.73", "t": 0.73, "tt": 0.97 }, "geometry": { "type": "MultiPolygon", "coordinates": [ [ [ [ 52.965322978498591, 29.422974656641088 ], [ 52.968403661736886, 29.417818336054381 ], [ 52.975884687139057, 29.412393164961031 ], [ 52.997985120961289, 29.401885465159239 ], [ 53.006415852342911, 29.397411989238492 ], [ 53.016766507718216, 29.393961770780038 ], [ 53.023666944635181, 29.392058201975374 ], [ 53.028663812747368, 29.389440794868847 ], [ 53.033184788658502, 29.384681872857186 ], [ 53.036278087966025, 29.38075576219768 ], [ 53.039966252525062, 29.374569163582635 ], [ 53.048685174489549, 29.367714633438595 ], [ 53.05344409650121, 29.365620707753465 ], [ 53.060011408877244, 29.363526782068391 ], [ 53.065722115291123, 29.363241246747634 ], [ 53.07685799279858, 29.365906243074221 ], [ 53.091420294154261, 29.3719024848088 ], [ 53.098749034052219, 29.375233730217019 ], [ 53.108002535820788, 29.376205184830326 ], [ 53.115283686498572, 29.376490720151025 ], [ 53.122136534195306, 29.375205811207877 ], [ 53.130417058495709, 29.373778134604265 ], [ 53.132119591791366, 29.373176377146365 ], [ 53.138697582796055, 29.370851397567208 ], [ 53.147763329228212, 29.364212701360941 ], [ 53.157400146301768, 29.359644136229747 ], [ 53.167482208118827, 29.355578303619779 ], [ 53.174906126457074, 29.354150627016338 ], [ 53.184614327360862, 29.353436788714646 ], [ 53.191038872076433, 29.354293394676631 ], [ 53.194893598905935, 29.354293394676631 ], [ 53.205886708752871, 29.354007859355931 ], [ 53.20988420324278, 29.351866344450798 ], [ 53.216879818599864, 29.348868223583452 ], [ 53.226873554824351, 29.341587072905554 ], [ 53.239091821743273, 29.335268220675118 ], [ 53.247622189449203, 29.331419442498202 ], [ 53.250049239675207, 29.330991139517039 ], [ 53.253047360542553, 29.329277927592898 ], [ 53.265325379332637, 29.330776988026571 ], [ 53.269322873822375, 29.333703725063799 ], [ 53.277175095141558, 29.34055657276059 ], [ 53.284215325392609, 29.345822617399165 ], [ 53.289164604284792, 29.348677970606161 ], [ 53.293352455654997, 29.350486360970592 ], [ 53.30125226619441, 29.350962253171758 ], [ 53.306867794168227, 29.3523899297752 ], [ 53.311817073060354, 29.354864569221263 ], [ 53.316385638191548, 29.356577781145404 ], [ 53.323143307448049, 29.356672959585637 ], [ 53.33037686890583, 29.356768138025927 ], [ 53.34084649733137, 29.355911532063715 ], [ 53.345034348701745, 29.340873338507038 ], [ 53.347429192081734, 29.323909043370747 ], [ 53.34847020627177, 29.308591263145672 ], [ 53.349808653087564, 29.287176114093199 ], [ 53.34797061710259, 29.26991394318685 ], [ 53.346067048297812, 29.256826907654784 ], [ 53.343925533392678, 29.238267111809307 ], [ 53.343449641191455, 29.219945262064414 ], [ 53.343211695090929, 29.207810010934566 ], [ 53.343925533392678, 29.19400913710075 ], [ 53.343390226771248, 29.188176501336557 ], [ 53.35252735703358, 29.179895977036153 ], [ 53.357809760466466, 29.17475634126356 ], [ 53.364805375823721, 29.166333049302921 ], [ 53.369516708615151, 29.158766363304437 ], [ 53.376084020991186, 29.146631112174759 ], [ 53.384792848272582, 29.133639255082926 ], [ 53.393548755533345, 29.122203502396985 ], [ 53.400925084651533, 29.11423230802751 ], [ 53.412465470529696, 29.101740137746901 ], [ 53.424058853494103, 29.091070778806568 ], [ 53.44190481103783, 29.074057632614767 ], [ 53.451898547262203, 29.06299313893777 ], [ 53.461443881270725, 29.051748920094326 ], [ 53.463674625963677, 29.048031012272702 ], [ 53.466500235908086, 29.042082359758126 ], [ 53.468582264288216, 29.034497827802056 ], [ 53.467403231873561, 29.027727727647743 ], [ 53.467267612082424, 29.026948987761159 ], [ 53.460605121266155, 29.019810604743668 ], [ 53.457559411178636, 29.016102452712175 ], [ 53.457517638902516, 29.01541321015651 ], [ 53.445528856333169, 29.014524653750641 ], [ 53.421020407973117, 29.01523849205239 ], [ 53.394132498607291, 29.017380006957524 ], [ 53.388897684394408, 29.01761795305822 ], [ 53.357161623229274, 29.01785589915869 ], [ 53.339553611786073, 29.01785589915869 ], [ 53.313974405973397, 29.018688710510844 ], [ 53.301006343491565, 29.019164602711896 ], [ 53.276629246186019, 29.019343062287362 ], [ 53.27099122287666, 29.019220496563207 ], [ 53.256106395010761, 29.018896913348783 ], [ 53.244357806294488, 29.019491778600241 ], [ 53.235286111209746, 29.020978941728856 ], [ 53.229932323946628, 29.022168672231771 ], [ 53.216547855788804, 29.028266041059226 ], [ 53.206583862826903, 29.034809558825259 ], [ 53.192156496371979, 29.043884015464869 ], [ 53.189749176210626, 29.045398160301204 ], [ 53.174996517974591, 29.053964219922307 ], [ 53.157150560430864, 29.065623578850762 ], [ 53.135854384428683, 29.078591641332594 ], [ 53.1292080421008, 29.082956510180622 ], [ 53.122164837523542, 29.088952751915429 ], [ 53.109791640293167, 29.096376670253619 ], [ 53.100464153150369, 29.101897019787032 ], [ 53.08390310454979, 29.109225759685046 ], [ 53.071645695737573, 29.115373181315988 ], [ 53.062508565475184, 29.118989962044907 ], [ 53.053371435212853, 29.121179066170271 ], [ 53.051187865002873, 29.121293990918218 ], [ 53.040712702661779, 29.12184531525179 ], [ 53.037476635693963, 29.123082634974878 ], [ 53.028696614939236, 29.13004208252471 ], [ 53.024627736619266, 29.134039577014448 ], [ 53.016275828488858, 29.141534879182871 ], [ 53.01092204122574, 29.147316969426981 ], [ 53.004997183321166, 29.151599999237419 ], [ 52.998358487114899, 29.157167937991233 ], [ 52.99400407347423, 29.160594361839514 ], [ 52.987779517697106, 29.166049801984116 ], [ 52.980212831698623, 29.170689750945542 ], [ 52.972860297190664, 29.175401083737199 ], [ 52.966847923190926, 29.180251155929739 ], [ 52.962772862483519, 29.18274484979554 ], [ 52.960470967695358, 29.184153471979414 ], [ 52.952380800275421, 29.187294360506996 ], [ 52.943529205333789, 29.190054535273816 ], [ 52.935980650708018, 29.191502836877078 ], [ 52.929413338331926, 29.194857876895298 ], [ 52.920633127220356, 29.198141533083344 ], [ 52.916135945919393, 29.201282421611097 ], [ 52.910496623335575, 29.206279289723284 ], [ 52.906247047184479, 29.211617153825614 ], [ 52.902201963474567, 29.214591480082902 ], [ 52.898275852815061, 29.219826294295785 ], [ 52.89244617335072, 29.226250839011357 ], [ 52.888282116590517, 29.230295922721325 ], [ 52.883047302377634, 29.233627168129544 ], [ 52.879716056969585, 29.234816898632459 ], [ 52.87778105325981, 29.235442929244527 ], [ 52.871625889549705, 29.237434305738816 ], [ 52.865808275635175, 29.239652107606105 ], [ 52.862096316465966, 29.241222551869839 ], [ 52.850603519807976, 29.251002136603859 ], [ 52.843893439771477, 29.258854357923042 ], [ 52.838024625132448, 29.264396683819427 ], [ 52.835199682409836, 29.267064471809022 ], [ 52.822469566028701, 29.280627399542311 ], [ 52.816045021312959, 29.287170917308345 ], [ 52.806646150339873, 29.302994332997173 ], [ 52.798361480008964, 29.316302279852096 ], [ 52.791282583516704, 29.32629601607664 ], [ 52.788000551266464, 29.330379474806875 ], [ 52.786166742354283, 29.332661074267378 ], [ 52.777968706035495, 29.344780774778258 ], [ 52.771858250172613, 29.352204693116505 ], [ 52.76928843228626, 29.355631116964787 ], [ 52.764263010641969, 29.362155281781327 ], [ 52.759408910190018, 29.367865988195433 ], [ 52.754459631297891, 29.371387590483948 ], [ 52.747511605160867, 29.376622404696832 ], [ 52.740658757464132, 29.381000612947503 ], [ 52.737649249624553, 29.384216657091031 ], [ 52.738855350819279, 29.387382672726801 ], [ 52.744735094143152, 29.399594447322613 ], [ 52.750765600116324, 29.410750883372998 ], [ 52.756823263671095, 29.419279379236116 ], [ 52.760820758160833, 29.425751513172088 ], [ 52.762724326965497, 29.428606866378971 ], [ 52.767483248977157, 29.434888643434476 ], [ 52.770338602184154, 29.437934353521825 ], [ 52.773193955391207, 29.439647565446137 ], [ 52.782331085653539, 29.444596844338264 ], [ 52.78880321958934, 29.446310056262405 ], [ 52.799843918656507, 29.449355766349925 ], [ 52.814501398452478, 29.449165409469458 ], [ 52.82363852871481, 29.447832911306079 ], [ 52.838486365391248, 29.443835416816341 ], [ 52.845339213088039, 29.439266851685147 ], [ 52.852382417665297, 29.43165257646649 ], [ 52.863423116732292, 29.424419015008766 ], [ 52.871483540889528, 29.419437018527788 ], [ 52.88025780334857, 29.415867827019042 ], [ 52.893939704132094, 29.413190933387455 ], [ 52.903160115529658, 29.41363708232609 ], [ 52.912529243240101, 29.415124245454706 ], [ 52.925170129833589, 29.417503706460536 ], [ 52.942123789500158, 29.42122161428216 ], [ 52.950749335646265, 29.422857493723654 ], [ 52.960415895982464, 29.422708777410776 ], [ 52.965322978498591, 29.422974656641088 ] ] ] ] } },
{ "type": "Feature", "properties": { "Id": 0, "Base": 250000.0, "Name_sh": "خرامه", "مرکز": "خرامه", "area": 1527683861.8900001, "a4": 10, "توزیع": "1.01", "t": 1.01, "tt": 1.57 }, "geometry": { "type": "MultiPolygon", "coordinates": [ [ [ [ 53.135732491153476, 29.688446555224516 ], [ 53.159278598357218, 29.680613168495199 ], [ 53.172365633889285, 29.675854246483539 ], [ 53.191044402784996, 29.668953809566688 ], [ 53.211607514440516, 29.662346522245684 ], [ 53.230357667166459, 29.65787313555461 ], [ 53.249500430958335, 29.65398133479988 ], [ 53.263396483232384, 29.652077765995216 ], [ 53.274874425760345, 29.651283444713044 ], [ 53.290903052459896, 29.650174197190609 ], [ 53.30636656716058, 29.647910794996221 ], [ 53.31653876296042, 29.647434902794998 ], [ 53.326791265569454, 29.647116649885504 ], [ 53.352203909111665, 29.646973882225211 ], [ 53.369686157628394, 29.64579304465741 ], [ 53.381761922233011, 29.64614996380817 ], [ 53.399077817583475, 29.646616895776447 ], [ 53.413640118939213, 29.648901178342044 ], [ 53.412143108146722, 29.641629604393927 ], [ 53.411992345497424, 29.636352911667416 ], [ 53.413198446691979, 29.626704102110239 ], [ 53.415309123782663, 29.619316732292987 ], [ 53.418625902067959, 29.610120210684045 ], [ 53.425560983937089, 29.597757673438934 ], [ 53.434989055655592, 29.585903960135397 ], [ 53.441622612226126, 29.578215065019606 ], [ 53.44916074469262, 29.56932006870926 ], [ 53.454889725367025, 29.562988037437322 ], [ 53.463181671080179, 29.554846854373636 ], [ 53.474488869779861, 29.545348807465871 ], [ 53.484891492583529, 29.537509149700782 ], [ 53.49725508075727, 29.529416844731713 ], [ 53.504988329026219, 29.526293802161604 ], [ 53.521495839754152, 29.520791298585607 ], [ 53.532203414280389, 29.51766825601544 ], [ 53.547669910818286, 29.515140078696732 ], [ 53.56893634355788, 29.512760617690901 ], [ 53.573323168144839, 29.512432848947583 ], [ 53.584043814570578, 29.502197660061995 ], [ 53.587613006079323, 29.495059277044504 ], [ 53.589695034459396, 29.485987581959932 ], [ 53.592371928090984, 29.474982574807825 ], [ 53.593211132261672, 29.461177148271986 ], [ 53.591100455170931, 29.451980626662873 ], [ 53.588688252781651, 29.443839443599188 ], [ 53.585672999795179, 29.434793684639317 ], [ 53.580485383804842, 29.426316360947794 ], [ 53.579491731172709, 29.424692587134246 ], [ 53.575722664939349, 29.421225046199652 ], [ 53.570898260160902, 29.418360555862478 ], [ 53.564264703590368, 29.415496065525247 ], [ 53.550060685609935, 29.41056727379231 ], [ 53.531173713876171, 29.405510919154892 ], [ 53.516748231528311, 29.402239160271904 ], [ 53.499571497392481, 29.398327921243606 ], [ 53.490499802307738, 29.396097176550654 ], [ 53.475033305769841, 29.391784403477573 ], [ 53.459269376606187, 29.386579332527333 ], [ 53.436402756340101, 29.380349606181483 ], [ 53.428788481121444, 29.378921929577871 ], [ 53.407849224270137, 29.374400953666907 ], [ 53.396665757542735, 29.37154560045991 ], [ 53.383578722010668, 29.367500516749942 ], [ 53.365970710567638, 29.364169271341723 ], [ 53.35859438144945, 29.361551864235366 ], [ 53.357018745535754, 29.361051122294839 ], [ 53.34084649733137, 29.355911532063715 ], [ 53.33037686890583, 29.356768138025927 ], [ 53.323143307448049, 29.356672959585637 ], [ 53.316385638191548, 29.356577781145404 ], [ 53.311817073060354, 29.354864569221263 ], [ 53.306867794168227, 29.3523899297752 ], [ 53.30125226619441, 29.350962253171758 ], [ 53.293352455654997, 29.350486360970592 ], [ 53.289164604284792, 29.348677970606161 ], [ 53.284215325392609, 29.345822617399165 ], [ 53.277175095141558, 29.34055657276059 ], [ 53.269322873822375, 29.333703725063799 ], [ 53.265325379332637, 29.330776988026571 ], [ 53.253047360542553, 29.329277927592898 ], [ 53.250049239675207, 29.330991139517039 ], [ 53.247622189449203, 29.331419442498202 ], [ 53.239091821743273, 29.335268220675118 ], [ 53.226873554824351, 29.341587072905554 ], [ 53.216879818599864, 29.348868223583452 ], [ 53.20988420324278, 29.351866344450798 ], [ 53.205886708752871, 29.354007859355931 ], [ 53.194893598905935, 29.354293394676631 ], [ 53.191038872076433, 29.354293394676631 ], [ 53.184614327360862, 29.353436788714646 ], [ 53.174906126457074, 29.354150627016338 ], [ 53.167482208118827, 29.355578303619779 ], [ 53.157400146301768, 29.359644136229747 ], [ 53.147763329228212, 29.364212701360941 ], [ 53.138697582796055, 29.370851397567208 ], [ 53.132119591791366, 29.373176377146365 ], [ 53.130417058495709, 29.373778134604265 ], [ 53.122136534195306, 29.375205811207877 ], [ 53.115283686498572, 29.376490720151025 ], [ 53.108002535820788, 29.376205184830326 ], [ 53.098749034052219, 29.375233730217019 ], [ 53.091420294154261, 29.3719024848088 ], [ 53.07685799279858, 29.365906243074221 ], [ 53.065722115291123, 29.363241246747634 ], [ 53.060011408877244, 29.363526782068391 ], [ 53.05344409650121, 29.365620707753465 ], [ 53.048685174489549, 29.367714633438595 ], [ 53.039966252525062, 29.374569163582635 ], [ 53.036278087966025, 29.38075576219768 ], [ 53.033184788658502, 29.384681872857186 ], [ 53.028663812747368, 29.389440794868847 ], [ 53.023666944635181, 29.392058201975374 ], [ 53.016766507718216, 29.393961770780038 ], [ 53.006415852342911, 29.397411989238492 ], [ 52.997985120961289, 29.401885465159239 ], [ 52.975884687139057, 29.412393164961031 ], [ 52.968403661736886, 29.417818336054381 ], [ 52.965322978498591, 29.422974656641088 ], [ 52.969040886320045, 29.425502833959797 ], [ 52.972461361516082, 29.430856621222915 ], [ 52.97498953883462, 29.435912975860276 ], [ 52.976922850901872, 29.443051358877767 ], [ 52.979302311907702, 29.4495948766438 ], [ 52.980938191349196, 29.455692245471255 ], [ 52.983168936042318, 29.463128061114446 ], [ 52.985250964422278, 29.471456174634852 ], [ 52.987750299789354, 29.475435612861304 ], [ 52.993847668616809, 29.475435612861304 ], [ 52.998011725377012, 29.475435612861304 ], [ 53.008719299903248, 29.476476627051341 ], [ 53.018088427613691, 29.480045818560086 ], [ 53.023144782251109, 29.482573995878795 ], [ 53.03266262627443, 29.48688676895182 ], [ 53.038165129850427, 29.490307244147743 ], [ 53.043518917113545, 29.491496974650659 ], [ 53.052888044823987, 29.491794407276359 ], [ 53.063744335663102, 29.495958464036562 ], [ 53.071626300244873, 29.499973804483886 ], [ 53.076302977629098, 29.506473758885477 ], [ 53.076302977629098, 29.510489099332972 ], [ 53.075261963439061, 29.513612141902968 ], [ 53.073179935058931, 29.514653156093175 ], [ 53.067677431482934, 29.515694170283211 ], [ 53.060539048465444, 29.517032617099005 ], [ 53.054292963325167, 29.519412078104835 ], [ 53.052062218632216, 29.520750524920459 ], [ 53.052359651257916, 29.524319716429204 ], [ 53.052062218632216, 29.529078638440865 ], [ 53.050277622877843, 29.535770872519777 ], [ 53.046708431369098, 29.542165673972931 ], [ 53.040908495167344, 29.547370744923342 ], [ 53.037339303658598, 29.551088652744795 ], [ 53.032431665334116, 29.554509127940833 ], [ 53.03030502206019, 29.557054123722423 ], [ 53.033017607606723, 29.559909476929477 ], [ 53.039156617001822, 29.561622688853618 ], [ 53.049721423867766, 29.564906345041607 ], [ 53.052194471850896, 29.573499630611707 ], [ 53.05430514894141, 29.583600728116778 ], [ 53.055511250136135, 29.592344961777826 ], [ 53.055812775434731, 29.603652160477679 ], [ 53.05505896218807, 29.611793343541535 ], [ 53.054455911590878, 29.620989865150534 ], [ 53.053078901643573, 29.631429337873783 ], [ 53.050402008011986, 29.639906167707068 ], [ 53.050536414870805, 29.642325491165252 ], [ 53.050699440637743, 29.645259954970186 ], [ 53.054566064772189, 29.651506040110462 ], [ 53.057242958403776, 29.656711111060702 ], [ 53.061853164102558, 29.665039224581108 ], [ 53.066017220862761, 29.672177607598599 ], [ 53.076576079076119, 29.684521061566386 ], [ 53.083863178406489, 29.691808160896699 ], [ 53.090493800368563, 29.699672414717668 ], [ 53.097632183386054, 29.705621067232244 ], [ 53.110748150592258, 29.699154129750752 ], [ 53.124596613646247, 29.69330065567641 ], [ 53.133305440927586, 29.689160393526208 ], [ 53.135732491153476, 29.688446555224516 ] ] ] ] } },
{ "type": "Feature", "properties": { "Id": 0, "Base": 250000.0, "Name_sh": "استهبان", "مرکز": "استهبان", "area": 1994436197.9300001, "a4": 7, "توزیع": "1.4", "t": 1.4, "tt": 1.04 }, "geometry": { "type": "MultiPolygon", "coordinates": [ [ [ [ 54.011752448285847, 29.321816903326237 ], [ 54.0161138658342, 29.321018941464104 ], [ 54.018669597311316, 29.319534919223941 ], [ 54.020327986453935, 29.316821191536008 ], [ 54.020629511752531, 29.313353650601471 ], [ 54.020177223804637, 29.300538825408466 ], [ 54.019724935856573, 29.293000692941973 ], [ 54.019632536698907, 29.278080281262817 ], [ 54.020524834576065, 29.261721486847762 ], [ 54.022904295581895, 29.244470394555492 ], [ 54.024837607649147, 29.232870522152041 ], [ 54.027217068654977, 29.222609096564383 ], [ 54.029120637459641, 29.212451772395809 ], [ 54.031143179314654, 29.206146200730302 ], [ 54.031975990666638, 29.205789281579484 ], [ 54.039114373684129, 29.206027227680011 ], [ 54.049639620568655, 29.205447968087526 ], [ 54.064487457245093, 29.202782971760996 ], [ 54.070293342099433, 29.200784224516156 ], [ 54.084189394373425, 29.192598878655986 ], [ 54.102654011778611, 29.179559432344149 ], [ 54.112146905590976, 29.172793868084 ], [ 54.123473139978671, 29.168796373594262 ], [ 54.1299452739147, 29.168225302952862 ], [ 54.141747400503618, 29.168320481393096 ], [ 54.149932746363561, 29.167844589191873 ], [ 54.159545768827115, 29.16774941075164 ], [ 54.171016780005573, 29.163548202961977 ], [ 54.176073134642934, 29.16042516039181 ], [ 54.181575638218931, 29.155220089441571 ], [ 54.188119155984964, 29.148230422736958 ], [ 54.19689341844412, 29.136184401394928 ], [ 54.206411262467441, 29.124733245304355 ], [ 54.217783732185922, 29.110913301172218 ], [ 54.222155849016474, 29.105184320497642 ], [ 54.227281779093687, 29.099129829557569 ], [ 54.234420162111178, 29.099558132538561 ], [ 54.246412645580563, 29.099129829557569 ], [ 54.259975573313795, 29.098701526576576 ], [ 54.270254844859039, 29.097702152954128 ], [ 54.282390095988717, 29.094989567407367 ], [ 54.294063420891007, 29.09042967486738 ], [ 54.294572936338568, 29.090230645395707 ], [ 54.303710066600956, 29.085804847924976 ], [ 54.315417014749642, 29.080094141510926 ], [ 54.323269236068995, 29.076953252983174 ], [ 54.330122083765787, 29.074526202757283 ], [ 54.335404487198673, 29.073955132115884 ], [ 54.346112061724909, 29.073241293814135 ], [ 54.356962403911439, 29.074097899776291 ], [ 54.36709890779639, 29.075811111700432 ], [ 54.373095149530968, 29.077381555964337 ], [ 54.379298511088393, 29.077269864064704 ], [ 54.386836643554886, 29.076968338765937 ], [ 54.400405281994551, 29.073651560480812 ], [ 54.410204854200913, 29.068676393052954 ], [ 54.419702901108622, 29.063701225625039 ], [ 54.429954761263048, 29.056163093158546 ], [ 54.436889843132178, 29.048926485990648 ], [ 54.446038394807488, 29.035501566995833 ], [ 54.451767375482063, 29.025249706841464 ], [ 54.456591780260453, 29.014997846687038 ], [ 54.461717710337666, 29.003087597389992 ], [ 54.463376017137989, 28.999719120613918 ], [ 54.461119800444692, 28.989657191951551 ], [ 54.461318314189498, 28.982352441947569 ], [ 54.463102909943871, 28.971287948270572 ], [ 54.465244424849232, 28.962602915599234 ], [ 54.467861255116532, 28.949345087643906 ], [ 54.470335894562595, 28.942111526186181 ], [ 54.476046600976645, 28.92992868583633 ], [ 54.482433223032388, 28.918016051009317 ], [ 54.470238485377536, 28.906416178605866 ], [ 54.461018073979915, 28.898682930336918 ], [ 54.452392527833808, 28.893031710448099 ], [ 54.443469549061945, 28.888718937375018 ], [ 54.426218456769675, 28.879647242290275 ], [ 54.422500548948051, 28.877119064971566 ], [ 54.416700612746354, 28.872360142959906 ], [ 54.412239123360393, 28.867749937261124 ], [ 54.405563037769923, 28.860138178202362 ], [ 54.395599044808023, 28.84868702211179 ], [ 54.389204243354868, 28.840507624904262 ], [ 54.383106874527414, 28.83143592981952 ], [ 54.375373626258465, 28.835897419205423 ], [ 54.359163548156232, 28.844746039820905 ], [ 54.345481647372708, 28.850545976022602 ], [ 54.32971771820911, 28.858427940604429 ], [ 54.320943455750069, 28.861550983174538 ], [ 54.313805072732578, 28.862591997364632 ], [ 54.29595911518885, 28.865417607309041 ], [ 54.287184852729865, 28.868094500940572 ], [ 54.260868826387082, 28.87166588395695 ], [ 54.259662725192527, 28.874831899592891 ], [ 54.254084507167249, 28.879204016423444 ], [ 54.249109339739391, 28.884782234448551 ], [ 54.242928071116921, 28.890812740421666 ], [ 54.234786888053009, 28.900612312628198 ], [ 54.227825965237457, 28.906670563116677 ], [ 54.221639366622355, 28.912619215631253 ], [ 54.212240495649098, 28.919757598648744 ], [ 54.202127786374547, 28.926301116414777 ], [ 54.192966861501986, 28.93284463418081 ], [ 54.181351294269803, 28.941262205821033 ], [ 54.174355678912775, 28.948400588838524 ], [ 54.17078648740403, 28.95168424502657 ], [ 54.168216669517733, 28.95710941611992 ], [ 54.165397008225909, 28.965383991767681 ], [ 54.165099575600152, 28.970142913779341 ], [ 54.165248291913031, 28.975347984729581 ], [ 54.168817483421776, 28.988286303948826 ], [ 54.168189586989854, 28.999658444164822 ], [ 54.166078906566895, 29.009021940066305 ], [ 54.16411899212568, 29.017464648428756 ], [ 54.163468366270934, 29.019462999268399 ], [ 54.162008315035109, 29.023947442349822 ], [ 54.159897637944425, 29.034199302504192 ], [ 54.155650372153957, 29.044236414139732 ], [ 54.1506535040416, 29.052516938440135 ], [ 54.146513241891455, 29.058227644854014 ], [ 54.140945303137812, 29.064223886588763 ], [ 54.132950314158336, 29.071219501945848 ], [ 54.127667910725279, 29.073932087492608 ], [ 54.122813810273385, 29.075074228775293 ], [ 54.117959709821491, 29.073932087492608 ], [ 54.1111068621247, 29.070791198964855 ], [ 54.105253388050357, 29.06722200745611 ], [ 54.100256519938171, 29.065651563192205 ], [ 54.095687954807033, 29.065508795531912 ], [ 54.072608913567478, 29.071333716074093 ], [ 54.069325257379489, 29.072618625017242 ], [ 54.060188127117101, 29.073760766300154 ], [ 54.05033715855302, 29.072475857357006 ], [ 54.04020065466807, 29.069763271810245 ], [ 54.025352817991802, 29.067621756905112 ], [ 54.019784879238046, 29.067193453923949 ], [ 54.009791143013672, 29.066622383282663 ], [ 54.00565088086347, 29.065051939018758 ], [ 54.002971959278284, 29.061479958777795 ], [ 53.998336182501248, 29.061327219761665 ], [ 53.987481271749687, 29.060874931813771 ], [ 53.979805316127283, 29.061634927419959 ], [ 53.972254244167402, 29.062382558306922 ], [ 53.9592886563251, 29.064794760696259 ], [ 53.941872175629783, 29.069310977685404 ], [ 53.922876081814309, 29.074286145113149 ], [ 53.90583990244005, 29.07745216074909 ], [ 53.889557536312509, 29.079713600489129 ], [ 53.876813904592836, 29.080883153162688 ], [ 53.864440707362519, 29.082406008206306 ], [ 53.853400008295353, 29.083548149489218 ], [ 53.844643591793954, 29.085071004532892 ], [ 53.836077532173022, 29.087736000859422 ], [ 53.831508967041827, 29.090210640305486 ], [ 53.8265596881497, 29.093637064153825 ], [ 53.818582891242954, 29.101776546107317 ], [ 53.814121401856994, 29.10623803549322 ], [ 53.803366238110755, 29.114249752804653 ], [ 53.791802057622363, 29.122244741784357 ], [ 53.786376886529013, 29.123101347746513 ], [ 53.774812706040791, 29.125100094991353 ], [ 53.76496173747654, 29.126385003934502 ], [ 53.757728176018816, 29.128383751179399 ], [ 53.745735692549431, 29.130668033744996 ], [ 53.725557863220047, 29.13276195943007 ], [ 53.712152484647333, 29.135089384748312 ], [ 53.6968287557699, 29.13708813199321 ], [ 53.693290302787034, 29.137645559517978 ], [ 53.682932703495737, 29.139277236118573 ], [ 53.673700394793116, 29.141275983363414 ], [ 53.66503915673195, 29.1445120503314 ], [ 53.652104478809065, 29.149373144956542 ], [ 53.645965469414023, 29.152942336465287 ], [ 53.64011199533968, 29.157510901596481 ], [ 53.632402541680733, 29.164649284613972 ], [ 53.626834602927147, 29.169931688046859 ], [ 53.618839613947671, 29.177498374045513 ], [ 53.60440223429481, 29.190814432699312 ], [ 53.59631206687493, 29.200808168923857 ], [ 53.589768549108896, 29.208898336343736 ], [ 53.592132591207474, 29.212732885343826 ], [ 53.600123011621918, 29.217105002174378 ], [ 53.610676397074883, 29.224944659939467 ], [ 53.625451136709273, 29.236854909236513 ], [ 53.645602620646457, 29.253562837206005 ], [ 53.653894566359611, 29.262156308217754 ], [ 53.662940325319312, 29.273463506917437 ], [ 53.670478457785805, 29.28507223091583 ], [ 53.677262777005637, 29.297887056108834 ], [ 53.682539469732092, 29.309646542756582 ], [ 53.68404709622547, 29.318089251119034 ], [ 53.684621479076611, 29.326978555758785 ], [ 53.684018428479249, 29.337531941211807 ], [ 53.68251080198587, 29.345070073678301 ], [ 53.68149390356939, 29.348629218136011 ], [ 53.680701650193953, 29.351402104950068 ], [ 53.678741735752737, 29.357583373572538 ], [ 53.676178770714159, 29.36150320245514 ], [ 53.668188350299715, 29.369192097570988 ], [ 53.658238015443942, 29.379745483023953 ], [ 53.651649117751219, 29.385500167645773 ], [ 53.636801281074838, 29.397778186435858 ], [ 53.627806918472913, 29.405202104774105 ], [ 53.624380494624461, 29.408914063943257 ], [ 53.612530778815483, 29.4141964673762 ], [ 53.601394901308083, 29.419050567828094 ], [ 53.588260276556014, 29.422476991676376 ], [ 53.580485383804842, 29.426316360947794 ], [ 53.585672999795179, 29.434793684639317 ], [ 53.588688252781651, 29.443839443599188 ], [ 53.591100455170931, 29.451980626662873 ], [ 53.593211132261672, 29.461177148271986 ], [ 53.592371928090984, 29.474982574807825 ], [ 53.589695034459396, 29.485987581959932 ], [ 53.587613006079323, 29.495059277044504 ], [ 53.584043814570578, 29.502197660061995 ], [ 53.573323168144839, 29.512432848947583 ], [ 53.577132930568609, 29.512148196343503 ], [ 53.587234028073681, 29.510640569850182 ], [ 53.595224448488125, 29.510640569850182 ], [ 53.602008767707957, 29.510640569850182 ], [ 53.606531647187921, 29.51003751925299 ], [ 53.61738655793954, 29.506720740967694 ], [ 53.627939943392676, 29.50144404824124 ], [ 53.636081126456418, 29.497071931410687 ], [ 53.648155789263058, 29.490288412979965 ], [ 53.649499002246785, 29.489533798944194 ], [ 53.65737560828228, 29.483517683951163 ], [ 53.671245772020541, 29.468742944316944 ], [ 53.679839243032461, 29.457888033565155 ], [ 53.68526669840827, 29.45125447699462 ], [ 53.695970846510704, 29.44024880359359 ], [ 53.702979810644081, 29.432148429127267 ], [ 53.711165156504023, 29.423011298864935 ], [ 53.722586569331952, 29.411113993835784 ], [ 53.732675483996729, 29.400358830089317 ], [ 53.748455672810678, 29.386676929305793 ], [ 53.758717098398336, 29.379835978914002 ], [ 53.766807265818045, 29.37543397605333 ], [ 53.779299436098654, 29.36996121573992 ], [ 53.791315714178097, 29.365440239828786 ], [ 53.803807884458706, 29.36187104832004 ], [ 53.81748978524223, 29.357825964610072 ], [ 53.832399451852325, 29.353952220118856 ], [ 53.85054284202181, 29.349490730732953 ], [ 53.857006241897579, 29.348076862010203 ], [ 53.864819608056791, 29.346367688162786 ], [ 53.878352792527437, 29.341757482464004 ], [ 53.889506515992252, 29.337295993078044 ], [ 53.901948151063777, 29.331485757559733 ], [ 53.913512331551999, 29.325917818805976 ], [ 53.922934997135258, 29.320778183033497 ], [ 53.931929359737182, 29.315353011940147 ], [ 53.938782207433974, 29.31249765873315 ], [ 53.966907436522945, 29.310784446809009 ], [ 53.982221919247536, 29.314385465122939 ], [ 53.99193012015138, 29.316955283009236 ], [ 53.997069755923974, 29.318382959612677 ], [ 54.001029129228016, 29.320665886254687 ], [ 54.006324992910038, 29.321666140676939 ], [ 54.011752448285847, 29.321816903326237 ] ] ] ] } },
{ "type": "Feature", "properties": { "Id": 0, "Base": 250000.0, "Name_sh": "خنج", "مرکز": "خنج", "area": 4452096168.4499998, "a4": 5, "توزیع": "0.84", "t": 0.84, "tt": 0.79 }, "geometry": { "type": "MultiPolygon", "coordinates": [ [ [ [ 53.20224410547911, 28.281669661107742 ], [ 53.202093342829642, 28.277599069575786 ], [ 53.20465630786822, 28.267196446772118 ], [ 53.206616222309663, 28.261316703448244 ], [ 53.212043677685415, 28.250612555345981 ], [ 53.216114269217371, 28.244431286723341 ], [ 53.21971247111469, 28.235408370589255 ], [ 53.223330774698582, 28.229377864616083 ], [ 53.229059755373157, 28.220935156253631 ], [ 53.232979584255759, 28.216261514124483 ], [ 53.239160852878229, 28.211587871995334 ], [ 53.249412713032655, 28.203748214230075 ], [ 53.256197032252487, 28.200280673295538 ], [ 53.269011857445435, 28.192290252881151 ], [ 53.279866768197223, 28.186862797505171 ], [ 53.296299896974062, 28.178570851792188 ], [ 53.304235951463397, 28.174287593553402 ], [ 53.311321795981996, 28.171875391164122 ], [ 53.315844675461847, 28.169312426125487 ], [ 53.321305824005492, 28.167071735285504 ], [ 53.330942641079105, 28.163383570726523 ], [ 53.337129239694207, 28.160409244469236 ], [ 53.343553784409949, 28.15612621465857 ], [ 53.349978329125747, 28.151724211797898 ], [ 53.354737251137408, 28.14874988554061 ], [ 53.365325852613353, 28.145061720981573 ], [ 53.375319588837897, 28.141016637271662 ], [ 53.382624227679969, 28.138294912431661 ], [ 53.395473317111509, 28.132774562898078 ], [ 53.402516521688767, 28.129919209691025 ], [ 53.407465800580894, 28.126207250522043 ], [ 53.415746324881127, 28.121067614749393 ], [ 53.426215953306837, 28.116499049618199 ], [ 53.434701928442223, 28.110388689895103 ], [ 53.443267988063326, 28.105106286462217 ], [ 53.447979320854756, 28.101537094953471 ], [ 53.453404491948106, 28.096540226841114 ], [ 53.4582585924, 28.09168612638922 ], [ 53.463540995832886, 28.08626095529587 ], [ 53.467538490322795, 28.08126408718374 ], [ 53.471535984812533, 28.076409986731846 ], [ 53.473106429076438, 28.073697401185257 ], [ 53.474534105679879, 28.069414371374762 ], [ 53.475529874058395, 28.062680676990453 ], [ 53.47434014355548, 28.052419251402625 ], [ 53.472406831488229, 28.03650660592632 ], [ 53.471811966236771, 28.028624641344322 ], [ 53.471217100985314, 28.019404229946929 ], [ 53.471375581500581, 28.014316141651875 ], [ 53.472267879377625, 28.010152084891672 ], [ 53.480279185492122, 28.000112541894907 ], [ 53.488309851702184, 27.992645418963718 ], [ 53.495150802094088, 27.988332645890694 ], [ 53.507494256061648, 27.981937844437482 ], [ 53.519391561090799, 27.976881489800121 ], [ 53.526354045768528, 27.974613407670347 ], [ 53.539022114388899, 27.970486688346966 ], [ 53.554042461988388, 27.964686752145212 ], [ 53.568229998235552, 27.960182506819365 ], [ 53.589645147288024, 27.95170567698608 ], [ 53.597824544495552, 27.947987769164456 ], [ 53.606301374328837, 27.94203911664988 ], [ 53.61968584248666, 27.929546946369271 ], [ 53.627021564540428, 27.923535790942196 ], [ 53.643011542499551, 27.913542054717652 ], [ 53.657669022295522, 27.903357961612812 ], [ 53.674420427776568, 27.892222084105413 ], [ 53.692992008263161, 27.884503677423993 ], [ 53.715894320444306, 27.875104806451077 ], [ 53.730665816080034, 27.870505506615189 ], [ 53.73657724209329, 27.869093041992585 ], [ 53.74142097982633, 27.867935688728892 ], [ 53.75522185366026, 27.865175513962072 ], [ 53.759258030485, 27.864011232185646 ], [ 53.733830769610961, 27.857041086164088 ], [ 53.717269721010382, 27.852044218051901 ], [ 53.711701782256739, 27.847761188241236 ], [ 53.704011364286032, 27.840303957449123 ], [ 53.698728960852975, 27.834450483374781 ], [ 53.696730213608078, 27.83202343314872 ], [ 53.690020133571579, 27.830452988884872 ], [ 53.671603105386623, 27.830738524205572 ], [ 53.661323833841379, 27.830881291866035 ], [ 53.653206446829756, 27.832388103574146 ], [ 53.63702611199011, 27.833815780177588 ], [ 53.625604699162182, 27.834053726278228 ], [ 53.618439795068866, 27.827853810793272 ], [ 53.61249114255429, 27.81907954833423 ], [ 53.604050004636065, 27.807223883872723 ], [ 53.601337419089475, 27.80165594511908 ], [ 53.600480813127319, 27.798372288930921 ], [ 53.593413813940003, 27.786808108442699 ], [ 53.588416945827703, 27.776814372218155 ], [ 53.577918659486102, 27.779475170358353 ], [ 53.560072701942374, 27.784947930671763 ], [ 53.546628747259547, 27.789111987431966 ], [ 53.536991930185934, 27.79256220589042 ], [ 53.519978783994191, 27.798272912304299 ], [ 53.508264745532472, 27.804188636924152 ], [ 53.496356466554289, 27.808970701710848 ], [ 53.489111061516724, 27.802517597280996 ], [ 53.479083580208851, 27.792393495435419 ], [ 53.473658409115558, 27.784969577097172 ], [ 53.471564483430427, 27.780115476645278 ], [ 53.469185022424597, 27.773928878030006 ], [ 53.467471810500456, 27.764982104648141 ], [ 53.467471810500456, 27.763078535843533 ], [ 53.468233238022208, 27.761841216120558 ], [ 53.479083580208851, 27.759271398234262 ], [ 53.481938933415904, 27.758034078511116 ], [ 53.482700360937656, 27.756796758788198 ], [ 53.482428705806171, 27.752691797984937 ], [ 53.480073039410399, 27.736773203855989 ], [ 53.476611644695708, 27.723856786493855 ], [ 53.47289968552667, 27.715100369992285 ], [ 53.470044332319674, 27.709675198899106 ], [ 53.463958142151967, 27.709672492562618 ], [ 53.455249314870628, 27.71038633086431 ], [ 53.447682628872144, 27.709244189581455 ], [ 53.444827275665091, 27.709244189581455 ], [ 53.434690771780311, 27.708387583619469 ], [ 53.423269358952211, 27.709244189581455 ], [ 53.412683245094684, 27.712523627634141 ], [ 53.398882371260868, 27.715260007790903 ], [ 53.387936850633992, 27.717401522696207 ], [ 53.381631278968598, 27.719305091500871 ], [ 53.367473485983908, 27.724064013512532 ], [ 53.363309429223705, 27.724896824864459 ], [ 53.359740237714959, 27.724064013512532 ], [ 53.356765911457671, 27.723231202160378 ], [ 53.348963167544809, 27.718197537486276 ], [ 53.339683269622185, 27.709512504815109 ], [ 53.334210509308775, 27.703801798401059 ], [ 53.322075258178984, 27.695235738780127 ], [ 53.31576968651359, 27.690119897617535 ], [ 53.306302428569438, 27.680882023319498 ], [ 53.300056343429162, 27.674487221866343 ], [ 53.294256407227408, 27.671364179296177 ], [ 53.28890261996429, 27.669877016167675 ], [ 53.284589846891265, 27.669877016167675 ], [ 53.277451463873774, 27.671364179296177 ], [ 53.270907946107741, 27.675082087117801 ], [ 53.259456790017168, 27.682071753822413 ], [ 53.250087662306726, 27.686384526895495 ], [ 53.24205698141202, 27.690548583655698 ], [ 53.225103321745507, 27.698281831924646 ], [ 53.211893385736573, 27.702871685556374 ], [ 53.191123927222691, 27.709022052912019 ], [ 53.170770969563364, 27.713997220339763 ], [ 53.149211910709141, 27.718369337170316 ], [ 53.123733022972431, 27.724098317844835 ], [ 53.101567182526253, 27.730653980379827 ], [ 53.085295041229983, 27.733841307025614 ], [ 53.078486410769699, 27.735174956290962 ], [ 53.053740016309007, 27.741361554906064 ], [ 53.028517729647263, 27.74968966842647 ], [ 53.007816418896482, 27.756114213142212 ], [ 52.998045442788623, 27.754024799134015 ], [ 52.985975161156318, 27.75893225873449 ], [ 52.964857444729546, 27.765327060187644 ], [ 52.942252565174158, 27.77365517370805 ], [ 52.924607712644502, 27.781386919791998 ], [ 52.907356620352232, 27.789417600686647 ], [ 52.889510662808505, 27.797894430519932 ], [ 52.874192882583486, 27.805478962476002 ], [ 52.859321251296876, 27.81529423912508 ], [ 52.838963340032365, 27.826246104981237 ], [ 52.822402291431786, 27.834812164602283 ], [ 52.809553202000245, 27.841807779959368 ], [ 52.794562597663571, 27.848803395316565 ], [ 52.779857528647426, 27.854228566409915 ], [ 52.765009691971159, 27.859368202182509 ], [ 52.754159349784459, 27.86379399965324 ], [ 52.739072234509308, 27.870367057346073 ], [ 52.718037799217825, 27.879599366048694 ], [ 52.698050326768794, 27.887213641267351 ], [ 52.689909595802646, 27.888562993946039 ], [ 52.675632829767665, 27.889514778348428 ], [ 52.653741788513969, 27.889633751398662 ], [ 52.637085561473157, 27.890704508851343 ], [ 52.631612801159804, 27.892846023756647 ], [ 52.624972993336598, 27.896528029357171 ], [ 52.616347447190435, 27.901881816620289 ], [ 52.600137369088259, 27.910656079079274 ], [ 52.586604184617556, 27.918538043661101 ], [ 52.572327418582574, 27.92656872455575 ], [ 52.556117340480398, 27.935342987014792 ], [ 52.533661177237832, 27.949024887798316 ], [ 52.528075789103468, 27.951640312020572 ], [ 52.513037595546734, 27.957541375315088 ], [ 52.502187253360034, 27.963632795489957 ], [ 52.493425079139342, 27.969433108002363 ], [ 52.488671914846975, 27.972579568871822 ], [ 52.46411587726675, 27.986475621145871 ], [ 52.456120888287273, 27.992186327559921 ], [ 52.447867611147728, 28.000184519215736 ], [ 52.443227715772593, 28.003580033711103 ], [ 52.436887677975051, 28.008690899636917 ], [ 52.429654116517327, 28.014116070730267 ], [ 52.419374844972083, 28.021825524389214 ], [ 52.405907095679083, 28.029951383724153 ], [ 52.399244604862758, 28.033948878213891 ], [ 52.403706851349966, 28.038589440066687 ], [ 52.405194014478582, 28.040225319508181 ], [ 52.407276042858712, 28.041861198949732 ], [ 52.411886248557494, 28.044984241519842 ], [ 52.417091319507733, 28.048553433028587 ], [ 52.423783553586645, 28.054353369230341 ], [ 52.427055312469633, 28.057030262861872 ], [ 52.438060319621627, 28.067886553700987 ], [ 52.440588496940336, 28.072199326774069 ], [ 52.443116674258988, 28.077106965098551 ], [ 52.44460383738766, 28.08201460342309 ], [ 52.44742944733207, 28.090194000630618 ], [ 52.451115902765082, 28.104296491096022 ], [ 52.453980393102427, 28.114548351250392 ], [ 52.455789544894401, 28.118769705431646 ], [ 52.457297171387552, 28.129624616183378 ], [ 52.456844883439658, 28.138971900441675 ], [ 52.456392595491593, 28.144399355817654 ], [ 52.455337256946336, 28.149826811193407 ], [ 52.452322003959807, 28.157063418361304 ], [ 52.446667135564041, 28.174921228793323 ], [ 52.444382852998444, 28.18291621777297 ], [ 52.442479284193837, 28.191672634274369 ], [ 52.440766072269525, 28.200048337015005 ], [ 52.439433574106317, 28.20899511039687 ], [ 52.438481789703928, 28.233741504857562 ], [ 52.439475214673962, 28.245628895465813 ], [ 52.441259810428335, 28.253213427421883 ], [ 52.442895689869829, 28.255295455802013 ], [ 52.44557258350136, 28.257377484182086 ], [ 52.44795204450719, 28.258567214685002 ], [ 52.450480221825899, 28.25871593099788 ], [ 52.457172455904811, 28.257823633120665 ], [ 52.46758259780529, 28.25395700898622 ], [ 52.475167129761417, 28.250090384851717 ], [ 52.487510583729147, 28.246075044404392 ], [ 52.494500250433759, 28.242505852895647 ], [ 52.501823676461868, 28.241910185953543 ], [ 52.516707870417974, 28.241154015102666 ], [ 52.535743558464617, 28.236966163732461 ], [ 52.547355328173012, 28.232397598601267 ], [ 52.558586384120474, 28.226686892187217 ], [ 52.583332778581223, 28.214694408717776 ], [ 52.613789879455794, 28.196420148193056 ], [ 52.628017047362846, 28.189414345814669 ], [ 52.638916987677305, 28.184046950962738 ], [ 52.67097116691599, 28.162948920610063 ], [ 52.692077937822205, 28.15058638336501 ], [ 52.697957681146022, 28.147571130378481 ], [ 52.709717167793769, 28.142746725599864 ], [ 52.72829446695431, 28.13279114641216 ], [ 52.740935353547741, 28.12490918183039 ], [ 52.750453197571062, 28.118216947751478 ], [ 52.762945367851842, 28.112268295236902 ], [ 52.77989902751824, 28.103642749090739 ], [ 52.805775665956787, 28.090853146184429 ], [ 52.815547540395698, 28.085654125855001 ], [ 52.82941770413413, 28.079322094583233 ], [ 52.85353972802676, 28.069673285025999 ], [ 52.87132972064768, 28.062587440507571 ], [ 52.886804402531311, 28.0588044782221 ], [ 52.90641116121941, 28.053474485568984 ], [ 52.927540774951126, 28.049476991079246 ], [ 52.945815035476016, 28.044337355306652 ], [ 52.960282158391351, 28.0409109314582 ], [ 52.974178210665514, 28.041291645219133 ], [ 52.981221415242771, 28.042243429621521 ], [ 52.999920869586163, 28.048006420725244 ], [ 53.013640270675126, 28.055846078490504 ], [ 53.022535266985642, 28.061725821814377 ], [ 53.032033313893351, 28.070319292826127 ], [ 53.033035119282772, 28.073759694926252 ], [ 53.032440254031314, 28.076139155932083 ], [ 53.031488469629096, 28.079470401340302 ], [ 53.030893604377638, 28.084586242502894 ], [ 53.031369496578805, 28.087679541810473 ], [ 53.032202307930788, 28.089940029766012 ], [ 53.034224849785687, 28.091724625520385 ], [ 53.035652526389299, 28.091843598570676 ], [ 53.037913014344838, 28.091843598570676 ], [ 53.042909882457025, 28.092557436872369 ], [ 53.045289343462855, 28.09529381702913 ], [ 53.046894385089786, 28.101042737586738 ], [ 53.048854299531001, 28.10948544594919 ], [ 53.050361926024323, 28.11566671457183 ], [ 53.050512688673621, 28.118380442259706 ], [ 53.049005062180299, 28.122149508492896 ], [ 53.04734667303768, 28.124410948232878 ], [ 53.045537521245706, 28.12742620121935 ], [ 53.044331420051151, 28.131195267452711 ], [ 53.044934470648514, 28.133607469841991 ], [ 53.047045147739084, 28.137979586672543 ], [ 53.050964976621685, 28.141899415555031 ], [ 53.054884805504173, 28.146422295034995 ], [ 53.056392431997494, 28.150040598618887 ], [ 53.05685233422065, 28.15502185746692 ], [ 53.054331311148019, 28.164071487016656 ], [ 53.048451567824145, 28.181409191689511 ], [ 53.044984026889608, 28.193922491583749 ], [ 53.041367246160803, 28.201922049128484 ], [ 53.036037253507743, 28.211820606912738 ], [ 53.034324041583545, 28.217721670207311 ], [ 53.034324041583545, 28.220386666533841 ], [ 53.037369751671065, 28.220386666533841 ], [ 53.043080458084944, 28.220386666533841 ], [ 53.053437509451555, 28.222505567041708 ], [ 53.063689369605925, 28.226274633274841 ], [ 53.071227502072475, 28.230646750105393 ], [ 53.085700716408098, 28.239843271714506 ], [ 53.09580181391317, 28.246326065635742 ], [ 53.102284607834235, 28.252055046310147 ], [ 53.111814634697907, 28.261652078795805 ], [ 53.117525341111957, 28.26793385585114 ], [ 53.122284263123618, 28.27136027969965 ], [ 53.12780461265703, 28.27402527602618 ], [ 53.13389603283207, 28.275548131069854 ], [ 53.143794590616324, 28.278403484276907 ], [ 53.158522937173473, 28.27940822136776 ], [ 53.17194081296384, 28.280614322562485 ], [ 53.18294648636487, 28.281518898458444 ], [ 53.190635381480661, 28.281971186406338 ], [ 53.20224410547911, 28.281669661107742 ] ] ] ] } },
{ "type": "Feature", "properties": { "Id": 0, "Base": 250000.0, "Name_sh": "قیروکارزین", "مرکز": "قیر", "area": 3423247036.5100002, "a4": 3, "توزیع": "1.42", "t": 1.42, "tt": 2.09 }, "geometry": { "type": "MultiPolygon", "coordinates": [ [ [ [ 53.49269372663349, 28.30604779296209 ], [ 53.48410025562174, 28.306650843559453 ], [ 53.46721483889678, 28.306349318260686 ], [ 53.450932472769239, 28.30845999535137 ], [ 53.436157733135019, 28.310269147143345 ], [ 53.427189639782455, 28.312112563173798 ], [ 53.422365235004008, 28.312564851121692 ], [ 53.412716425446831, 28.313167901719055 ], [ 53.404122954435081, 28.313017139069757 ], [ 53.3926649930861, 28.312414088472394 ], [ 53.382111607632908, 28.311057224628371 ], [ 53.375628813711899, 28.309851123433816 ], [ 53.364924665609408, 28.308041971641899 ], [ 53.354672805454982, 28.30578053190186 ], [ 53.345714128062355, 28.303497034558461 ], [ 53.337683447167706, 28.300522708301173 ], [ 53.329504049960178, 28.296804800479606 ], [ 53.321218243256453, 28.293039826919312 ], [ 53.31684612642573, 28.2918337257247 ], [ 53.30915723131011, 28.289873811283314 ], [ 53.300563760298189, 28.288969235387356 ], [ 53.281416903833417, 28.286858558296672 ], [ 53.259737991528482, 28.284761515517744 ], [ 53.248078632599857, 28.283214865863897 ], [ 53.230232675056129, 28.281906162310747 ], [ 53.21904920832867, 28.281906162310747 ], [ 53.20224410547911, 28.281669661107742 ], [ 53.190635381480661, 28.281971186406338 ], [ 53.18294648636487, 28.281518898458444 ], [ 53.17194081296384, 28.280614322562485 ], [ 53.158522937173473, 28.27940822136776 ], [ 53.143794590616324, 28.278403484276907 ], [ 53.13389603283207, 28.275548131069854 ], [ 53.12780461265703, 28.27402527602618 ], [ 53.122284263123618, 28.27136027969965 ], [ 53.117525341111957, 28.26793385585114 ], [ 53.111814634697907, 28.261652078795805 ], [ 53.102284607834235, 28.252055046310147 ], [ 53.09580181391317, 28.246326065635742 ], [ 53.085700716408098, 28.239843271714506 ], [ 53.071227502072475, 28.230646750105393 ], [ 53.063689369605925, 28.226274633274841 ], [ 53.053437509451555, 28.222505567041708 ], [ 53.043080458084944, 28.220386666533841 ], [ 53.037369751671065, 28.220386666533841 ], [ 53.034324041583545, 28.220386666533841 ], [ 53.034324041583545, 28.217721670207311 ], [ 53.036037253507743, 28.211820606912738 ], [ 53.041367246160803, 28.201922049128484 ], [ 53.044984026889608, 28.193922491583749 ], [ 53.048451567824145, 28.181409191689511 ], [ 53.054331311148019, 28.164071487016656 ], [ 53.05685233422065, 28.15502185746692 ], [ 53.056392431997494, 28.150040598618887 ], [ 53.054884805504173, 28.146422295034995 ], [ 53.050964976621685, 28.141899415555031 ], [ 53.047045147739084, 28.137979586672543 ], [ 53.044934470648514, 28.133607469841991 ], [ 53.044331420051151, 28.131195267452711 ], [ 53.045537521245706, 28.12742620121935 ], [ 53.04734667303768, 28.124410948232878 ], [ 53.049005062180299, 28.122149508492896 ], [ 53.050512688673621, 28.118380442259706 ], [ 53.050361926024323, 28.11566671457183 ], [ 53.048854299531001, 28.10948544594919 ], [ 53.046894385089786, 28.101042737586738 ], [ 53.045289343462855, 28.09529381702913 ], [ 53.042909882457025, 28.092557436872369 ], [ 53.037913014344838, 28.091843598570676 ], [ 53.035652526389299, 28.091843598570676 ], [ 53.034224849785687, 28.091724625520385 ], [ 53.032202307930788, 28.089940029766012 ], [ 53.031369496578805, 28.087679541810473 ], [ 53.030893604377638, 28.084586242502894 ], [ 53.031488469629096, 28.079470401340302 ], [ 53.032440254031314, 28.076139155932083 ], [ 53.033035119282772, 28.073759694926252 ], [ 53.032033313893351, 28.070319292826127 ], [ 53.022535266985642, 28.061725821814377 ], [ 53.013640270675126, 28.055846078490504 ], [ 52.999920869586163, 28.048006420725244 ], [ 52.981221415242771, 28.042243429621521 ], [ 52.974178210665514, 28.041291645219133 ], [ 52.960282158391351, 28.0409109314582 ], [ 52.945815035476016, 28.044337355306652 ], [ 52.927540774951126, 28.049476991079246 ], [ 52.90641116121941, 28.053474485568984 ], [ 52.886804402531311, 28.0588044782221 ], [ 52.87132972064768, 28.062587440507571 ], [ 52.85353972802676, 28.069673285025999 ], [ 52.82941770413413, 28.079322094583233 ], [ 52.815547540395698, 28.085654125855001 ], [ 52.805775665956787, 28.090853146184429 ], [ 52.77989902751824, 28.103642749090739 ], [ 52.762945367851842, 28.112268295236902 ], [ 52.750453197571062, 28.118216947751478 ], [ 52.740935353547741, 28.12490918183039 ], [ 52.72829446695431, 28.13279114641216 ], [ 52.709717167793769, 28.142746725599864 ], [ 52.697957681146022, 28.147571130378481 ], [ 52.692077937822205, 28.15058638336501 ], [ 52.67097116691599, 28.162948920610063 ], [ 52.638916987677305, 28.184046950962738 ], [ 52.628017047362846, 28.189414345814669 ], [ 52.613789879455794, 28.196420148193056 ], [ 52.583332778581223, 28.214694408717776 ], [ 52.558586384120474, 28.226686892187217 ], [ 52.547355328173012, 28.232397598601267 ], [ 52.535743558464617, 28.236966163732461 ], [ 52.516707870417974, 28.241154015102666 ], [ 52.501823676461868, 28.241910185953543 ], [ 52.494500250433759, 28.242505852895647 ], [ 52.487510583729147, 28.246075044404392 ], [ 52.475167129761417, 28.250090384851717 ], [ 52.46758259780529, 28.25395700898622 ], [ 52.457172455904811, 28.257823633120665 ], [ 52.450480221825899, 28.25871593099788 ], [ 52.44795204450719, 28.258567214685002 ], [ 52.44557258350136, 28.257377484182086 ], [ 52.442895689869829, 28.255295455802013 ], [ 52.441259810428335, 28.253213427421883 ], [ 52.442205345741115, 28.261125345572225 ], [ 52.44339507624403, 28.266330416522464 ], [ 52.44622068618844, 28.273766232165713 ], [ 52.450087310322942, 28.284622523004771 ], [ 52.453656501831688, 28.295924962782465 ], [ 52.454626728773121, 28.299159052587356 ], [ 52.45588724652464, 28.303360778425713 ], [ 52.457969274904713, 28.307673551498794 ], [ 52.463816905479518, 28.31884699114147 ], [ 52.466196366485349, 28.324498211030289 ], [ 52.470657855871309, 28.33609808343374 ], [ 52.474673196318633, 28.345913360082761 ], [ 52.48017569989463, 28.356769650921876 ], [ 52.485024452567927, 28.366003514385966 ], [ 52.49387604750973, 28.380851351062347 ], [ 52.497159703697776, 28.386562057476226 ], [ 52.500744971732558, 28.393134576437149 ], [ 52.505061914284113, 28.417310760754731 ], [ 52.507245813338614, 28.427332741812393 ], [ 52.509773990657266, 28.439378763154423 ], [ 52.511558586411638, 28.444286401478962 ], [ 52.518102104177672, 28.458563167513944 ], [ 52.524943054569462, 28.475516827180456 ], [ 52.529110490164271, 28.487672745491352 ], [ 52.533869412175932, 28.507065352688755 ], [ 52.536734860065962, 28.523803959553788 ], [ 52.537591466028118, 28.532798322155884 ], [ 52.564079685611716, 28.528868725555924 ], [ 52.60000954679964, 28.521730342538433 ], [ 52.626659510064997, 28.51554374392316 ], [ 52.652357688927907, 28.507453576503451 ], [ 52.676390245086907, 28.498411624681182 ], [ 52.699206410715021, 28.489982966164803 ], [ 52.723298453399082, 28.479275391638566 ], [ 52.738021368372642, 28.470501129179524 ], [ 52.751108403904709, 28.481803568957218 ], [ 52.758395503235079, 28.489239384600467 ], [ 52.765236453626812, 28.499352093875245 ], [ 52.771720484867672, 28.513777576223106 ], [ 52.77348059907689, 28.517957847470086 ], [ 52.777669137382247, 28.527905625945209 ], [ 52.780494747326657, 28.540695228851519 ], [ 52.781684477829572, 28.556013009076594 ], [ 52.781992903565197, 28.576502976100642 ], [ 52.781842140915899, 28.589920851891009 ], [ 52.782445191513091, 28.594292968721561 ], [ 52.784254343305179, 28.595800595214882 ], [ 52.792094001070268, 28.595649832565584 ], [ 52.804004250367313, 28.592785342228353 ], [ 52.825714071870664, 28.584945684463094 ], [ 52.844452676279275, 28.574802606920798 ], [ 52.862242668900137, 28.566812186506183 ], [ 52.873248342301224, 28.563495408221115 ], [ 52.885031813915873, 28.561059220864763 ], [ 52.891313590971208, 28.564057341732223 ], [ 52.903448842100829, 28.572908936673855 ], [ 52.911937749501362, 28.580633243937882 ], [ 52.923537621904757, 28.590745953212661 ], [ 52.930378572296547, 28.596397173101366 ], [ 52.934988777995329, 28.601304811426019 ], [ 52.941681012074241, 28.6056175844991 ], [ 52.950157841907469, 28.610227790197882 ], [ 52.956564540665681, 28.612867549816599 ], [ 52.966272741569469, 28.616293973665108 ], [ 52.979022964792819, 28.61109087715073 ], [ 52.994251515230189, 28.606903025780525 ], [ 53.00948006566739, 28.602144103768865 ], [ 53.026421828028958, 28.595862326713359 ], [ 53.041079307824873, 28.588057694614349 ], [ 53.058211427066908, 28.582918058841756 ], [ 53.072868906862823, 28.578920564351847 ], [ 53.094569591235881, 28.56883164968724 ], [ 53.106136056006733, 28.563229446695061 ], [ 53.114729527018653, 28.55554055157927 ], [ 53.123322998030403, 28.544384115528885 ], [ 53.13055960519813, 28.533830730075749 ], [ 53.131862217331161, 28.532679185163147 ], [ 53.144813571431428, 28.520234593906991 ], [ 53.151380883807462, 28.513096210889501 ], [ 53.162231225994162, 28.501103727420116 ], [ 53.16865577070979, 28.493679809081925 ], [ 53.174937547765296, 28.486969729045597 ], [ 53.18250423376378, 28.478260901764202 ], [ 53.190552400091633, 28.46985640213768 ], [ 53.1939728752875, 28.465989778003177 ], [ 53.202152272495027, 28.458851394985686 ], [ 53.209290655512518, 28.454241189286904 ], [ 53.220890527915969, 28.448441253085207 ], [ 53.230705804564991, 28.445020777889283 ], [ 53.232878272697178, 28.443844024317741 ], [ 53.237844187582482, 28.441154153754837 ], [ 53.249651173739835, 28.435724318377083 ], [ 53.262738209271902, 28.429924382175329 ], [ 53.266604833406348, 28.42918080061105 ], [ 53.289209712961735, 28.425165460163669 ], [ 53.308542833634135, 28.423529580722175 ], [ 53.32308728903223, 28.42239933674449 ], [ 53.341528111827415, 28.421209606241575 ], [ 53.369010886444698, 28.41871117218551 ], [ 53.378885649618951, 28.417045549481372 ], [ 53.391545486275845, 28.414117370346673 ], [ 53.397398960350188, 28.412404158422476 ], [ 53.405822252310827, 28.409406037555016 ], [ 53.417243665138926, 28.405123007744578 ], [ 53.42209776559082, 28.403980866461836 ], [ 53.426380795401315, 28.403695331141137 ], [ 53.43266257245665, 28.403124260499681 ], [ 53.445618722611471, 28.402259783088255 ], [ 53.456207324087472, 28.401189025635574 ], [ 53.473264465521709, 28.399545710378561 ], [ 53.483674607422188, 28.398653412501233 ], [ 53.496018061389975, 28.39686881674703 ], [ 53.503156444407466, 28.395827802556937 ], [ 53.512525572117909, 28.394191923115443 ], [ 53.517284494129569, 28.391515029483742 ], [ 53.521151118264015, 28.387053540097952 ], [ 53.521745983515473, 28.383186915963336 ], [ 53.521745983515473, 28.379320291829004 ], [ 53.520556253012558, 28.373817788253007 ], [ 53.517433210442448, 28.368464000989889 ], [ 53.512525572117909, 28.359987171156661 ], [ 53.505238472787539, 28.34838729875321 ], [ 53.501520564965915, 28.342587362551512 ], [ 53.495274479825639, 28.333664383779649 ], [ 53.492151437255473, 28.328161880203652 ], [ 53.490130761594912, 28.323988548232307 ], [ 53.488924660400357, 28.318108804908434 ], [ 53.488924660400357, 28.313736688077881 ], [ 53.490884574841573, 28.309213808598031 ], [ 53.49269372663349, 28.30604779296209 ] ] ] ] } },
{ "type": "Feature", "properties": { "Id": 0, "Base": 250000.0, "Name_sh": "فیروزآباد", "مرکز": "فیروزآباد", "area": 3557946838.3600006, "a4": 3, "توزیع": "2.29", "t": 2.29, "tt": 1.74 }, "geometry": { "type": "MultiPolygon", "coordinates": [ [ [ [ 52.449971152523119, 29.259565122583012 ], [ 52.454926231012848, 29.258089141756386 ], [ 52.472716223633768, 29.246932705706001 ], [ 52.48568181147624, 29.238339234694251 ], [ 52.493981942535129, 29.23277871985897 ], [ 52.501965450755165, 29.225687744116556 ], [ 52.507032794386078, 29.219146328270597 ], [ 52.514319893716447, 29.2136438246946 ], [ 52.525324900868384, 29.2036798317327 ], [ 52.530827404444381, 29.199813207598083 ], [ 52.541534978970617, 29.192526108267884 ], [ 52.549119510926687, 29.187321037317474 ], [ 52.557893773385672, 29.183008264244563 ], [ 52.571873106794783, 29.17646474647853 ], [ 52.586681087499358, 29.169019923734083 ], [ 52.598102500327457, 29.16416582328219 ], [ 52.611808195720982, 29.159597258151052 ], [ 52.618720228986035, 29.157031041788059 ], [ 52.625203032560194, 29.154624184648696 ], [ 52.639122879444187, 29.150103208737562 ], [ 52.648997642618497, 29.144987367574913 ], [ 52.661013920697883, 29.139276661161034 ], [ 52.669511913313102, 29.132730295252315 ], [ 52.682932073386098, 29.121879953065616 ], [ 52.692640274289886, 29.114741570048125 ], [ 52.706488737343705, 29.104319530842645 ], [ 52.7157392856966, 29.095321759121873 ], [ 52.722163830412399, 29.089468285047531 ], [ 52.730444354712574, 29.08204436670934 ], [ 52.736155061126681, 29.075191519012549 ], [ 52.738867646673214, 29.070337418560655 ], [ 52.747148170973617, 29.060914752977567 ], [ 52.756713604216941, 29.051492087394479 ], [ 52.764072308662378, 29.043944698219718 ], [ 52.76784948172417, 29.04007067456655 ], [ 52.775276248205103, 29.030545728212587 ], [ 52.782295658172359, 29.02209864164189 ], [ 52.791337609994457, 29.011866959316876 ], [ 52.803234957513382, 28.9999901703967 ], [ 52.809500529614127, 28.999988261847136 ], [ 52.807992815022203, 28.990200996236354 ], [ 52.807239001775542, 28.984472015561778 ], [ 52.807842052372735, 28.981305999925837 ], [ 52.810405017411369, 28.976180069848624 ], [ 52.816434974185768, 28.966395783576047 ], [ 52.82312720826468, 28.959703549497192 ], [ 52.831901470723665, 28.95063185441245 ], [ 52.836214243796746, 28.947954960780862 ], [ 52.84513722256861, 28.940816577763371 ], [ 52.853316619776137, 28.93576022312601 ], [ 52.860008853855049, 28.93338076212018 ], [ 52.864146246831865, 28.934025199475911 ], [ 52.869648750407862, 28.935214929978827 ], [ 52.880356324934098, 28.936107227856041 ], [ 52.902663771863786, 28.931943171095838 ], [ 52.908752127581295, 28.927050652263063 ], [ 52.914653190875867, 28.921339945849184 ], [ 52.92017354040928, 28.914487098152449 ], [ 52.925122819301407, 28.903827112846216 ], [ 52.927026388106185, 28.896403194508025 ], [ 52.928929956910849, 28.8897407036917 ], [ 52.928929956910849, 28.88441071103864 ], [ 52.928168529388927, 28.876415722059164 ], [ 52.927597458747471, 28.871656800047504 ], [ 52.927481777146966, 28.86821749707866 ], [ 52.927133463851476, 28.857861874866273 ], [ 52.92356427234273, 28.839123619445388 ], [ 52.91954893189552, 28.816370023577122 ], [ 52.916858368380645, 28.81049182353803 ], [ 52.915371205251972, 28.807963646219378 ], [ 52.912991744246142, 28.806773915716462 ], [ 52.902284169719906, 28.80528675258779 ], [ 52.891725311506548, 28.80290729158196 ], [ 52.875515233404315, 28.799040667447514 ], [ 52.860941034743632, 28.79532275962589 ], [ 52.848448864463023, 28.792348433368602 ], [ 52.831208663011864, 28.787578432742635 ], [ 52.81990622323417, 28.783860524921238 ], [ 52.806967904014982, 28.778952886596528 ], [ 52.791798840102786, 28.772260652517616 ], [ 52.775588762000552, 28.765270985813004 ], [ 52.768223473941987, 28.763359079881809 ], [ 52.763464551930326, 28.761277051501736 ], [ 52.76111833402166, 28.760555138299083 ], [ 52.763441009236715, 28.749294484680604 ], [ 52.766296362443711, 28.743726545927018 ], [ 52.771293230555898, 28.737159233550983 ], [ 52.780287593157993, 28.730306385854192 ], [ 52.793993288551519, 28.720883720271104 ], [ 52.806456562657786, 28.712349183749495 ], [ 52.831181637147836, 28.698479020011234 ], [ 52.844448750288734, 28.689885548999484 ], [ 52.854248322495209, 28.682648941831587 ], [ 52.873998229557344, 28.668929540742624 ], [ 52.888486505881076, 28.659018379746556 ], [ 52.902763271916058, 28.649797968348935 ], [ 52.91704003795104, 28.643105734270023 ], [ 52.931168087673143, 28.634182755498159 ], [ 52.934316557561488, 28.632460316010281 ], [ 52.944381700315944, 28.626953958971285 ], [ 52.966272741569469, 28.616293973665108 ], [ 52.956564540665681, 28.612867549816599 ], [ 52.950157841907469, 28.610227790197882 ], [ 52.941681012074241, 28.6056175844991 ], [ 52.934988777995329, 28.601304811426019 ], [ 52.930378572296547, 28.596397173101366 ], [ 52.923537621904757, 28.590745953212661 ], [ 52.911937749501362, 28.580633243937882 ], [ 52.903448842100829, 28.572908936673855 ], [ 52.891313590971208, 28.564057341732223 ], [ 52.885031813915873, 28.561059220864763 ], [ 52.873248342301224, 28.563495408221115 ], [ 52.862242668900137, 28.566812186506183 ], [ 52.844452676279275, 28.574802606920798 ], [ 52.825714071870664, 28.584945684463094 ], [ 52.804004250367313, 28.592785342228353 ], [ 52.792094001070268, 28.595649832565584 ], [ 52.784254343305179, 28.595800595214882 ], [ 52.782445191513091, 28.594292968721561 ], [ 52.781842140915899, 28.589920851891009 ], [ 52.781992903565197, 28.576502976100642 ], [ 52.781684477829572, 28.556013009076594 ], [ 52.780494747326657, 28.540695228851519 ], [ 52.777669137382247, 28.527905625945209 ], [ 52.77348059907689, 28.517957847470086 ], [ 52.771720484867672, 28.513777576223106 ], [ 52.765236453626812, 28.499352093875245 ], [ 52.758395503235079, 28.489239384600467 ], [ 52.751108403904709, 28.481803568957218 ], [ 52.738021368372642, 28.470501129179524 ], [ 52.723298453399082, 28.479275391638566 ], [ 52.699206410715021, 28.489982966164803 ], [ 52.676390245086907, 28.498411624681182 ], [ 52.652357688927907, 28.507453576503451 ], [ 52.626659510064997, 28.51554374392316 ], [ 52.60000954679964, 28.521730342538433 ], [ 52.564079685611716, 28.528868725555924 ], [ 52.537591466028118, 28.532798322155884 ], [ 52.535307183462521, 28.544790805625269 ], [ 52.532356651815235, 28.555974272352728 ], [ 52.523835744846224, 28.581725294285661 ], [ 52.51931286536643, 28.595444695374624 ], [ 52.517503713574513, 28.605847318178292 ], [ 52.517956001522407, 28.614139263891445 ], [ 52.521122017158348, 28.622732734903252 ], [ 52.5254941339889, 28.634341458901645 ], [ 52.53017107563744, 28.644498013711143 ], [ 52.531598752240825, 28.652588181131023 ], [ 52.529933129536744, 28.673765384082969 ], [ 52.528267506832776, 28.699939455147103 ], [ 52.528743399033829, 28.703508646655848 ], [ 52.533264374944963, 28.708505514768035 ], [ 52.533740267146186, 28.713026490679169 ], [ 52.532874866961777, 28.714293683806488 ], [ 52.527077776329861, 28.722782280803017 ], [ 52.50946976488666, 28.73301396312803 ], [ 52.49828281737058, 28.738305764209088 ], [ 52.486656161054668, 28.742017116091631 ], [ 52.47684088440559, 28.744991442348919 ], [ 52.463223780371209, 28.748954747108485 ], [ 52.447459851207554, 28.75222650599153 ], [ 52.433629234111208, 28.756687995377433 ], [ 52.421880645394879, 28.760703335824815 ], [ 52.409834624052905, 28.766057123087933 ], [ 52.400168063716706, 28.77215449191533 ], [ 52.395260425392166, 28.776764697614169 ], [ 52.38470599862444, 28.786101963981196 ], [ 52.371470246779495, 28.797999269010347 ], [ 52.361803686443295, 28.806773531469332 ], [ 52.356003750241598, 28.814060630799702 ], [ 52.353921721861468, 28.818670836498484 ], [ 52.353178140297189, 28.821199013817193 ], [ 52.351988409794274, 28.827593815270347 ], [ 52.351244828229937, 28.831311723091972 ], [ 52.349757665101265, 28.83696294298079 ], [ 52.346890369523805, 28.846745216625948 ], [ 52.344064759579339, 28.855519479084933 ], [ 52.340495568070594, 28.86340144366676 ], [ 52.337223809187606, 28.866524486236926 ], [ 52.330977724047273, 28.869647528807093 ], [ 52.321320447214305, 28.874674200269283 ], [ 52.314182064196814, 28.880622852783858 ], [ 52.306002666989116, 28.89043812943288 ], [ 52.303325773357699, 28.896238065634577 ], [ 52.297228404530131, 28.905309760719319 ], [ 52.29321306408292, 28.910663547982438 ], [ 52.28737743596605, 28.917974441922809 ], [ 52.2822378001934, 28.923875505217381 ], [ 52.276907807540283, 28.930918709794582 ], [ 52.264592534562894, 28.947331342519306 ], [ 52.256264421042488, 28.958633782296999 ], [ 52.247787591209203, 28.970382371013329 ], [ 52.242285087633263, 28.97752075403082 ], [ 52.238715896124518, 28.983320690232517 ], [ 52.228157037911103, 28.992541101630081 ], [ 52.219977729928758, 29.000124109537012 ], [ 52.226984419363816, 29.000123055892573 ], [ 52.213183571952072, 29.010530443839912 ], [ 52.200334482520532, 29.02373645242227 ], [ 52.194980695257414, 29.030042024087777 ], [ 52.190816638497211, 29.036109649652587 ], [ 52.190221773245753, 29.042415221318095 ], [ 52.191292530698433, 29.04836387383267 ], [ 52.196769121583543, 29.059198150150905 ], [ 52.198892790531261, 29.063052876980407 ], [ 52.193051497710826, 29.069201254241193 ], [ 52.186006400380563, 29.077735918196311 ], [ 52.177827003173036, 29.08710504590664 ], [ 52.168309159149715, 29.100340797751699 ], [ 52.158196449874936, 29.114766280099388 ], [ 52.152396513673239, 29.120566216301256 ], [ 52.142124272353783, 29.134713043335523 ], [ 52.136919201403373, 29.139620681660062 ], [ 52.126657775815886, 29.153302582443587 ], [ 52.116693782853815, 29.169066511607241 ], [ 52.125500188213778, 29.177284839056028 ], [ 52.133339845978867, 29.184521446223926 ], [ 52.137711962809419, 29.191758053391652 ], [ 52.140971004006133, 29.199041216905869 ], [ 52.166594812282597, 29.200229981535358 ], [ 52.169007014671877, 29.202039133327332 ], [ 52.175053891336859, 29.206610363454729 ], [ 52.183798124997963, 29.212791632077199 ], [ 52.192843883957607, 29.22048052719299 ], [ 52.205960234449378, 29.229677048802102 ], [ 52.223448701771474, 29.237516706567362 ], [ 52.234002087224667, 29.240984247501956 ], [ 52.241327029731281, 29.242489583836118 ], [ 52.25225344256512, 29.242554358052303 ], [ 52.264596896532908, 29.238985166543557 ], [ 52.278724946255011, 29.232144216151823 ], [ 52.291365832848498, 29.226641712575827 ], [ 52.301478542123277, 29.220098194809793 ], [ 52.307873343576432, 29.214000825982339 ], [ 52.318832443955444, 29.202921130193261 ], [ 52.329397250821387, 29.197924262081074 ], [ 52.336608404905917, 29.19600737302062 ], [ 52.340675895988909, 29.194926141213784 ], [ 52.349384723270248, 29.193212929289473 ], [ 52.364089792286393, 29.191785252686032 ], [ 52.381079143867964, 29.191928020346268 ], [ 52.391929486054494, 29.193498464610173 ], [ 52.404910365178637, 29.198705909012801 ], [ 52.41145388294467, 29.201204343068866 ], [ 52.414666155302484, 29.203583804074697 ], [ 52.420138915615837, 29.209770402689799 ], [ 52.425492702878955, 29.217027758757695 ], [ 52.430727517091839, 29.226902521931834 ], [ 52.435930137197204, 29.240449911784765 ], [ 52.439397678131797, 29.24859109484845 ], [ 52.44241293111844, 29.254169312873728 ], [ 52.44482513350772, 29.257636853808265 ], [ 52.447840386494249, 29.2601998188469 ], [ 52.449971152523119, 29.259565122583012 ] ] ] ] } },
{ "type": "Feature", "properties": { "Id": 0, "Base": 250000.0, "Name_sh": "خفر", "مرکز": "باب انار", "area": 1810108390.3299999, "a4": 9, "توزیع": "0.87", "t": 0.87, "tt": 0.6 }, "geometry": { "type": "MultiPolygon", "coordinates": [ [ [ [ 53.040712702661779, 29.12184531525179 ], [ 53.051187865002873, 29.121293990918218 ], [ 53.053371435212853, 29.121179066170271 ], [ 53.062508565475184, 29.118989962044907 ], [ 53.071645695737573, 29.115373181315988 ], [ 53.08390310454979, 29.109225759685046 ], [ 53.100464153150369, 29.101897019787032 ], [ 53.109791640293167, 29.096376670253619 ], [ 53.122164837523542, 29.088952751915429 ], [ 53.1292080421008, 29.082956510180622 ], [ 53.135854384428683, 29.078591641332594 ], [ 53.157150560430864, 29.065623578850762 ], [ 53.174996517974591, 29.053964219922307 ], [ 53.189749176210626, 29.045398160301204 ], [ 53.192156496371979, 29.043884015464869 ], [ 53.206583862826903, 29.034809558825259 ], [ 53.216547855788804, 29.028266041059226 ], [ 53.229932323946628, 29.022168672231771 ], [ 53.235286111209746, 29.020978941728856 ], [ 53.244357806294488, 29.019491778600241 ], [ 53.256106395010761, 29.018896913348783 ], [ 53.27099122287666, 29.019220496563207 ], [ 53.276629246186019, 29.019343062287362 ], [ 53.301006343491565, 29.019164602711896 ], [ 53.313974405973397, 29.018688710510844 ], [ 53.339553611786073, 29.01785589915869 ], [ 53.357161623229274, 29.01785589915869 ], [ 53.388897684394408, 29.01761795305822 ], [ 53.394132498607291, 29.017380006957524 ], [ 53.421020407973117, 29.01523849205239 ], [ 53.445528856333169, 29.014524653750641 ], [ 53.457517638902516, 29.01541321015651 ], [ 53.457369054298169, 29.012961564184423 ], [ 53.459082266222481, 29.010011032537136 ], [ 53.461556905668544, 29.005918359607165 ], [ 53.467743579324406, 28.999787755103284 ], [ 53.471652408595901, 28.991552129307024 ], [ 53.474364994142491, 28.983418698959838 ], [ 53.474364994142491, 28.976565851262933 ], [ 53.4722234792373, 28.967571488661008 ], [ 53.471652408595901, 28.963288458850343 ], [ 53.471652408595901, 28.958862661379612 ], [ 53.471795176256137, 28.954436863908711 ], [ 53.472794549878586, 28.951295975381129 ], [ 53.473508388180278, 28.947726783872383 ], [ 53.475507135425346, 28.943586521722239 ], [ 53.477791417990943, 28.940302865534193 ], [ 53.482867246137175, 28.934298628810382 ], [ 53.490857666551562, 28.92585592044793 ], [ 53.497943511070162, 28.918317787981607 ], [ 53.505933931484549, 28.912438044657733 ], [ 53.513579044517883, 28.907306784587888 ], [ 53.519765643132985, 28.901358132073312 ], [ 53.507075184435223, 28.887807894798698 ], [ 53.495653771607238, 28.875815411329313 ], [ 53.479092723006659, 28.860586860891942 ], [ 53.473001302831676, 28.856018295760748 ], [ 53.464244886330277, 28.848213663661738 ], [ 53.452062045980369, 28.836601893953116 ], [ 53.444067057000893, 28.828416548093173 ], [ 53.434699264961239, 28.818841749291209 ], [ 53.421130626521574, 28.806026924098205 ], [ 53.409521902523124, 28.793664386853266 ], [ 53.398666991771336, 28.782206425504114 ], [ 53.385768561836585, 28.769282183176244 ], [ 53.374159837838135, 28.75646735798324 ], [ 53.361345012645131, 28.742144906297085 ], [ 53.354108405477405, 28.732948384687916 ], [ 53.347324086257572, 28.722545761884248 ], [ 53.340254596567775, 28.706265854533001 ], [ 53.335128666490561, 28.694506367885253 ], [ 53.328947397868262, 28.679731628251204 ], [ 53.324122993089645, 28.681239254744526 ], [ 53.316434097973854, 28.683349931835039 ], [ 53.306182237819485, 28.686365184821739 ], [ 53.296985716210315, 28.687420523366995 ], [ 53.287035381354713, 28.689380437808211 ], [ 53.277989622394898, 28.693300266690869 ], [ 53.262762594812557, 28.698124671469486 ], [ 53.257184376787507, 28.69857695941738 ], [ 53.253471732333594, 28.702099323133609 ], [ 53.251813343190918, 28.703757712276229 ], [ 53.242616821581805, 28.711145082093253 ], [ 53.233571062622161, 28.720190841053125 ], [ 53.222716151870372, 28.731799565051347 ], [ 53.213218104962664, 28.740996086660516 ], [ 53.206828005285161, 28.749287997745569 ], [ 53.205375614917898, 28.75117264624771 ], [ 53.200807049786704, 28.758025493944615 ], [ 53.19623848465551, 28.763878968018957 ], [ 53.192669293146764, 28.766020482924091 ], [ 53.190385010581224, 28.767162624207003 ], [ 53.185673677789566, 28.770731815715749 ], [ 53.18039127435668, 28.774443774884787 ], [ 53.173110123678725, 28.781439390241985 ], [ 53.164489751057658, 28.78897069077118 ], [ 53.160325694297455, 28.792896801430686 ], [ 53.156280610587544, 28.794324478034298 ], [ 53.147238658765389, 28.795633181587448 ], [ 53.136769030339849, 28.79872648089497 ], [ 53.126418374964373, 28.802771564604939 ], [ 53.118090261443967, 28.806935621365142 ], [ 53.109167282672104, 28.813479139131175 ], [ 53.105517684417066, 28.815140688198028 ], [ 53.098281077249339, 28.822678820664521 ], [ 53.09209980862687, 28.828860089286991 ], [ 53.087124641198955, 28.833684494065437 ], [ 53.083958625563014, 28.836398221753484 ], [ 53.07596820514857, 28.840318050635972 ], [ 53.065414819695434, 28.8474038951544 ], [ 53.054861434242412, 28.853283638478274 ], [ 53.042498896997529, 28.856901942062279 ], [ 53.025764242921866, 28.861877109490024 ], [ 53.019018065200157, 28.862886172265746 ], [ 52.994926022516154, 28.862737455952868 ], [ 52.976931348659548, 28.864819484332997 ], [ 52.962803298937445, 28.865563065897334 ], [ 52.951203426533993, 28.866752796400249 ], [ 52.93915740519202, 28.867645094277407 ], [ 52.927481777146966, 28.86821749707866 ], [ 52.927597458747471, 28.871656800047504 ], [ 52.928168529388927, 28.876415722059164 ], [ 52.928929956910849, 28.88441071103864 ], [ 52.928929956910849, 28.8897407036917 ], [ 52.927026388106185, 28.896403194508025 ], [ 52.925122819301407, 28.903827112846216 ], [ 52.92017354040928, 28.914487098152449 ], [ 52.914653190875867, 28.921339945849184 ], [ 52.908752127581295, 28.927050652263063 ], [ 52.902663771863786, 28.931943171095838 ], [ 52.880356324934098, 28.936107227856041 ], [ 52.869648750407862, 28.935214929978827 ], [ 52.864146246831865, 28.934025199475911 ], [ 52.860008853855049, 28.93338076212018 ], [ 52.853316619776137, 28.93576022312601 ], [ 52.84513722256861, 28.940816577763371 ], [ 52.836214243796746, 28.947954960780862 ], [ 52.831901470723665, 28.95063185441245 ], [ 52.82312720826468, 28.959703549497192 ], [ 52.816434974185768, 28.966395783576047 ], [ 52.810405017411369, 28.976180069848624 ], [ 52.807842052372735, 28.981305999925837 ], [ 52.807239001775542, 28.984472015561778 ], [ 52.807992815022203, 28.990200996236354 ], [ 52.809500529614127, 28.999988261847136 ], [ 52.803234957513382, 28.9999901703967 ], [ 52.791337609994457, 29.011866959316876 ], [ 52.782295658172359, 29.02209864164189 ], [ 52.775276248205103, 29.030545728212587 ], [ 52.76784948172417, 29.04007067456655 ], [ 52.764072308662378, 29.043944698219718 ], [ 52.77705348833797, 29.043875990944116 ], [ 52.78752311676368, 29.044161526264816 ], [ 52.798183102069686, 29.045589202868257 ], [ 52.809985228658604, 29.047873485433854 ], [ 52.820550035524548, 29.050062589559332 ], [ 52.834389199933355, 29.054067412789038 ], [ 52.840635285073631, 29.055703292230532 ], [ 52.846583937588207, 29.057934036923484 ], [ 52.851491575912746, 29.059718632677857 ], [ 52.859670973120274, 29.063139107873724 ], [ 52.870824696585089, 29.06834417882402 ], [ 52.876178483848207, 29.07146722139413 ], [ 52.885101462620071, 29.076821008657248 ], [ 52.891347547760404, 29.081877363294666 ], [ 52.900716675470846, 29.091395207317987 ], [ 52.906219179046843, 29.096154129329648 ], [ 52.920706761721704, 29.109777895554487 ], [ 52.929629740493567, 29.116618845946277 ], [ 52.94137832920984, 29.124352094215226 ], [ 52.948070563288752, 29.127623853098214 ], [ 52.956844825747737, 29.13119304460696 ], [ 52.96571959189265, 29.132633835285219 ], [ 52.973524223991831, 29.131682050882944 ], [ 52.984755279939293, 29.130159195839099 ], [ 52.997604369370833, 29.127494199512739 ], [ 53.013975061090946, 29.122544920620612 ], [ 53.032130348565374, 29.121260011677464 ], [ 53.040712702661779, 29.12184531525179 ] ] ] ] } },
{ "type": "Feature", "properties": { "Id": 0, "Base": 250000.0, "Name_sh": "جهرم", "مرکز": "جهرم", "area": 3934654779.1900005, "a4": 9, "توزیع": "3.92", "t": 3.92, "tt": 2.4 }, "geometry": { "type": "MultiPolygon", "coordinates": [ [ [ [ 54.021930609801927, 28.506662804086659 ], [ 54.020479138588314, 28.4981364021491 ], [ 54.019336997305572, 28.493758193898259 ], [ 54.014958789054901, 28.481575353548521 ], [ 54.012674506489304, 28.471296082003278 ], [ 54.010969162649474, 28.459385448819944 ], [ 54.010731216548777, 28.436066730962807 ], [ 54.01120710875, 28.421076126625962 ], [ 54.011445054850469, 28.40437231036509 ], [ 54.011191245676628, 28.397297379641145 ], [ 54.012523743839836, 28.391586673227096 ], [ 54.016140524568755, 28.380926687920919 ], [ 54.026039082353066, 28.368934204451477 ], [ 54.035747283256853, 28.357703148504015 ], [ 54.050404763052654, 28.3430456687081 ], [ 54.032891930049857, 28.346852806317543 ], [ 54.018995877775808, 28.347614233839295 ], [ 54.001221465128651, 28.344757421101065 ], [ 53.989093420785991, 28.344325140367573 ], [ 53.975530493052702, 28.344325140367573 ], [ 53.964251847885066, 28.345181746329729 ], [ 53.938696436682392, 28.347608796555562 ], [ 53.930415912382216, 28.349322008479703 ], [ 53.919780713128148, 28.351221866887556 ], [ 53.906544961283203, 28.353155178954808 ], [ 53.892565627873921, 28.354791058396302 ], [ 53.873232507201578, 28.356873086776432 ], [ 53.863268514239678, 28.357170519402132 ], [ 53.848099450327481, 28.35776538465359 ], [ 53.835309847421172, 28.358360249905047 ], [ 53.816546078890724, 28.359886674140228 ], [ 53.791704505989799, 28.362742027347281 ], [ 53.777142204634117, 28.365169077573114 ], [ 53.763150973919835, 28.366025683535327 ], [ 53.75144402577115, 28.366311218856026 ], [ 53.747775980462052, 28.365595089680482 ], [ 53.743736164428356, 28.364806378014578 ], [ 53.731172610317572, 28.362379327788688 ], [ 53.722749318356875, 28.359809509902391 ], [ 53.712898349792624, 28.355954783072946 ], [ 53.707187643378745, 28.353099429865892 ], [ 53.698478816097406, 28.348959167715691 ], [ 53.689484453495311, 28.343962299603561 ], [ 53.680775626213915, 28.337823290208462 ], [ 53.674493849158637, 28.332255351454876 ], [ 53.671067425310298, 28.329399998247823 ], [ 53.666070557197941, 28.324545897795929 ], [ 53.654774066072889, 28.317041490223403 ], [ 53.639307569534992, 28.308118511451539 ], [ 53.627261548192962, 28.300831412121227 ], [ 53.618784718359677, 28.295180192232351 ], [ 53.614471945286596, 28.294734043293772 ], [ 53.604670251054358, 28.294613034722943 ], [ 53.602425923944622, 28.294585326980894 ], [ 53.595287540927131, 28.293990461729436 ], [ 53.587703008971005, 28.294882759606651 ], [ 53.569267143386298, 28.297863034516524 ], [ 53.553205781596944, 28.300480441622881 ], [ 53.539047988612197, 28.302027091276727 ], [ 53.527507602733863, 28.302265037377254 ], [ 53.516681055157335, 28.302978875678946 ], [ 53.509661645190135, 28.303216821779642 ], [ 53.502047369971592, 28.303216821779642 ], [ 53.497288447959932, 28.303692713980809 ], [ 53.49269372663349, 28.30604779296209 ], [ 53.490884574841573, 28.309213808598031 ], [ 53.488924660400357, 28.313736688077881 ], [ 53.488924660400357, 28.318108804908434 ], [ 53.490130761594912, 28.323988548232307 ], [ 53.492151437255473, 28.328161880203652 ], [ 53.495274479825639, 28.333664383779649 ], [ 53.501520564965915, 28.342587362551512 ], [ 53.505238472787539, 28.34838729875321 ], [ 53.512525572117909, 28.359987171156661 ], [ 53.517433210442448, 28.368464000989889 ], [ 53.520556253012558, 28.373817788253007 ], [ 53.521745983515473, 28.379320291829004 ], [ 53.521745983515473, 28.383186915963336 ], [ 53.521151118264015, 28.387053540097952 ], [ 53.517284494129569, 28.391515029483742 ], [ 53.512525572117909, 28.394191923115443 ], [ 53.503156444407466, 28.395827802556937 ], [ 53.496018061389975, 28.39686881674703 ], [ 53.483674607422188, 28.398653412501233 ], [ 53.473264465521709, 28.399545710378561 ], [ 53.456207324087472, 28.401189025635574 ], [ 53.445618722611471, 28.402259783088255 ], [ 53.43266257245665, 28.403124260499681 ], [ 53.426380795401315, 28.403695331141137 ], [ 53.42209776559082, 28.403980866461836 ], [ 53.417243665138926, 28.405123007744578 ], [ 53.405822252310827, 28.409406037555016 ], [ 53.397398960350188, 28.412404158422476 ], [ 53.391545486275845, 28.414117370346673 ], [ 53.378885649618951, 28.417045549481372 ], [ 53.369010886444698, 28.41871117218551 ], [ 53.341528111827415, 28.421209606241575 ], [ 53.32308728903223, 28.42239933674449 ], [ 53.308542833634135, 28.423529580722175 ], [ 53.289209712961735, 28.425165460163669 ], [ 53.266604833406348, 28.42918080061105 ], [ 53.262738209271902, 28.429924382175329 ], [ 53.249651173739835, 28.435724318377083 ], [ 53.237844187582482, 28.441154153754837 ], [ 53.232878272697178, 28.443844024317741 ], [ 53.230705804564991, 28.445020777889283 ], [ 53.220890527915969, 28.448441253085207 ], [ 53.209290655512518, 28.454241189286904 ], [ 53.202152272495027, 28.458851394985686 ], [ 53.1939728752875, 28.465989778003177 ], [ 53.190552400091633, 28.46985640213768 ], [ 53.18250423376378, 28.478260901764202 ], [ 53.174937547765296, 28.486969729045597 ], [ 53.16865577070979, 28.493679809081925 ], [ 53.162231225994162, 28.501103727420116 ], [ 53.151380883807462, 28.513096210889501 ], [ 53.144813571431428, 28.520234593906991 ], [ 53.131862217331161, 28.532679185163147 ], [ 53.13055960519813, 28.533830730075749 ], [ 53.123322998030403, 28.544384115528885 ], [ 53.114729527018653, 28.55554055157927 ], [ 53.106136056006733, 28.563229446695061 ], [ 53.094569591235881, 28.56883164968724 ], [ 53.072868906862823, 28.578920564351847 ], [ 53.058211427066908, 28.582918058841756 ], [ 53.041079307824873, 28.588057694614349 ], [ 53.026421828028958, 28.595862326713359 ], [ 53.00948006566739, 28.602144103768865 ], [ 52.994251515230189, 28.606903025780525 ], [ 52.979022964792819, 28.61109087715073 ], [ 52.966272741569469, 28.616293973665108 ], [ 52.944381700315944, 28.626953958971285 ], [ 52.934316557561488, 28.632460316010281 ], [ 52.931168087673143, 28.634182755498159 ], [ 52.91704003795104, 28.643105734270023 ], [ 52.902763271916058, 28.649797968348935 ], [ 52.888486505881076, 28.659018379746556 ], [ 52.873998229557344, 28.668929540742624 ], [ 52.854248322495209, 28.682648941831587 ], [ 52.844448750288734, 28.689885548999484 ], [ 52.831181637147836, 28.698479020011234 ], [ 52.806456562657786, 28.712349183749495 ], [ 52.793993288551519, 28.720883720271104 ], [ 52.780287593157993, 28.730306385854192 ], [ 52.771293230555898, 28.737159233550983 ], [ 52.766296362443711, 28.743726545927018 ], [ 52.763441009236715, 28.749294484680604 ], [ 52.76111833402166, 28.760555138299083 ], [ 52.763464551930326, 28.761277051501736 ], [ 52.768223473941987, 28.763359079881809 ], [ 52.775588762000552, 28.765270985813004 ], [ 52.791798840102786, 28.772260652517616 ], [ 52.806967904014982, 28.778952886596528 ], [ 52.81990622323417, 28.783860524921238 ], [ 52.831208663011864, 28.787578432742635 ], [ 52.848448864463023, 28.792348433368602 ], [ 52.860941034743632, 28.79532275962589 ], [ 52.875515233404315, 28.799040667447514 ], [ 52.891725311506548, 28.80290729158196 ], [ 52.902284169719906, 28.80528675258779 ], [ 52.912991744246142, 28.806773915716462 ], [ 52.915371205251972, 28.807963646219378 ], [ 52.916858368380645, 28.81049182353803 ], [ 52.91954893189552, 28.816370023577122 ], [ 52.92356427234273, 28.839123619445388 ], [ 52.927133463851476, 28.857861874866273 ], [ 52.927481777146966, 28.86821749707866 ], [ 52.93915740519202, 28.867645094277407 ], [ 52.951203426533993, 28.866752796400249 ], [ 52.962803298937445, 28.865563065897334 ], [ 52.976931348659548, 28.864819484332997 ], [ 52.994926022516154, 28.862737455952868 ], [ 53.019018065200157, 28.862886172265746 ], [ 53.025764242921866, 28.861877109490024 ], [ 53.042498896997529, 28.856901942062279 ], [ 53.054861434242412, 28.853283638478274 ], [ 53.065414819695434, 28.8474038951544 ], [ 53.07596820514857, 28.840318050635972 ], [ 53.083958625563014, 28.836398221753484 ], [ 53.087124641198955, 28.833684494065437 ], [ 53.09209980862687, 28.828860089286991 ], [ 53.098281077249339, 28.822678820664521 ], [ 53.105517684417066, 28.815140688198028 ], [ 53.109167282672104, 28.813479139131175 ], [ 53.118090261443967, 28.806935621365142 ], [ 53.126418374964373, 28.802771564604939 ], [ 53.136769030339849, 28.79872648089497 ], [ 53.147238658765389, 28.795633181587448 ], [ 53.156280610587544, 28.794324478034298 ], [ 53.160325694297455, 28.792896801430686 ], [ 53.164489751057658, 28.78897069077118 ], [ 53.173110123678725, 28.781439390241985 ], [ 53.18039127435668, 28.774443774884787 ], [ 53.185673677789566, 28.770731815715749 ], [ 53.190385010581224, 28.767162624207003 ], [ 53.192669293146764, 28.766020482924091 ], [ 53.19623848465551, 28.763878968018957 ], [ 53.200807049786704, 28.758025493944615 ], [ 53.205375614917898, 28.75117264624771 ], [ 53.206828005285161, 28.749287997745569 ], [ 53.213218104962664, 28.740996086660516 ], [ 53.222716151870372, 28.731799565051347 ], [ 53.233571062622161, 28.720190841053125 ], [ 53.242616821581805, 28.711145082093253 ], [ 53.251813343190918, 28.703757712276229 ], [ 53.253471732333594, 28.702099323133609 ], [ 53.257184376787507, 28.69857695941738 ], [ 53.262762594812557, 28.698124671469486 ], [ 53.277989622394898, 28.693300266690869 ], [ 53.287035381354713, 28.689380437808211 ], [ 53.296985716210315, 28.687420523366995 ], [ 53.306182237819485, 28.686365184821739 ], [ 53.316434097973854, 28.683349931835039 ], [ 53.324122993089645, 28.681239254744526 ], [ 53.328947397868262, 28.679731628251204 ], [ 53.335128666490561, 28.694506367885253 ], [ 53.340254596567775, 28.706265854533001 ], [ 53.347324086257572, 28.722545761884248 ], [ 53.354108405477405, 28.732948384687916 ], [ 53.361345012645131, 28.742144906297085 ], [ 53.374159837838135, 28.75646735798324 ], [ 53.385768561836585, 28.769282183176244 ], [ 53.398666991771336, 28.782206425504114 ], [ 53.409521902523124, 28.793664386853266 ], [ 53.421130626521574, 28.806026924098205 ], [ 53.434699264961239, 28.818841749291209 ], [ 53.444067057000893, 28.828416548093173 ], [ 53.452062045980369, 28.836601893953116 ], [ 53.464244886330277, 28.848213663661738 ], [ 53.473001302831676, 28.856018295760748 ], [ 53.479092723006659, 28.860586860891942 ], [ 53.495653771607238, 28.875815411329313 ], [ 53.507075184435223, 28.887807894798698 ], [ 53.519765643132985, 28.901358132073312 ], [ 53.527579069719934, 28.892694947180303 ], [ 53.532189275418716, 28.888977039358736 ], [ 53.53828664424617, 28.88094635846403 ], [ 53.542599417319252, 28.875146422262333 ], [ 53.550183949275322, 28.865479861926133 ], [ 53.558958211734307, 28.855962017902812 ], [ 53.568178623131928, 28.846741606505248 ], [ 53.579643298887333, 28.835422041818731 ], [ 53.588566277659197, 28.825309332543952 ], [ 53.593473915983736, 28.821888857348085 ], [ 53.599125135872555, 28.815791488520631 ], [ 53.603289192632758, 28.812519729637643 ], [ 53.606263518890046, 28.811627431760428 ], [ 53.611319873527464, 28.81103256650897 ], [ 53.615186497661909, 28.809545403380355 ], [ 53.618904405483534, 28.808058240251682 ], [ 53.6220274480537, 28.804340332430115 ], [ 53.623455240746125, 28.798050749300558 ], [ 53.624058291343317, 28.794130920417956 ], [ 53.62466134194068, 28.791718718028619 ], [ 53.626315438115, 28.786786063793727 ], [ 53.629632216400296, 28.782413946963175 ], [ 53.636718060918724, 28.776835728937897 ], [ 53.64485924398258, 28.768543783224743 ], [ 53.656015680032965, 28.755578195382441 ], [ 53.665966014888738, 28.742914132838735 ], [ 53.671495227914477, 28.734347026254966 ], [ 53.676402866239016, 28.726613777986017 ], [ 53.678931043557725, 28.722301004912936 ], [ 53.683243816630807, 28.718285664465611 ], [ 53.689341185458204, 28.712485728263857 ], [ 53.696033419537116, 28.707429373626496 ], [ 53.704510249370401, 28.701332004799042 ], [ 53.714028093393722, 28.696126933848802 ], [ 53.721166476411213, 28.692557742340057 ], [ 53.730684320434534, 28.687798820328396 ], [ 53.741149479859814, 28.681921333827177 ], [ 53.749577181399275, 28.676785703201688 ], [ 53.750667323883135, 28.676121397625479 ], [ 53.760185167906457, 28.668388149356531 ], [ 53.765092806230939, 28.664670241534907 ], [ 53.770000444555478, 28.659911319523246 ], [ 53.777436260198726, 28.649352461309888 ], [ 53.788963897093197, 28.630461779900315 ], [ 53.795145165715667, 28.618853055901866 ], [ 53.802231010234266, 28.609053483695561 ], [ 53.812332107739337, 28.594127981411873 ], [ 53.821679391997577, 28.583122308010786 ], [ 53.840071255003124, 28.566230209759397 ], [ 53.848446957743761, 28.559758075823595 ], [ 53.861391225615364, 28.551192016202663 ], [ 53.871480140280141, 28.546052380430069 ], [ 53.887660475119731, 28.537486320808966 ], [ 53.903650453078853, 28.531585257514621 ], [ 53.925541494332549, 28.525303480459115 ], [ 53.945252949304972, 28.521239361061077 ], [ 53.960671856622696, 28.517812937212796 ], [ 53.972093269450625, 28.515909368408188 ], [ 53.989035031812136, 28.513625085842591 ], [ 54.000284535348158, 28.512675528633906 ], [ 54.010303992256752, 28.50877857005122 ], [ 54.021930609801927, 28.506662804086659 ] ] ] ] } },
{ "type": "Feature", "properties": { "Id": 0, "Base": 250000.0, "Name_sh": "اوز", "مرکز": "اوز", "area": 1496300168.1400001, "a4": 5, "توزیع": "0.76", "t": 0.76, "tt": 0.26 }, "geometry": { "type": "MultiPolygon", "coordinates": [ [ [ [ 53.646538047097806, 28.019553468776564 ], [ 53.651212019461752, 28.019553468776564 ], [ 53.658064867158544, 28.019553468776564 ], [ 53.665488785496734, 28.018220970613243 ], [ 53.675006629520055, 28.01803061373289 ], [ 53.681427934262047, 28.017317135428186 ], [ 53.68699911298944, 28.016698115569568 ], [ 53.695374815729906, 28.016127044928112 ], [ 53.7014126980323, 28.016103646894919 ], [ 53.708848513675548, 28.014913916392004 ], [ 53.713012570435751, 28.014913916392004 ], [ 53.722530414459072, 28.014467767453425 ], [ 53.732643123733851, 28.013426753263332 ], [ 53.743945563511545, 28.013129320637631 ], [ 53.756140301166397, 28.01327803695051 ], [ 53.762981251558188, 28.01327803695051 ], [ 53.771904230330051, 28.011642157508959 ], [ 53.779340045973242, 28.011344724883259 ], [ 53.785437414800526, 28.011047292257501 ], [ 53.798375734019885, 28.009411412816007 ], [ 53.813515024625758, 28.006290863872835 ], [ 53.817512519115496, 28.006290863872835 ], [ 53.823223225529546, 28.005005954929686 ], [ 53.827934558320976, 28.004434884288457 ], [ 53.833074194093626, 28.003292743005545 ], [ 53.836357850281672, 28.003292743005545 ], [ 53.841640253714559, 28.004006581307237 ], [ 53.85348996952365, 28.005291490250443 ], [ 53.867481200237933, 28.006861934514291 ], [ 53.881757966272914, 28.008432378778195 ], [ 53.888182510988656, 28.008717914098895 ], [ 53.899090951681444, 28.01200950182357 ], [ 53.913516434029304, 28.014686395455158 ], [ 53.914993859983156, 28.014719973317767 ], [ 53.920059951795338, 28.014835111768036 ], [ 53.926454753248493, 28.015132544393737 ], [ 53.930767526321574, 28.015132544393737 ], [ 53.936270029897571, 28.014686395455158 ], [ 53.940136654032017, 28.013645381265121 ], [ 53.946531455485228, 28.010076189756376 ], [ 53.953669838502719, 28.0041275372418 ], [ 53.959023610477971, 28.000073491336423 ], [ 53.951993459701612, 28.000074064776527 ], [ 53.964634327632666, 27.991368443309625 ], [ 53.980398256796263, 27.983040329789219 ], [ 53.996459983770478, 27.976497462353848 ], [ 54.004954193037861, 27.97649853791961 ], [ 54.017892512257049, 27.968021708086326 ], [ 54.027112923654613, 27.960437176130256 ], [ 54.035075980267493, 27.955050790251391 ], [ 54.049638281623174, 27.948911780856349 ], [ 54.064486118299442, 27.945913659988889 ], [ 54.076478601768827, 27.9432010744423 ], [ 54.087757246936519, 27.940202953574953 ], [ 54.098607589122992, 27.93506331780236 ], [ 54.106888113423395, 27.929780914369474 ], [ 54.11180063036403, 27.926883428839574 ], [ 54.120997151973143, 27.921455973463765 ], [ 54.134867315711404, 27.912711739802546 ], [ 54.146476039709682, 27.907284284426737 ], [ 54.155069510721603, 27.901253778453565 ], [ 54.16471832027861, 27.895374035129691 ], [ 54.178890009315637, 27.8876851400139 ], [ 54.178162724739821, 27.868848421862026 ], [ 54.178257903180054, 27.860282362241094 ], [ 54.178162724739821, 27.849241663174155 ], [ 54.175682977864938, 27.837178366704848 ], [ 54.174540836582082, 27.831967347101966 ], [ 54.172327937846717, 27.821545307896486 ], [ 54.169543968469895, 27.810409430389257 ], [ 54.165114229265669, 27.797698397765998 ], [ 54.158832452210163, 27.783326453290783 ], [ 54.152550675154657, 27.771333969821171 ], [ 54.145130866794545, 27.755371031191601 ], [ 54.142275513587549, 27.742593325590235 ], [ 54.133566686306153, 27.742736093250699 ], [ 54.118790233459947, 27.742664709420467 ], [ 54.112579840234844, 27.741808103458311 ], [ 54.109653103197616, 27.73980935621347 ], [ 54.10608391168887, 27.734812488101284 ], [ 54.10480947597938, 27.727064764777765 ], [ 54.105380546620779, 27.721925129005285 ], [ 54.105380546620779, 27.720592630841963 ], [ 54.106713044783987, 27.71802281295561 ], [ 54.109663576431274, 27.714025318465872 ], [ 54.106522687903521, 27.712407284981964 ], [ 54.104523940658623, 27.712407284981964 ], [ 54.100240910848186, 27.71269282030255 ], [ 54.091389315906554, 27.715119870528554 ], [ 54.067603646853172, 27.71869595526374 ], [ 54.052827194006966, 27.722193762942254 ], [ 54.047116487592859, 27.723621439545866 ], [ 54.045046356517958, 27.723478671885402 ], [ 54.043594885304344, 27.722622065923417 ], [ 54.037408286689072, 27.716673413408841 ], [ 54.035266771783938, 27.716078548157384 ], [ 54.029437092319597, 27.714531898503537 ], [ 54.022774601503329, 27.712985248849691 ], [ 54.015269880635117, 27.712433213896475 ], [ 54.009130871240075, 27.712647365386943 ], [ 54.004062619297656, 27.713646739009391 ], [ 53.997587460912712, 27.718035117288309 ], [ 53.978610254777152, 27.717928898874504 ], [ 53.959384209849986, 27.720022824559635 ], [ 53.942727982809174, 27.723449248407917 ], [ 53.924160255427068, 27.727609339399748 ], [ 53.908170277467775, 27.729512908204413 ], [ 53.895797080237401, 27.73179719077001 ], [ 53.885517808692327, 27.732748975172399 ], [ 53.875904786228773, 27.733795938015021 ], [ 53.863799729017046, 27.73862591337604 ], [ 53.848856713900432, 27.744431798230323 ], [ 53.829821025853789, 27.753664106932945 ], [ 53.815087403305824, 27.762133401806352 ], [ 53.805855094603203, 27.767177859138712 ], [ 53.797574570302857, 27.77184160271014 ], [ 53.791102436366998, 27.775648740319411 ], [ 53.789262864604552, 27.775808703081395 ], [ 53.786724228116327, 27.776029454080401 ], [ 53.783107447387351, 27.775648740319411 ], [ 53.776159421250384, 27.773174100873348 ], [ 53.763786224020009, 27.76917660638361 ], [ 53.753029317739106, 27.764062207318659 ], [ 53.742916608464327, 27.761504286737363 ], [ 53.729294194205977, 27.758529960480075 ], [ 53.720844403702245, 27.756285912437022 ], [ 53.716846909212506, 27.75514377115411 ], [ 53.709518169314549, 27.754096808311658 ], [ 53.705420526457885, 27.753083412766614 ], [ 53.700666574372917, 27.751907704186294 ], [ 53.691719800990882, 27.748766815658541 ], [ 53.688483734023066, 27.748576458778075 ], [ 53.684105525772338, 27.749052350979298 ], [ 53.675539466151236, 27.750955919783905 ], [ 53.658341443049949, 27.755562339976564 ], [ 53.643826730914327, 27.759131531485309 ], [ 53.629312018778819, 27.765080183999885 ], [ 53.617414713749667, 27.76864937550863 ], [ 53.603613839915852, 27.771623701765918 ], [ 53.59718929520011, 27.775073920224429 ], [ 53.588416945827703, 27.776814372218155 ], [ 53.593413813940003, 27.786808108442699 ], [ 53.600480813127319, 27.798372288930921 ], [ 53.601337419089475, 27.80165594511908 ], [ 53.604050004636065, 27.807223883872723 ], [ 53.61249114255429, 27.81907954833423 ], [ 53.618439795068866, 27.827853810793272 ], [ 53.625604699162182, 27.834053726278228 ], [ 53.63702611199011, 27.833815780177588 ], [ 53.653206446829756, 27.832388103574146 ], [ 53.661323833841379, 27.830881291866035 ], [ 53.671603105386623, 27.830738524205572 ], [ 53.690020133571579, 27.830452988884872 ], [ 53.696730213608078, 27.83202343314872 ], [ 53.698728960852975, 27.834450483374781 ], [ 53.704011364286032, 27.840303957449123 ], [ 53.711701782256739, 27.847761188241236 ], [ 53.717269721010382, 27.852044218051901 ], [ 53.733830769610961, 27.857041086164088 ], [ 53.759258030485, 27.864011232185646 ], [ 53.75522185366026, 27.865175513962072 ], [ 53.74142097982633, 27.867935688728892 ], [ 53.73657724209329, 27.869093041992585 ], [ 53.730665816080034, 27.870505506615189 ], [ 53.715894320444306, 27.875104806451077 ], [ 53.692992008263161, 27.884503677423993 ], [ 53.674420427776568, 27.892222084105413 ], [ 53.657669022295522, 27.903357961612812 ], [ 53.643011542499551, 27.913542054717652 ], [ 53.627021564540428, 27.923535790942196 ], [ 53.61968584248666, 27.929546946369271 ], [ 53.606301374328837, 27.94203911664988 ], [ 53.597824544495552, 27.947987769164456 ], [ 53.589645147288024, 27.95170567698608 ], [ 53.568229998235552, 27.960182506819365 ], [ 53.554042461988388, 27.964686752145212 ], [ 53.539022114388899, 27.970486688346966 ], [ 53.526354045768528, 27.974613407670347 ], [ 53.519391561090799, 27.976881489800121 ], [ 53.507494256061648, 27.981937844437482 ], [ 53.495150802094088, 27.988332645890694 ], [ 53.488309851702184, 27.992645418963718 ], [ 53.480279185492122, 28.000112541894907 ], [ 53.501208153384539, 28.000110834746351 ], [ 53.51325417815508, 28.005506654213661 ], [ 53.518905398043785, 28.00773739890667 ], [ 53.528571958380098, 28.01294246985691 ], [ 53.533033447765888, 28.014280916672703 ], [ 53.53808980240342, 28.015916796114197 ], [ 53.545971766985247, 28.017998824494271 ], [ 53.549094809555413, 28.02052700181298 ], [ 53.553853731567074, 28.023650044383146 ], [ 53.557869072014398, 28.02528592382464 ], [ 53.563669008216095, 28.02736795220477 ], [ 53.568279213914764, 28.02766538483047 ], [ 53.585976455145783, 28.026921803266134 ], [ 53.598102449811563, 28.026596673353822 ], [ 53.610094933280948, 28.025264175190671 ], [ 53.621516346108933, 28.023550963266302 ], [ 53.632937758936862, 28.021457037581229 ], [ 53.638077394709512, 28.02050525317901 ], [ 53.64512059928677, 28.019553468776564 ], [ 53.646538047097806, 28.019553468776564 ] ] ] ] } },
{ "type": "Feature", "properties": { "Id": 0, "Base": 250000.0, "Name_sh": "زرین دشت", "مرکز": "حاجی آباد", "area": 4585945825.5, "a4": 6, "توزیع": "1.51", "t": 1.51, "tt": 0.74 }, "geometry": { "type": "MultiPolygon", "coordinates": [ [ [ [ 54.884210048715033, 28.080872224198799 ], [ 54.881948608975392, 28.080419936251076 ], [ 54.882702422222053, 28.073484854381945 ], [ 54.888431402896458, 28.05991621594228 ], [ 54.890902044848076, 28.055739785984883 ], [ 54.893376684294196, 28.048696581407626 ], [ 54.899087390708075, 28.035371599774862 ], [ 54.902323457676061, 28.02452125758839 ], [ 54.90594023840498, 28.009863777792418 ], [ 54.908605150703465, 28.000235178921514 ], [ 54.905431099681664, 27.997413733558972 ], [ 54.902254632590711, 27.994590140528658 ], [ 54.895116249573221, 27.991318381645669 ], [ 54.886193270801357, 27.988938920639839 ], [ 54.876526710465157, 27.987451757511167 ], [ 54.866562717503257, 27.985072296505336 ], [ 54.843512049533672, 27.981052269240877 ], [ 54.830425014001605, 27.975103616726301 ], [ 54.820788196927992, 27.970582640815337 ], [ 54.803061212434557, 27.968679072010673 ], [ 54.801142261255791, 27.968702866620674 ], [ 54.781630681007925, 27.96965465102295 ], [ 54.764379588715656, 27.970725408475573 ], [ 54.743715952764205, 27.972472329430673 ], [ 54.719326477454445, 27.974018979084519 ], [ 54.696126732647599, 27.972472329430673 ], [ 54.679556693470033, 27.970140600352579 ], [ 54.66572607637363, 27.969248302475421 ], [ 54.649664714584276, 27.967909855659627 ], [ 54.642675047879663, 27.966422692530955 ], [ 54.628051070894571, 27.963407439544483 ], [ 54.615387008351036, 27.959487610661824 ], [ 54.601387450965319, 27.957434474706758 ], [ 54.593963532627129, 27.956720636405009 ], [ 54.582256584478444, 27.957148939386002 ], [ 54.569835798027896, 27.958576615989614 ], [ 54.555844567313613, 27.960860898555211 ], [ 54.540015053609011, 27.962948306955809 ], [ 54.529860853129946, 27.964287322403493 ], [ 54.526076789081912, 27.964791984451324 ], [ 54.51275180744932, 27.966410017935402 ], [ 54.497047364810896, 27.969075014261932 ], [ 54.484997933508964, 27.971291946364033 ], [ 54.472803195854056, 27.972927825805527 ], [ 54.455849536187543, 27.976497017314273 ], [ 54.43993689071101, 27.979322627258682 ], [ 54.432501075067819, 27.981850804577391 ], [ 54.425362692050328, 27.985419996086137 ], [ 54.419414039535752, 27.990773783349255 ], [ 54.41242437283114, 27.994342974858 ], [ 54.404661166242988, 28.000143186906428 ], [ 54.391607333976481, 28.00014080400598 ], [ 54.388038252301783, 28.003822148421932 ], [ 54.371370276383914, 28.015732444587059 ], [ 54.35010384364432, 28.030604075873498 ], [ 54.348383117863762, 28.031617654073045 ], [ 54.32839126196609, 28.043393678779864 ], [ 54.315006793808323, 28.053060239116064 ], [ 54.305042800846422, 28.061090920010713 ], [ 54.295355168003482, 28.067229320263721 ], [ 54.294357327371472, 28.067974374602272 ], [ 54.272740770604116, 28.084114736988624 ], [ 54.251633999697958, 28.098738713973546 ], [ 54.235653158869184, 28.110196675322527 ], [ 54.21985946818819, 28.121998804759471 ], [ 54.212496920908279, 28.130600879902318 ], [ 54.207521753480364, 28.139194350914124 ], [ 54.203149636649869, 28.151556888159007 ], [ 54.196277220265586, 28.174294827173867 ], [ 54.191302052837898, 28.19585388602809 ], [ 54.188588325149794, 28.211231676259672 ], [ 54.184216208319299, 28.222237349660588 ], [ 54.17878875294349, 28.231433871269701 ], [ 54.170508913928018, 28.240313486744299 ], [ 54.153925022501653, 28.249660771002709 ], [ 54.134175115439518, 28.257952716715863 ], [ 54.133349762339208, 28.258415925088514 ], [ 54.119400375805299, 28.266244662428846 ], [ 54.101919713115137, 28.280173075372602 ], [ 54.092270903558131, 28.288766546384352 ], [ 54.085034296390234, 28.29751078004557 ], [ 54.075536249482468, 28.311531706433129 ], [ 54.071443957266297, 28.3196508080988 ], [ 54.061926113242976, 28.330834274826259 ], [ 54.050404763052654, 28.3430456687081 ], [ 54.035747283256853, 28.357703148504015 ], [ 54.026039082353066, 28.368934204451477 ], [ 54.016140524568755, 28.380926687920919 ], [ 54.012523743839836, 28.391586673227096 ], [ 54.011191245676628, 28.397297379641145 ], [ 54.011445054850469, 28.40437231036509 ], [ 54.01120710875, 28.421076126625962 ], [ 54.010731216548777, 28.436066730962807 ], [ 54.010969162649474, 28.459385448819944 ], [ 54.012674506489304, 28.471296082003278 ], [ 54.014958789054901, 28.481575353548521 ], [ 54.019336997305572, 28.493758193898259 ], [ 54.020479138588314, 28.4981364021491 ], [ 54.021930609801927, 28.506662804086659 ], [ 54.026118461172132, 28.515228863707591 ], [ 54.032590595108104, 28.523604566448 ], [ 54.04058558408758, 28.531599555427704 ], [ 54.0588598446123, 28.544734180179944 ], [ 54.067235547352936, 28.551587027876735 ], [ 54.074482988999932, 28.558933613732108 ], [ 54.078052180508678, 28.566785835051348 ], [ 54.083049048620865, 28.584155900394023 ], [ 54.086856186230079, 28.597480882026616 ], [ 54.094946353650016, 28.621275492084919 ], [ 54.101905483938367, 28.646807108677535 ], [ 54.109009163226006, 28.643409565266666 ], [ 54.117813168947634, 28.641743942562584 ], [ 54.137562695295969, 28.634843505645563 ], [ 54.153029191833866, 28.629132799231684 ], [ 54.161119359253803, 28.626158472974396 ], [ 54.170399257176598, 28.624135931119326 ], [ 54.1770354597557, 28.620300552432525 ], [ 54.189527630036309, 28.616433928298022 ], [ 54.204399261322749, 28.610782708409204 ], [ 54.213470956407491, 28.608551963716081 ], [ 54.224029814620849, 28.608105814777616 ], [ 54.225394776247924, 28.607512353200718 ], [ 54.230870765012583, 28.605131488520328 ], [ 54.251123252887453, 28.597882802631489 ], [ 54.260470537145864, 28.595621362891677 ], [ 54.265445704573779, 28.593661448450234 ], [ 54.272380786442909, 28.589440094269037 ], [ 54.281125020103957, 28.58144967385465 ], [ 54.291376880258383, 28.574665354634817 ], [ 54.301628740412752, 28.570142475154967 ], [ 54.320474071578928, 28.564564257129689 ], [ 54.334870001021216, 28.559206662729025 ], [ 54.346629487668793, 28.55483454589853 ], [ 54.358087449017887, 28.553176156755853 ], [ 54.370751511561593, 28.553779207353045 ], [ 54.375726678989338, 28.554985308547828 ], [ 54.38416938735196, 28.561920390416958 ], [ 54.393064383662363, 28.572624538519392 ], [ 54.398793364336711, 28.578805807141862 ], [ 54.405276158257948, 28.583177923972414 ], [ 54.41368957704185, 28.587482070706187 ], [ 54.420624658910981, 28.589894273095467 ], [ 54.430574993766584, 28.593211051380763 ], [ 54.441882192466437, 28.598035456159153 ], [ 54.453038628516822, 28.604669012729687 ], [ 54.463742776619085, 28.611302569300221 ], [ 54.464595121502839, 28.611833696818394 ], [ 54.467832137339542, 28.613850800716193 ], [ 54.483179660827034, 28.612661070213278 ], [ 54.497813346012947, 28.60992469005663 ], [ 54.505070702080673, 28.607783175151326 ], [ 54.514945465254925, 28.605641660246192 ], [ 54.523868444026789, 28.603738091441414 ], [ 54.529070886520856, 28.601058045308264 ], [ 54.531720665346029, 28.599693007731616 ], [ 54.538696816712104, 28.594207707658597 ], [ 54.542315120295996, 28.591644742620019 ], [ 54.55136087925581, 28.588327964334724 ], [ 54.561009688812817, 28.58380508485493 ], [ 54.570809261019349, 28.579131442725782 ], [ 54.583473323562885, 28.571744072908587 ], [ 54.593423658418658, 28.56450746574086 ], [ 54.59945416439183, 28.557421621222261 ], [ 54.605333907715703, 28.547018998418537 ], [ 54.60778157540966, 28.543886606442015 ], [ 54.614016903568313, 28.535906972628368 ], [ 54.616881393905715, 28.530630279901857 ], [ 54.622308849281524, 28.523695198032726 ], [ 54.627133254060084, 28.518116980007505 ], [ 54.633314522682554, 28.511483423436971 ], [ 54.635877487721189, 28.508015882502548 ], [ 54.647335449070113, 28.501683851230609 ], [ 54.656230445380686, 28.497160971750816 ], [ 54.666934593482949, 28.489472076634968 ], [ 54.679599607811099, 28.480130693439833 ], [ 54.686046896402104, 28.475870877763839 ], [ 54.690259593117275, 28.473087488862575 ], [ 54.705868857315465, 28.462808217317331 ], [ 54.716719199502165, 28.455193942098674 ], [ 54.731186322417614, 28.441868960466081 ], [ 54.742316251272257, 28.433933458011666 ], [ 54.750495648479784, 28.425754060804081 ], [ 54.761054506693142, 28.41831824516089 ], [ 54.773112507960491, 28.409387883149748 ], [ 54.782779068296691, 28.403587946948051 ], [ 54.786794408744015, 28.401059769629342 ], [ 54.798989146398867, 28.399275173874969 ], [ 54.807168543606451, 28.398977741249269 ], [ 54.8151992245011, 28.399721322813718 ], [ 54.827542678468831, 28.398085443372054 ], [ 54.840629714000897, 28.395408549740523 ], [ 54.856460114849767, 28.39416624276339 ], [ 54.866126675185967, 28.393125228573354 ], [ 54.873562490829158, 28.391935498070438 ], [ 54.885757228484067, 28.389109888125972 ], [ 54.895869937758846, 28.385391980304405 ], [ 54.908768555250447, 28.379927751908951 ], [ 54.908165504653084, 28.37012817970259 ], [ 54.906657878159763, 28.362439284586799 ], [ 54.903088432841912, 28.346318594903039 ], [ 54.901279281049995, 28.339986563631271 ], [ 54.894344199180694, 28.319482843322476 ], [ 54.891479708843519, 28.310286321713363 ], [ 54.887997843553705, 28.294593118062267 ], [ 54.885422932129529, 28.285229803792561 ], [ 54.882763029340879, 28.275557430015624 ], [ 54.877290269027469, 28.253190496560933 ], [ 54.87395902361925, 28.237724000023036 ], [ 54.872494418658221, 28.226482119234277 ], [ 54.871542634255775, 28.210492141275154 ], [ 54.871495441612751, 28.194264217215334 ], [ 54.870900576361294, 28.188761713639337 ], [ 54.871644157925459, 28.178351571738858 ], [ 54.873280037367124, 28.159018451066459 ], [ 54.874915916808447, 28.14890574179168 ], [ 54.875505824849654, 28.142345399553903 ], [ 54.878628867419593, 28.127027619328885 ], [ 54.879223732671051, 28.11096625753953 ], [ 54.881900626302809, 28.099961250387537 ], [ 54.883305472819075, 28.089314932561308 ], [ 54.884210048715033, 28.080872224198799 ] ] ] ] } },
{ "type": "Feature", "properties": { "Id": 0, "Base": 250000.0, "Name_sh": "داراب", "مرکز": "داراب", "area": 6574489301.6199999, "a4": 6, "توزیع": "4.16", "t": 4.16, "tt": 1.88 }, "geometry": { "type": "MultiPolygon", "coordinates": [ [ [ [ 55.251780152647086, 28.724521139792046 ], [ 55.254730684294145, 28.721475429704356 ], [ 55.261773888871403, 28.717763470535374 ], [ 55.275479584264929, 28.711576871920272 ], [ 55.286805818652681, 28.704533667343014 ], [ 55.297960372073533, 28.696770506393761 ], [ 55.312879592580146, 28.687276456980442 ], [ 55.325086227540055, 28.677853791397354 ], [ 55.338493168385014, 28.66864527730479 ], [ 55.346488157364661, 28.662839392450621 ], [ 55.350485651854399, 28.659793682363158 ], [ 55.357814391752356, 28.653511905307823 ], [ 55.362478135323784, 28.649324053937562 ], [ 55.371710444026405, 28.638378533310686 ], [ 55.382544742877542, 28.625006683506683 ], [ 55.393966155705471, 28.614227725150386 ], [ 55.404887881722232, 28.603805685944735 ], [ 55.415452688588175, 28.59509685866351 ], [ 55.421714537280195, 28.590201058472303 ], [ 55.42572987772752, 28.586929299589315 ], [ 55.430934948677816, 28.581872944951897 ], [ 55.435545154376598, 28.5760730087502 ], [ 55.43985792744968, 28.570719221487082 ], [ 55.444319416835583, 28.564919285285384 ], [ 55.450565501975916, 28.553021980256233 ], [ 55.452350097730289, 28.547073327741657 ], [ 55.4503201200597, 28.533265018092152 ], [ 55.447791942740992, 28.525234337197503 ], [ 55.444074034919367, 28.519731833621506 ], [ 55.44109970866208, 28.517352372615676 ], [ 55.435299772460382, 28.513634464794052 ], [ 55.430094701510143, 28.508578110156691 ], [ 55.426376793688519, 28.503521755519273 ], [ 55.423253751118352, 28.497126954066118 ], [ 55.418346112793813, 28.485322844592929 ], [ 55.414919688945531, 28.472568933601792 ], [ 55.413016120140753, 28.462289662056548 ], [ 55.411683621977545, 28.455246457479348 ], [ 55.410351123814166, 28.446680397858245 ], [ 55.409387442106947, 28.436068001772412 ], [ 55.407959765503506, 28.420125613033292 ], [ 55.40748387330234, 28.40894214630589 ], [ 55.406770035000591, 28.397520733477904 ], [ 55.405342358396979, 28.380864506437092 ], [ 55.406095061228427, 28.357533891274841 ], [ 55.408188986913729, 28.338307846347675 ], [ 55.409902198837869, 28.327838217922135 ], [ 55.409711841957403, 28.31413252252861 ], [ 55.409627645107889, 28.310961107863136 ], [ 55.409140771315947, 28.292622195035904 ], [ 55.407808273152796, 28.280439354686052 ], [ 55.405666758247435, 28.269823785985352 ], [ 55.402240334399153, 28.251739882340928 ], [ 55.402621048159915, 28.236701688784194 ], [ 55.403572832562361, 28.216904573215629 ], [ 55.404037779242969, 28.202910272996689 ], [ 55.402680915398946, 28.189492397206322 ], [ 55.401625576853689, 28.176979097311914 ], [ 55.400443841339609, 28.163731781286629 ], [ 55.398920986295934, 28.155927149187448 ], [ 55.399301700056867, 28.148503230849258 ], [ 55.398540272534945, 28.140888955630544 ], [ 55.398920986295934, 28.134036107933809 ], [ 55.399682413817857, 28.129086829041626 ], [ 55.400634198220075, 28.122424338225358 ], [ 55.401023744540282, 28.116485393911603 ], [ 55.402229845735008, 28.101258366329489 ], [ 55.403285184280264, 28.086483626695099 ], [ 55.403586709579031, 28.072764225606136 ], [ 55.402024641017761, 28.060282715310734 ], [ 55.400121072213153, 28.046196306156276 ], [ 55.397836789647556, 28.037630246535343 ], [ 55.395939891045657, 28.027987678641296 ], [ 55.386835980352771, 28.02980669733364 ], [ 55.369703861110906, 28.033423478062559 ], [ 55.344386396008758, 28.037230615671831 ], [ 55.332517644511768, 28.03994796014058 ], [ 55.313291599584659, 28.044897239032707 ], [ 55.300918402354341, 28.050607945446586 ], [ 55.284547710634229, 28.059745075709145 ], [ 55.271603442762455, 28.065646139003491 ], [ 55.250448549636985, 28.078451217924226 ], [ 55.231904743769405, 28.085386299793356 ], [ 55.21592390294046, 28.089004603377248 ], [ 55.201752213903603, 28.091115280467932 ], [ 55.191801879047773, 28.09126604311723 ], [ 55.176424088816191, 28.091115280467932 ], [ 55.153040713072073, 28.095188695626916 ], [ 55.135527880069105, 28.09766333507298 ], [ 55.118776474588003, 28.098805476355665 ], [ 55.106974347999142, 28.096330836909601 ], [ 55.092887938844626, 28.091381558017474 ], [ 55.081656882897164, 28.085861208484062 ], [ 55.073471537036994, 28.080531215830945 ], [ 55.063192265491921, 28.073868725014677 ], [ 55.055197276512274, 28.070251944285701 ], [ 55.04852437951979, 28.069430237085101 ], [ 55.038724807313486, 28.069882525032995 ], [ 55.021537865289758, 28.073048540668992 ], [ 54.999978806435706, 28.079229809291462 ], [ 54.978570510230952, 28.08480802731674 ], [ 54.969900745106827, 28.08572575358022 ], [ 54.955029113820387, 28.087361633021771 ], [ 54.940752347785406, 28.08780778196035 ], [ 54.932572950577878, 28.086766767770314 ], [ 54.920526929235848, 28.085130888328763 ], [ 54.906398879513745, 28.083197576261568 ], [ 54.89762461705476, 28.082305278384354 ], [ 54.884210048715033, 28.080872224198799 ], [ 54.883305472819075, 28.089314932561308 ], [ 54.881900626302809, 28.099961250387537 ], [ 54.879223732671051, 28.11096625753953 ], [ 54.878628867419593, 28.127027619328885 ], [ 54.875505824849654, 28.142345399553903 ], [ 54.874915916808447, 28.14890574179168 ], [ 54.873280037367124, 28.159018451066459 ], [ 54.871644157925459, 28.178351571738858 ], [ 54.870900576361294, 28.188761713639337 ], [ 54.871495441612751, 28.194264217215334 ], [ 54.871542634255775, 28.210492141275154 ], [ 54.872494418658221, 28.226482119234277 ], [ 54.87395902361925, 28.237724000023036 ], [ 54.877290269027469, 28.253190496560933 ], [ 54.882763029340879, 28.275557430015624 ], [ 54.885422932129529, 28.285229803792561 ], [ 54.887997843553705, 28.294593118062267 ], [ 54.891479708843519, 28.310286321713363 ], [ 54.894344199180694, 28.319482843322476 ], [ 54.901279281049995, 28.339986563631271 ], [ 54.903088432841912, 28.346318594903039 ], [ 54.906657878159763, 28.362439284586799 ], [ 54.908165504653084, 28.37012817970259 ], [ 54.908768555250447, 28.379927751908951 ], [ 54.895869937758846, 28.385391980304405 ], [ 54.885757228484067, 28.389109888125972 ], [ 54.873562490829158, 28.391935498070438 ], [ 54.866126675185967, 28.393125228573354 ], [ 54.856460114849767, 28.39416624276339 ], [ 54.840629714000897, 28.395408549740523 ], [ 54.827542678468831, 28.398085443372054 ], [ 54.8151992245011, 28.399721322813718 ], [ 54.807168543606451, 28.398977741249269 ], [ 54.798989146398867, 28.399275173874969 ], [ 54.786794408744015, 28.401059769629342 ], [ 54.782779068296691, 28.403587946948051 ], [ 54.773112507960491, 28.409387883149748 ], [ 54.761054506693142, 28.41831824516089 ], [ 54.750495648479784, 28.425754060804081 ], [ 54.742316251272257, 28.433933458011666 ], [ 54.731186322417614, 28.441868960466081 ], [ 54.716719199502165, 28.455193942098674 ], [ 54.705868857315465, 28.462808217317331 ], [ 54.690259593117275, 28.473087488862575 ], [ 54.686046896402104, 28.475870877763839 ], [ 54.679599607811099, 28.480130693439833 ], [ 54.666934593482949, 28.489472076634968 ], [ 54.656230445380686, 28.497160971750816 ], [ 54.647335449070113, 28.501683851230609 ], [ 54.635877487721189, 28.508015882502548 ], [ 54.633314522682554, 28.511483423436971 ], [ 54.627133254060084, 28.518116980007505 ], [ 54.622308849281524, 28.523695198032726 ], [ 54.616881393905715, 28.530630279901857 ], [ 54.614016903568313, 28.535906972628368 ], [ 54.60778157540966, 28.543886606442015 ], [ 54.605333907715703, 28.547018998418537 ], [ 54.59945416439183, 28.557421621222261 ], [ 54.593423658418658, 28.56450746574086 ], [ 54.583473323562885, 28.571744072908587 ], [ 54.570809261019349, 28.579131442725782 ], [ 54.561009688812817, 28.58380508485493 ], [ 54.55136087925581, 28.588327964334724 ], [ 54.542315120295996, 28.591644742620019 ], [ 54.538696816712104, 28.594207707658597 ], [ 54.531720665346029, 28.599693007731616 ], [ 54.529070886520856, 28.601058045308264 ], [ 54.523868444026789, 28.603738091441414 ], [ 54.514945465254925, 28.605641660246192 ], [ 54.505070702080673, 28.607783175151326 ], [ 54.497813346012947, 28.60992469005663 ], [ 54.483179660827034, 28.612661070213278 ], [ 54.467832137339542, 28.613850800716193 ], [ 54.464595121502839, 28.611833696818394 ], [ 54.463742776619085, 28.611302569300221 ], [ 54.453038628516822, 28.604669012729687 ], [ 54.441882192466437, 28.598035456159153 ], [ 54.430574993766584, 28.593211051380763 ], [ 54.420624658910981, 28.589894273095467 ], [ 54.41368957704185, 28.587482070706187 ], [ 54.405276158257948, 28.583177923972414 ], [ 54.398793364336711, 28.578805807141862 ], [ 54.393064383662363, 28.572624538519392 ], [ 54.38416938735196, 28.561920390416958 ], [ 54.375726678989338, 28.554985308547828 ], [ 54.370751511561593, 28.553779207353045 ], [ 54.358087449017887, 28.553176156755853 ], [ 54.346629487668793, 28.55483454589853 ], [ 54.334870001021216, 28.559206662729025 ], [ 54.320474071578928, 28.564564257129689 ], [ 54.301628740412752, 28.570142475154967 ], [ 54.291376880258383, 28.574665354634817 ], [ 54.281125020103957, 28.58144967385465 ], [ 54.272380786442909, 28.589440094269037 ], [ 54.265445704573779, 28.593661448450234 ], [ 54.260470537145864, 28.595621362891677 ], [ 54.251123252887453, 28.597882802631489 ], [ 54.230870765012583, 28.605131488520328 ], [ 54.225394776247924, 28.607512353200718 ], [ 54.224029814620849, 28.608105814777616 ], [ 54.213470956407491, 28.608551963716081 ], [ 54.204399261322749, 28.610782708409204 ], [ 54.189527630036309, 28.616433928298022 ], [ 54.1770354597557, 28.620300552432525 ], [ 54.170399257176598, 28.624135931119326 ], [ 54.161119359253803, 28.626158472974396 ], [ 54.153029191833866, 28.629132799231684 ], [ 54.137562695295969, 28.634843505645563 ], [ 54.117813168947634, 28.641743942562584 ], [ 54.109009163226006, 28.643409565266666 ], [ 54.101905483938367, 28.646807108677535 ], [ 54.110661900439766, 28.668888506811527 ], [ 54.115040108690664, 28.682023131563824 ], [ 54.121840608245236, 28.703347861097996 ], [ 54.127474164337627, 28.718221204532711 ], [ 54.131695518518882, 28.726060862297857 ], [ 54.142550429270614, 28.740835601932247 ], [ 54.149062506425139, 28.747732390342094 ], [ 54.162781907514102, 28.762205604677774 ], [ 54.173184530317769, 28.773362040728273 ], [ 54.188863845848175, 28.790548982751829 ], [ 54.211203367912162, 28.814083184597621 ], [ 54.218922694344826, 28.823650800457926 ], [ 54.224718706425222, 28.830834590078666 ], [ 54.233326406613799, 28.840626072117686 ], [ 54.246413442145865, 28.854159256588161 ], [ 54.260868826387082, 28.87166588395695 ], [ 54.287184852729865, 28.868094500940572 ], [ 54.29595911518885, 28.865417607309041 ], [ 54.313805072732578, 28.862591997364632 ], [ 54.320943455750069, 28.861550983174538 ], [ 54.32971771820911, 28.858427940604429 ], [ 54.345481647372708, 28.850545976022602 ], [ 54.359163548156232, 28.844746039820905 ], [ 54.375373626258465, 28.835897419205423 ], [ 54.383106874527414, 28.83143592981952 ], [ 54.389204243354868, 28.840507624904262 ], [ 54.395599044808023, 28.84868702211179 ], [ 54.405563037769923, 28.860138178202362 ], [ 54.412239123360393, 28.867749937261124 ], [ 54.416700612746354, 28.872360142959906 ], [ 54.422500548948051, 28.877119064971566 ], [ 54.426218456769675, 28.879647242290275 ], [ 54.443469549061945, 28.888718937375018 ], [ 54.452392527833808, 28.893031710448099 ], [ 54.461018073979915, 28.898682930336918 ], [ 54.470238485377536, 28.906416178605866 ], [ 54.482433223032388, 28.918016051009317 ], [ 54.492099421342118, 28.910918183423007 ], [ 54.500094410321765, 28.907301402694202 ], [ 54.512657964432606, 28.904636406367672 ], [ 54.530551511196336, 28.902161766921608 ], [ 54.554346121254639, 28.899877484356011 ], [ 54.576427519388801, 28.898735343073099 ], [ 54.599079988164249, 28.897212488029481 ], [ 54.62638176908024, 28.896235835880077 ], [ 54.64251337255854, 28.896989649126738 ], [ 54.656383536296801, 28.897441937074802 ], [ 54.676585731307, 28.899401851516075 ], [ 54.691209708291922, 28.90136176595729 ], [ 54.70533488045254, 28.903595302551196 ], [ 54.718421915984607, 28.906718345121305 ], [ 54.724221852186304, 28.909990104004351 ], [ 54.727493611069349, 28.913113146574517 ], [ 54.73701145509267, 28.924266870039332 ], [ 54.743554972858703, 28.929769373615329 ], [ 54.750990788501895, 28.93482572825269 ], [ 54.761252214089552, 28.93928721763865 ], [ 54.774535134542703, 28.940033052480544 ], [ 54.788514467951984, 28.939438187229086 ], [ 54.7999656240425, 28.939438187229086 ], [ 54.800521480554437, 28.937089205556447 ], [ 54.804804510364932, 28.932948943406245 ], [ 54.810657984439274, 28.928951448916507 ], [ 54.827504568360553, 28.921384762917853 ], [ 54.841781334395534, 28.914817450541761 ], [ 54.852060605940778, 28.909249511788175 ], [ 54.861097798840945, 28.902705994022142 ], [ 54.869949393782576, 28.894425469721966 ], [ 54.878610631843912, 28.887762978905471 ], [ 54.887557405225778, 28.877483707360398 ], [ 54.895782480874061, 28.86602746787571 ], [ 54.901350419627704, 28.856747569953086 ], [ 54.907346661362453, 28.846182763087086 ], [ 54.916198256304142, 28.834047511957465 ], [ 54.925335386566474, 28.822911634450236 ], [ 54.932904055449228, 28.815364236506809 ], [ 54.945182074239312, 28.804894608081042 ], [ 54.957174557708697, 28.796043013139411 ], [ 54.971546502183969, 28.784907135632182 ], [ 54.986102455426135, 28.773925637554896 ], [ 55.004662251271611, 28.760362709821663 ], [ 55.015369825797848, 28.754414057307088 ], [ 55.042257735163673, 28.738709614668664 ], [ 55.058939046821024, 28.729439399759713 ], [ 55.062070713805554, 28.727699055440951 ], [ 55.072064450030098, 28.723297052580222 ], [ 55.086222243014674, 28.718300184467864 ], [ 55.101450793452045, 28.715563804311273 ], [ 55.114775775084638, 28.715682777361508 ], [ 55.129885352471717, 28.717943265317103 ], [ 55.147837184012701, 28.721455974670732 ], [ 55.157830920237188, 28.72307400815464 ], [ 55.174582325718234, 28.725167933839714 ], [ 55.187812128910593, 28.726214896682393 ], [ 55.202357269305139, 28.726785967323622 ], [ 55.223843802187787, 28.726357664342629 ], [ 55.243890761161879, 28.725917464056465 ], [ 55.251780152647086, 28.724521139792046 ] ] ] ] } },
{ "type": "Feature", "properties": { "Id": 0, "Base": 250000.0, "Name_sh": "لامرد", "مرکز": "لامرد", "area": 3880954628.4200001, "a4": 4, "توزیع": "1.92", "t": 1.92, "tt": 1.99 }, "geometry": { "type": "MultiPolygon", "coordinates": [ [ [ [ 53.211893385736573, 27.702871685556374 ], [ 53.202494514763714, 27.692402057130664 ], [ 53.193095643790627, 27.680980644302679 ], [ 53.187146991276052, 27.672414584681746 ], [ 53.184013843928085, 27.66538127866221 ], [ 53.184616894525448, 27.658295434143781 ], [ 53.187029096914785, 27.646234422197494 ], [ 53.190922564542007, 27.626705528991295 ], [ 53.199886793852841, 27.625861993380852 ], [ 53.207596247511788, 27.625386101179629 ], [ 53.21644784245342, 27.623672889255488 ], [ 53.218671194148897, 27.623672889255488 ], [ 53.225109080514585, 27.623672889255488 ], [ 53.235864244261052, 27.627004134663707 ], [ 53.24224119975662, 27.630335380071756 ], [ 53.255213229929495, 27.62969878099716 ], [ 53.257497512495092, 27.629793959437393 ], [ 53.261970899186167, 27.628937353475237 ], [ 53.266063572116138, 27.628746996594771 ], [ 53.271488743209488, 27.628271104393548 ], [ 53.276723557422201, 27.626177178708474 ], [ 53.288430505570886, 27.61646897780463 ], [ 53.296806208311466, 27.610092022309061 ], [ 53.300127106669379, 27.606855054030234 ], [ 53.307425196189627, 27.59885053732603 ], [ 53.318883157538608, 27.583321984445149 ], [ 53.323895944244896, 27.578161004907201 ], [ 53.335347100335582, 27.56864316088388 ], [ 53.343972646481745, 27.56418167149792 ], [ 53.357838646163145, 27.557868785273286 ], [ 53.36754684706699, 27.553585755462848 ], [ 53.383632003466346, 27.547018443086642 ], [ 53.399526802985406, 27.542164342634749 ], [ 53.410341537379281, 27.538794232696944 ], [ 53.430091063727673, 27.534392229836044 ], [ 53.44008479995216, 27.530466119176538 ], [ 53.451506212780146, 27.52308979005835 ], [ 53.461856868155394, 27.515832433990624 ], [ 53.468350994079344, 27.503051123145326 ], [ 53.468707913230332, 27.493176359971244 ], [ 53.468350994079344, 27.487703599657721 ], [ 53.465733586973045, 27.481517001042619 ], [ 53.466102824040775, 27.462349195827017 ], [ 53.464169511973523, 27.451492904987958 ], [ 53.458026230301755, 27.437295098457867 ], [ 53.457477277894498, 27.436026408450061 ], [ 53.446472270742674, 27.42174964241508 ], [ 53.433060633466368, 27.407143552487469 ], [ 53.427331652791963, 27.398851606774315 ], [ 53.411884024490462, 27.378573010491948 ], [ 53.416405000401483, 27.375717657284952 ], [ 53.433322968152993, 27.36693697893395 ], [ 53.444124549771118, 27.361731397431186 ], [ 53.445172683962085, 27.361226272519843 ], [ 53.458735611695204, 27.353231283540367 ], [ 53.462162035543656, 27.351660839276519 ], [ 53.481721205011524, 27.344665223919321 ], [ 53.498478930341037, 27.339120108955626 ], [ 53.511090073671937, 27.335669890497172 ], [ 53.540714363194525, 27.327936642228224 ], [ 53.552371342662127, 27.323659561070372 ], [ 53.569693818784629, 27.31947170969994 ], [ 53.593107715081942, 27.312238148242216 ], [ 53.613856615052725, 27.309573151915686 ], [ 53.623755172837036, 27.307288869350089 ], [ 53.632997913096744, 27.306351894713202 ], [ 53.643249773251171, 27.306954945310395 ], [ 53.659984427326606, 27.308613334453014 ], [ 53.677472894648929, 27.312382400686317 ], [ 53.684641238590984, 27.314132810253511 ], [ 53.690438482491174, 27.315548416322144 ], [ 53.701293393242963, 27.320071295802165 ], [ 53.708875993076674, 27.322438726253097 ], [ 53.725912172450933, 27.328016944278204 ], [ 53.741742250630409, 27.334198212900844 ], [ 53.753954025226221, 27.338570329731397 ], [ 53.764658173328485, 27.341284057419273 ], [ 53.77898062501481, 27.343545497159255 ], [ 53.786087721244598, 27.343563937741692 ], [ 53.792198970261268, 27.342989083997509 ], [ 53.812186442710356, 27.342893905557276 ], [ 53.827034279386567, 27.343845689959664 ], [ 53.847116930275888, 27.344036046840131 ], [ 53.868897410714965, 27.34340786913458 ], [ 53.90163879415519, 27.341694657210439 ], [ 53.919722697799614, 27.343598226015047 ], [ 53.938495312637485, 27.345983778441052 ], [ 53.956737593206299, 27.346436066389117 ], [ 53.969122308685428, 27.346641513419172 ], [ 53.968193856651226, 27.344970299757847 ], [ 53.966480644726914, 27.337736738300123 ], [ 53.967432429129303, 27.329551392439953 ], [ 53.971851754466286, 27.314720307169125 ], [ 53.980143700179269, 27.300247092833501 ], [ 53.988887933840488, 27.287733792939093 ], [ 53.993712338618934, 27.281250999018084 ], [ 53.999534361559824, 27.271728502310452 ], [ 54.004985324611255, 27.264874521548336 ], [ 54.015835666797955, 27.251359183035277 ], [ 54.024021012657897, 27.240128127087758 ], [ 54.026495652103961, 27.233275279391023 ], [ 54.026305295223494, 27.225089933530853 ], [ 54.022688514494689, 27.219188870236508 ], [ 54.019147876517934, 27.215077161618296 ], [ 54.014198597625807, 27.210889310248092 ], [ 54.002586827917355, 27.200610038702848 ], [ 53.99986623436763, 27.195650131444097 ], [ 53.979526493591891, 27.175713861966869 ], [ 53.961559088358399, 27.154837232529246 ], [ 53.955528582385227, 27.146545286816036 ], [ 53.945276722230858, 27.132976648376598 ], [ 53.938040115062961, 27.12739843035132 ], [ 53.91674778426983, 27.116027347882607 ], [ 53.90438524702472, 27.108941503364008 ], [ 53.884936865261238, 27.100046507053662 ], [ 53.86790068588698, 27.092659137236467 ], [ 53.854130269154041, 27.082795681260905 ], [ 53.837569220553462, 27.071754982193909 ], [ 53.823482811398947, 27.061666067529131 ], [ 53.813203539853703, 27.055384290473853 ], [ 53.806731405917901, 27.052338580386333 ], [ 53.802162840786764, 27.050244654701203 ], [ 53.788647502273705, 27.050244654701203 ], [ 53.779408650053199, 27.05125889995503 ], [ 53.757101203123511, 27.058099850346593 ], [ 53.731521997310836, 27.067468978057093 ], [ 53.716055500772939, 27.073863779510418 ], [ 53.70295888077203, 27.078720259423221 ], [ 53.687343667921255, 27.082735599870546 ], [ 53.670390008254685, 27.087345805569328 ], [ 53.651205603895221, 27.092699592832446 ], [ 53.631723766909943, 27.100284124788573 ], [ 53.614100203309704, 27.108144531453661 ], [ 53.596762498636849, 27.118094866309491 ], [ 53.581678429071701, 27.125656793385986 ], [ 53.569114874961031, 27.13493669130861 ], [ 53.567547008062547, 27.136263830951236 ], [ 53.560308285481199, 27.142391134045681 ], [ 53.552426320899372, 27.151016680191788 ], [ 53.54781611520059, 27.156519183767784 ], [ 53.539190569054597, 27.161129389466566 ], [ 53.53532394491998, 27.161278105779445 ], [ 53.532349618662693, 27.159047361086493 ], [ 53.521558763001224, 27.143096439936699 ], [ 53.512338351603773, 27.127629943398802 ], [ 53.509215309033607, 27.121830007197104 ], [ 53.504010238083367, 27.11127114898369 ], [ 53.500292330261743, 27.106512226972029 ], [ 53.494343677747167, 27.103389184401919 ], [ 53.490179620986964, 27.101902021273247 ], [ 53.483166968689034, 27.101612996016343 ], [ 53.459949520692305, 27.103723673106913 ], [ 53.449546897888467, 27.10477901165234 ], [ 53.435073683552844, 27.10719121404162 ], [ 53.419846655970503, 27.109904941729383 ], [ 53.412157760854882, 27.111714093521471 ], [ 53.405976492232242, 27.115181634456007 ], [ 53.399644460960531, 27.120910615130583 ], [ 53.395423106779276, 27.125131969311667 ], [ 53.390381776274921, 27.130568885208163 ], [ 53.381815716653989, 27.139610837030318 ], [ 53.376818848541689, 27.145678462595299 ], [ 53.37170300737921, 27.153530683914482 ], [ 53.36569007134608, 27.167420354474189 ], [ 53.361514117280876, 27.176069695230296 ], [ 53.35823046109283, 27.183921916549536 ], [ 53.356231713847933, 27.189347087642886 ], [ 53.356088946187526, 27.191488602548191 ], [ 53.354518501923792, 27.193344582132625 ], [ 53.35362468603671, 27.193732686399528 ], [ 53.343668159737149, 27.198055914924225 ], [ 53.324668163605509, 27.20376265556979 ], [ 53.306203546200322, 27.21118657390798 ], [ 53.291355709523884, 27.217658707843782 ], [ 53.282408936142019, 27.222417629855443 ], [ 53.271368237075023, 27.227557265628093 ], [ 53.262421463692931, 27.231174046357069 ], [ 53.249857909582317, 27.234790827085817 ], [ 53.236651900999959, 27.238574170085087 ], [ 53.217996926714136, 27.244855947140593 ], [ 53.202387662515946, 27.249234155391264 ], [ 53.182400190066915, 27.253612363641992 ], [ 53.170598063477996, 27.256087003088055 ], [ 53.162607928598902, 27.258124773493421 ], [ 53.154315982885748, 27.261893839726611 ], [ 53.1455717492247, 27.26596443125851 ], [ 53.137581328810313, 27.269431972193104 ], [ 53.129940241912664, 27.271523217028346 ], [ 53.123258877123988, 27.273351801075705 ], [ 53.118283709696072, 27.273653326374301 ], [ 53.109991763982919, 27.272447225179747 ], [ 53.096564417937884, 27.271460968756742 ], [ 53.086005559724526, 27.271758401382499 ], [ 53.077231297265541, 27.271907117695321 ], [ 53.069646765309301, 27.272501982946778 ], [ 53.059236623408935, 27.274881443952609 ], [ 53.049718779385614, 27.277855770209896 ], [ 53.039754786423543, 27.280681380154363 ], [ 53.030683091338972, 27.284696720601687 ], [ 53.020106387168028, 27.29005645651722 ], [ 53.01068372158494, 27.296195465912263 ], [ 53.003688106227685, 27.30090679870392 ], [ 53.001369887630688, 27.302759373001777 ], [ 52.989012522723215, 27.308887700967773 ], [ 52.975745409582316, 27.315973545486372 ], [ 52.966699650622445, 27.320496424966166 ], [ 52.955241689273521, 27.326526930939337 ], [ 52.940316186989776, 27.335723452548507 ], [ 52.952466994690781, 27.341984827510657 ], [ 52.96660099306547, 27.348694907547156 ], [ 52.984018647628204, 27.357260967168088 ], [ 53.000913683531508, 27.364685242449013 ], [ 53.019177432140111, 27.369676127529544 ], [ 53.027951694599096, 27.372650453786832 ], [ 53.036131091806624, 27.376517077921278 ], [ 53.037320822309539, 27.382317014122975 ], [ 53.038510552812454, 27.38558877300602 ], [ 53.041187446444042, 27.392132290772054 ], [ 53.045284878296115, 27.406141151129304 ], [ 53.053184688835358, 27.416230065794082 ], [ 53.065177172304743, 27.430792367149763 ], [ 53.067937347071563, 27.43336218503606 ], [ 53.077083995178043, 27.428930438912573 ], [ 53.079280027019024, 27.427977443962789 ], [ 53.09221736717501, 27.422363126536538 ], [ 53.098641911890752, 27.4183656320468 ], [ 53.111348233661886, 27.410656178387853 ], [ 53.115636022394483, 27.409880474100021 ], [ 53.13241122248553, 27.4065254340818 ], [ 53.1364801008055, 27.407953110685185 ], [ 53.144145106132839, 27.417136212134267 ], [ 53.156696762938509, 27.431650924269888 ], [ 53.159968521821497, 27.432959627823095 ], [ 53.161876419341695, 27.435478852657695 ], [ 53.165359950254299, 27.442274593290335 ], [ 53.172612547400092, 27.447014479613927 ], [ 53.178461262552275, 27.448570647111751 ], [ 53.185480672519645, 27.452496757771428 ], [ 53.195117489593088, 27.456898760632157 ], [ 53.200471276856376, 27.460824871291834 ], [ 53.211178851382442, 27.468611657433371 ], [ 53.225098698266663, 27.474536515337775 ], [ 53.230452485529781, 27.477249100884535 ], [ 53.231309091491767, 27.480104454091418 ], [ 53.230738020850481, 27.482245968996722 ], [ 53.226831739032491, 27.484597669624179 ], [ 53.213411578959665, 27.490879446679514 ], [ 53.203037128974188, 27.494876941169423 ], [ 53.191710894586436, 27.499159970979917 ], [ 53.187166061714436, 27.500566409145847 ], [ 53.183006826227029, 27.501853520838438 ], [ 53.171371261908632, 27.504637490215259 ], [ 53.159450162269422, 27.505922399158408 ], [ 53.154096375006304, 27.506065166818814 ], [ 53.144982318305154, 27.504655300120419 ], [ 53.131657336672561, 27.501799946913422 ], [ 53.122139492649239, 27.500967135561268 ], [ 53.119403112492478, 27.501443027762434 ], [ 53.115001109631748, 27.504536327070014 ], [ 53.108100672714784, 27.511079844836047 ], [ 53.100605370546361, 27.516790551250097 ], [ 53.095370556333648, 27.518456173954235 ], [ 53.088775163721891, 27.521807074671642 ], [ 53.071214741498864, 27.531015588764205 ], [ 53.051166119497736, 27.541936827352004 ], [ 53.040339571921265, 27.54824239901734 ], [ 53.026419725037215, 27.557760243040661 ], [ 53.019166334737633, 27.561946772488227 ], [ 53.011171345758157, 27.564992482575747 ], [ 53.007269029708482, 27.566515337619421 ], [ 52.999430182597848, 27.566058016771933 ], [ 52.978815150929279, 27.571577950157518 ], [ 52.963301065171152, 27.579192225376175 ], [ 52.944836447765965, 27.589471496921419 ], [ 52.934353479937784, 27.596099431474443 ], [ 52.932902211200599, 27.596999585501351 ], [ 52.915555737991667, 27.607758790403068 ], [ 52.90342048686199, 27.614778200370324 ], [ 52.891285235732312, 27.623225286940965 ], [ 52.883381718423266, 27.629224042517365 ], [ 52.878772064905547, 27.632722761336026 ], [ 52.868302436479951, 27.639742171303226 ], [ 52.853787724344329, 27.650211799728822 ], [ 52.843793988119955, 27.658182994098411 ], [ 52.832527901218725, 27.664550981549723 ], [ 52.81777524298252, 27.672998068120421 ], [ 52.807900479808438, 27.68108823554013 ], [ 52.796139985665661, 27.693856772038089 ], [ 52.795408309527829, 27.694651163273363 ], [ 52.781002175322442, 27.705087022580756 ], [ 52.768438621211601, 27.715651829446529 ], [ 52.760538810672358, 27.721267357420402 ], [ 52.745387989294443, 27.729944458555053 ], [ 52.724734267763893, 27.741080336062282 ], [ 52.708553932924303, 27.746981399356628 ], [ 52.695909044510074, 27.750774692829395 ], [ 52.67820585462664, 27.758198611167415 ], [ 52.665213997534806, 27.764337620562515 ], [ 52.652364908103209, 27.768620650373123 ], [ 52.649700977775353, 27.789520465278713 ], [ 52.646987250087477, 27.822989773429811 ], [ 52.64623343684076, 27.849523999711721 ], [ 52.645289837784276, 27.858557004760598 ], [ 52.64443323182212, 27.868622124815317 ], [ 52.637937303276317, 27.871120558871439 ], [ 52.616736305714312, 27.878044790398405 ], [ 52.617235992525536, 27.878615861039691 ], [ 52.619513422243415, 27.88049639666184 ], [ 52.627654605307271, 27.887883766479035 ], [ 52.631612801159804, 27.892846023756647 ], [ 52.637085561473157, 27.890704508851343 ], [ 52.653741788513969, 27.889633751398662 ], [ 52.675632829767665, 27.889514778348428 ], [ 52.689909595802646, 27.888562993946039 ], [ 52.698050326768794, 27.887213641267351 ], [ 52.718037799217825, 27.879599366048694 ], [ 52.739072234509308, 27.870367057346073 ], [ 52.754159349784459, 27.86379399965324 ], [ 52.765009691971159, 27.859368202182509 ], [ 52.779857528647426, 27.854228566409915 ], [ 52.794562597663571, 27.848803395316565 ], [ 52.809553202000245, 27.841807779959368 ], [ 52.822402291431786, 27.834812164602283 ], [ 52.838963340032365, 27.826246104981237 ], [ 52.859321251296876, 27.81529423912508 ], [ 52.874192882583486, 27.805478962476002 ], [ 52.889510662808505, 27.797894430519932 ], [ 52.907356620352232, 27.789417600686647 ], [ 52.924607712644502, 27.781386919791998 ], [ 52.942252565174158, 27.77365517370805 ], [ 52.964857444729546, 27.765327060187644 ], [ 52.985975161156318, 27.75893225873449 ], [ 52.998045442788623, 27.754024799134015 ], [ 53.007816418896482, 27.756114213142212 ], [ 53.028517729647263, 27.74968966842647 ], [ 53.053740016309007, 27.741361554906064 ], [ 53.078486410769699, 27.735174956290962 ], [ 53.085295041229983, 27.733841307025614 ], [ 53.101567182526253, 27.730653980379827 ], [ 53.123733022972431, 27.724098317844835 ], [ 53.149211910709141, 27.718369337170316 ], [ 53.170770969563364, 27.713997220339763 ], [ 53.191123927222691, 27.709022052912019 ], [ 53.211893385736573, 27.702871685556374 ] ] ] ] } },
{ "type": "Feature", "properties": { "Id": 0, "Base": 250000.0, "Name_sh": "مهر", "مرکز": "مهر", "area": 1747461523.1099997, "a4": 4, "توزیع": "1.32", "t": 1.32, "tt": 9.43 }, "geometry": { "type": "MultiPolygon", "coordinates": [ [ [ [ 52.631612801159804, 27.892846023756647 ], [ 52.627654605307271, 27.887883766479035 ], [ 52.619513422243415, 27.88049639666184 ], [ 52.617235992525536, 27.878615861039691 ], [ 52.616736305714312, 27.878044790398405 ], [ 52.637937303276317, 27.871120558871439 ], [ 52.64443323182212, 27.868622124815317 ], [ 52.645289837784276, 27.858557004760598 ], [ 52.64623343684076, 27.849523999711721 ], [ 52.646987250087477, 27.822989773429811 ], [ 52.649700977775353, 27.789520465278713 ], [ 52.652364908103209, 27.768620650373123 ], [ 52.665213997534806, 27.764337620562515 ], [ 52.67820585462664, 27.758198611167415 ], [ 52.695909044510074, 27.750774692829395 ], [ 52.708553932924303, 27.746981399356628 ], [ 52.724734267763893, 27.741080336062282 ], [ 52.745387989294443, 27.729944458555053 ], [ 52.760538810672358, 27.721267357420402 ], [ 52.768438621211601, 27.715651829446529 ], [ 52.781002175322442, 27.705087022580756 ], [ 52.795408309527829, 27.694651163273363 ], [ 52.796139985665661, 27.693856772038089 ], [ 52.807900479808438, 27.68108823554013 ], [ 52.81777524298252, 27.672998068120421 ], [ 52.832527901218725, 27.664550981549723 ], [ 52.843793988119955, 27.658182994098411 ], [ 52.853787724344329, 27.650211799728822 ], [ 52.868302436479951, 27.639742171303226 ], [ 52.878772064905547, 27.632722761336026 ], [ 52.883381718423266, 27.629224042517365 ], [ 52.891285235732312, 27.623225286940965 ], [ 52.90342048686199, 27.614778200370324 ], [ 52.915555737991667, 27.607758790403068 ], [ 52.932902211200599, 27.596999585501351 ], [ 52.934353479937784, 27.596099431474443 ], [ 52.944836447765965, 27.589471496921419 ], [ 52.963301065171152, 27.579192225376175 ], [ 52.978815150929279, 27.571577950157518 ], [ 52.999430182597848, 27.566058016771933 ], [ 53.007269029708482, 27.566515337619421 ], [ 53.011171345758157, 27.564992482575747 ], [ 53.019166334737633, 27.561946772488227 ], [ 53.026419725037215, 27.557760243040661 ], [ 53.040339571921265, 27.54824239901734 ], [ 53.051166119497736, 27.541936827352004 ], [ 53.071214741498864, 27.531015588764205 ], [ 53.088775163721891, 27.521807074671642 ], [ 53.095370556333648, 27.518456173954235 ], [ 53.100605370546361, 27.516790551250097 ], [ 53.108100672714784, 27.511079844836047 ], [ 53.115001109631748, 27.504536327070014 ], [ 53.119403112492478, 27.501443027762434 ], [ 53.122139492649239, 27.500967135561268 ], [ 53.131657336672561, 27.501799946913422 ], [ 53.144982318305154, 27.504655300120419 ], [ 53.154096375006304, 27.506065166818814 ], [ 53.159450162269422, 27.505922399158408 ], [ 53.171371261908632, 27.504637490215259 ], [ 53.183006826227029, 27.501853520838438 ], [ 53.187166061714436, 27.500566409145847 ], [ 53.191710894586436, 27.499159970979917 ], [ 53.203037128974188, 27.494876941169423 ], [ 53.213411578959665, 27.490879446679514 ], [ 53.226831739032491, 27.484597669624179 ], [ 53.230738020850481, 27.482245968996722 ], [ 53.231309091491767, 27.480104454091418 ], [ 53.230452485529781, 27.477249100884535 ], [ 53.225098698266663, 27.474536515337775 ], [ 53.211178851382442, 27.468611657433371 ], [ 53.200471276856376, 27.460824871291834 ], [ 53.195117489593088, 27.456898760632157 ], [ 53.185480672519645, 27.452496757771428 ], [ 53.178461262552275, 27.448570647111751 ], [ 53.172612547400092, 27.447014479613927 ], [ 53.165359950254299, 27.442274593290335 ], [ 53.161876419341695, 27.435478852657695 ], [ 53.159968521821497, 27.432959627823095 ], [ 53.156696762938509, 27.431650924269888 ], [ 53.144145106132839, 27.417136212134267 ], [ 53.1364801008055, 27.407953110685185 ], [ 53.13241122248553, 27.4065254340818 ], [ 53.115636022394483, 27.409880474100021 ], [ 53.111348233661886, 27.410656178387853 ], [ 53.098641911890752, 27.4183656320468 ], [ 53.09221736717501, 27.422363126536538 ], [ 53.079280027019024, 27.427977443962789 ], [ 53.077083995178043, 27.428930438912573 ], [ 53.067937347071563, 27.43336218503606 ], [ 53.065177172304743, 27.430792367149763 ], [ 53.053184688835358, 27.416230065794082 ], [ 53.045284878296115, 27.406141151129304 ], [ 53.041187446444042, 27.392132290772054 ], [ 53.038510552812454, 27.38558877300602 ], [ 53.037320822309539, 27.382317014122975 ], [ 53.036131091806624, 27.376517077921278 ], [ 53.027951694599096, 27.372650453786832 ], [ 53.019177432140111, 27.369676127529544 ], [ 53.000913683531508, 27.364685242449013 ], [ 52.984018647628204, 27.357260967168088 ], [ 52.96660099306547, 27.348694907547156 ], [ 52.952466994690781, 27.341984827510657 ], [ 52.940316186989776, 27.335723452548507 ], [ 52.930818140082067, 27.342658534417637 ], [ 52.917614035068596, 27.353806442479708 ], [ 52.910829715848763, 27.360741524348839 ], [ 52.899371754499612, 27.377325415775204 ], [ 52.890024470241201, 27.390894054214868 ], [ 52.885434727907125, 27.400265068188901 ], [ 52.883055266901295, 27.403685543384768 ], [ 52.871306678184965, 27.413798252659547 ], [ 52.862234983100279, 27.420787919364159 ], [ 52.85494788376991, 27.426141706627277 ], [ 52.84212678518054, 27.435420750196897 ], [ 52.839423851864979, 27.437376950426085 ], [ 52.823744536334743, 27.449437962372429 ], [ 52.810929711141739, 27.45712685748822 ], [ 52.799622512441942, 27.464664989954713 ], [ 52.78665692459964, 27.474464562161188 ], [ 52.779118792133147, 27.482756507874171 ], [ 52.770896326681338, 27.492943646689355 ], [ 52.765327364672089, 27.497555443353235 ], [ 52.761247517124275, 27.500934067103742 ], [ 52.743909812451477, 27.511185927258168 ], [ 52.720089313857386, 27.522945413905916 ], [ 52.705182244464993, 27.531153697770037 ], [ 52.693189760995608, 27.536864404183973 ], [ 52.684419397267732, 27.541203426238837 ], [ 52.675105857351355, 27.545811177566009 ], [ 52.648646250966522, 27.559516872959534 ], [ 52.639699477584657, 27.563704724329739 ], [ 52.622757715223088, 27.567131148178248 ], [ 52.615524153765364, 27.571509356428919 ], [ 52.607529164785717, 27.577029705962502 ], [ 52.600930278777241, 27.581885490006528 ], [ 52.59744025012094, 27.584453624300579 ], [ 52.582395584430287, 27.601122110324525 ], [ 52.572294486925216, 27.613183122270868 ], [ 52.56656550625064, 27.619364390893338 ], [ 52.559931949680276, 27.630370064294368 ], [ 52.553901443707105, 27.641978788292818 ], [ 52.549247598693398, 27.649718699052585 ], [ 52.547879163391258, 27.652597131929554 ], [ 52.543727249159815, 27.661330468761037 ], [ 52.538587613387165, 27.669706171501616 ], [ 52.53439976201696, 27.681508298090534 ], [ 52.530592624407689, 27.690645428352923 ], [ 52.527737271200692, 27.699592201734788 ], [ 52.52490571260364, 27.70640935751652 ], [ 52.518957060089065, 27.716165147640368 ], [ 52.513960191976935, 27.72711066826713 ], [ 52.511580730971104, 27.733297266882403 ], [ 52.508963323864748, 27.744480733609805 ], [ 52.505632078456529, 27.764944098259889 ], [ 52.503490563551168, 27.778507025993179 ], [ 52.500143455069804, 27.788016938479814 ], [ 52.495955603699372, 27.796773354981212 ], [ 52.49252917985109, 27.801912990753806 ], [ 52.488912399122171, 27.807623697167912 ], [ 52.484914904632433, 27.813905474223247 ], [ 52.480536696381705, 27.819235466876307 ], [ 52.475206703728588, 27.824946173290186 ], [ 52.467782785390398, 27.83294116226989 ], [ 52.46340457713967, 27.837319370520561 ], [ 52.460901384161616, 27.842601773953618 ], [ 52.457094246552231, 27.848312480367497 ], [ 52.455571391508556, 27.852309974857235 ], [ 52.453096752062493, 27.86163746200026 ], [ 52.44986068509445, 27.874010659230464 ], [ 52.445910779824942, 27.883447791936476 ], [ 52.439427985903706, 27.895358041233521 ], [ 52.43053298959336, 27.910434306166508 ], [ 52.421034942685594, 27.924605995203365 ], [ 52.414702911413656, 27.932897940916575 ], [ 52.404764569041504, 27.946143638908495 ], [ 52.394949292392482, 27.960569121256356 ], [ 52.392212912235664, 27.966470184550701 ], [ 52.391320614358506, 27.969741943433746 ], [ 52.391228529217585, 27.98036169800298 ], [ 52.391530054516181, 27.985035340132129 ], [ 52.389268614776313, 27.990312032858753 ], [ 52.384914947856885, 28.00017582100719 ], [ 52.38132070311417, 28.004856914040886 ], [ 52.375609996700291, 28.011995297058377 ], [ 52.367995721481634, 28.017706003472483 ], [ 52.361571176765835, 28.021275194981229 ], [ 52.360281649514434, 28.021643631338748 ], [ 52.368406790227255, 28.023955141989347 ], [ 52.379447489294193, 28.026810495196401 ], [ 52.389536403958971, 28.029285134642464 ], [ 52.396008537894772, 28.032045309409227 ], [ 52.399244604862758, 28.033948878213891 ], [ 52.405907095679083, 28.029951383724153 ], [ 52.419374844972083, 28.021825524389214 ], [ 52.429654116517327, 28.014116070730267 ], [ 52.436887677975051, 28.008690899636917 ], [ 52.443227715772593, 28.003580033711103 ], [ 52.447867611147728, 28.000184519215736 ], [ 52.456120888287273, 27.992186327559921 ], [ 52.46411587726675, 27.986475621145871 ], [ 52.488671914846975, 27.972579568871822 ], [ 52.493425079139342, 27.969433108002363 ], [ 52.502187253360034, 27.963632795489957 ], [ 52.513037595546734, 27.957541375315088 ], [ 52.528075789103468, 27.951640312020572 ], [ 52.533661177237832, 27.949024887798316 ], [ 52.556117340480398, 27.935342987014792 ], [ 52.572327418582574, 27.92656872455575 ], [ 52.586604184617556, 27.918538043661101 ], [ 52.600137369088259, 27.910656079079274 ], [ 52.616347447190435, 27.901881816620289 ], [ 52.624972993336598, 27.896528029357171 ], [ 52.631612801159804, 27.892846023756647 ] ] ] ] } },
{ "type": "Feature", "properties": { "Id": 0, "Base": 250000.0, "Name_sh": "گراش", "مرکز": "گراش", "area": 1860364746.98, "a4": 5, "توزیع": "1.14", "t": 1.14, "tt": 0.84 }, "geometry": { "type": "MultiPolygon", "coordinates": [ [ [ [ 53.588416945827703, 27.776814372218155 ], [ 53.59718929520011, 27.775073920224429 ], [ 53.603613839915852, 27.771623701765918 ], [ 53.617414713749667, 27.76864937550863 ], [ 53.629312018778819, 27.765080183999885 ], [ 53.643826730914327, 27.759131531485309 ], [ 53.658341443049949, 27.755562339976564 ], [ 53.675539466151236, 27.750955919783905 ], [ 53.684105525772338, 27.749052350979298 ], [ 53.688483734023066, 27.748576458778075 ], [ 53.691719800990882, 27.748766815658541 ], [ 53.700666574372917, 27.751907704186294 ], [ 53.705420526457885, 27.753083412766614 ], [ 53.709518169314549, 27.754096808311658 ], [ 53.716846909212506, 27.75514377115411 ], [ 53.720844403702245, 27.756285912437022 ], [ 53.729294194205977, 27.758529960480075 ], [ 53.742916608464327, 27.761504286737363 ], [ 53.753029317739106, 27.764062207318659 ], [ 53.763786224020009, 27.76917660638361 ], [ 53.776159421250384, 27.773174100873348 ], [ 53.783107447387351, 27.775648740319411 ], [ 53.786724228116327, 27.776029454080401 ], [ 53.789262864604552, 27.775808703081395 ], [ 53.791102436366998, 27.775648740319411 ], [ 53.797574570302857, 27.77184160271014 ], [ 53.805855094603203, 27.767177859138712 ], [ 53.815087403305824, 27.762133401806352 ], [ 53.829821025853789, 27.753664106932945 ], [ 53.848856713900432, 27.744431798230323 ], [ 53.863799729017046, 27.73862591337604 ], [ 53.875904786228773, 27.733795938015021 ], [ 53.885517808692327, 27.732748975172399 ], [ 53.895797080237401, 27.73179719077001 ], [ 53.908170277467775, 27.729512908204413 ], [ 53.924160255427068, 27.727609339399748 ], [ 53.942727982809174, 27.723449248407917 ], [ 53.959384209849986, 27.720022824559635 ], [ 53.978610254777152, 27.717928898874504 ], [ 53.997587460912712, 27.718035117288309 ], [ 54.004062619297656, 27.713646739009391 ], [ 54.009130871240075, 27.712647365386943 ], [ 54.015269880635117, 27.712433213896475 ], [ 54.022774601503329, 27.712985248849691 ], [ 54.029437092319597, 27.714531898503537 ], [ 54.035266771783938, 27.716078548157384 ], [ 54.037408286689072, 27.716673413408841 ], [ 54.043594885304344, 27.722622065923417 ], [ 54.045046356517958, 27.723478671885402 ], [ 54.047116487592859, 27.723621439545866 ], [ 54.052827194006966, 27.722193762942254 ], [ 54.067603646853172, 27.71869595526374 ], [ 54.091389315906554, 27.715119870528554 ], [ 54.100240910848186, 27.71269282030255 ], [ 54.104523940658623, 27.712407284981964 ], [ 54.106522687903521, 27.712407284981964 ], [ 54.109663576431274, 27.714025318465872 ], [ 54.106713044783987, 27.71802281295561 ], [ 54.105380546620779, 27.720592630841963 ], [ 54.105380546620779, 27.721925129005285 ], [ 54.10480947597938, 27.727064764777765 ], [ 54.10608391168887, 27.734812488101284 ], [ 54.109653103197616, 27.73980935621347 ], [ 54.112579840234844, 27.741808103458311 ], [ 54.118790233459947, 27.742664709420467 ], [ 54.133566686306153, 27.742736093250699 ], [ 54.142275513587549, 27.742593325590235 ], [ 54.145130866794545, 27.755371031191601 ], [ 54.152550675154657, 27.771333969821171 ], [ 54.164010916460086, 27.771064976561547 ], [ 54.17662205979093, 27.770529597835264 ], [ 54.189929195466107, 27.769216049735633 ], [ 54.198590433527272, 27.768073908452777 ], [ 54.211629879839279, 27.766741410289569 ], [ 54.217911656894614, 27.766931767170092 ], [ 54.229428248162833, 27.767122124050388 ], [ 54.244155669691338, 27.767207171755274 ], [ 54.247439325879384, 27.767207171755274 ], [ 54.245797497785418, 27.760354324058312 ], [ 54.242156922446497, 27.748004921438167 ], [ 54.237022590708762, 27.735492811274185 ], [ 54.23174589798225, 27.719059682497345 ], [ 54.230555786765592, 27.71222739334371 ], [ 54.224559545030957, 27.698236162629428 ], [ 54.218135000315158, 27.682388952330598 ], [ 54.212029128188192, 27.666141586949493 ], [ 54.207317795396705, 27.651150982612819 ], [ 54.205533199642332, 27.648367013235998 ], [ 54.200393563869739, 27.631734580805187 ], [ 54.196560504556373, 27.618955072581969 ], [ 54.190611852041798, 27.603934724982707 ], [ 54.184675096832223, 27.588069668726234 ], [ 54.171611855910214, 27.590710870442763 ], [ 54.157570656514849, 27.593509116585665 ], [ 54.141509294725495, 27.596578621283015 ], [ 54.124805478464452, 27.601432721734909 ], [ 54.104827523859512, 27.606704790135211 ], [ 54.085601478932404, 27.611273355266405 ], [ 54.064693767965764, 27.615169857860224 ], [ 54.047085756522563, 27.620047752922176 ], [ 54.037924831650173, 27.624806674933836 ], [ 54.02805006847592, 27.627186135939667 ], [ 54.011393841435108, 27.628137920341885 ], [ 53.997981380802116, 27.62773310183087 ], [ 53.987418053028023, 27.627445081809924 ], [ 53.983135023217415, 27.620877769433832 ], [ 53.98132663285304, 27.617832059346313 ], [ 53.978376101205754, 27.616594739623224 ], [ 53.973293139868076, 27.615658674084557 ], [ 53.958873606172801, 27.611090108953363 ], [ 53.947452193344645, 27.606807079142868 ], [ 53.934603103913275, 27.604808331898028 ], [ 53.911189207615962, 27.60252404933243 ], [ 53.89691244158098, 27.601381908049575 ], [ 53.886248227624094, 27.600785908648447 ], [ 53.862751050191491, 27.600934624961269 ], [ 53.840889752200439, 27.598703880268317 ], [ 53.82810014929413, 27.598257731329738 ], [ 53.817095142142136, 27.598703880268317 ], [ 53.808227134327467, 27.586317167879713 ], [ 53.800589064498809, 27.571326563543039 ], [ 53.796520186178668, 27.564973402657472 ], [ 53.790583430969264, 27.557002208288054 ], [ 53.781803219857636, 27.559143723193188 ], [ 53.767169534671893, 27.561285238098492 ], [ 53.755748121843794, 27.563498136833857 ], [ 53.746646088631337, 27.564091433804151 ], [ 53.738151412840466, 27.565447726577531 ], [ 53.731227181313443, 27.566090181049049 ], [ 53.723731879145191, 27.568160312124121 ], [ 53.717378718259624, 27.570730130010418 ], [ 53.715379971014613, 27.570730130010418 ], [ 53.712845566237888, 27.57009584742525 ], [ 53.706183075421563, 27.565098979312893 ], [ 53.693809878191246, 27.553320647334147 ], [ 53.678224408603057, 27.540352584852371 ], [ 53.671881659373582, 27.53293236030288 ], [ 53.671810275543578, 27.531361916038975 ], [ 53.67388040661848, 27.528934865813142 ], [ 53.679020042391073, 27.526079512606088 ], [ 53.68872932486812, 27.521026928452898 ], [ 53.694630388162693, 27.517410147724149 ], [ 53.699103774853597, 27.515221043598785 ], [ 53.711572150524034, 27.507987482141061 ], [ 53.720090620924907, 27.491759558081242 ], [ 53.727353168544028, 27.478027688616578 ], [ 53.734634319221811, 27.464750296204045 ], [ 53.745484661408454, 27.444048985453321 ], [ 53.74634126737061, 27.440622561604982 ], [ 53.746570676253441, 27.437128762957627 ], [ 53.735292031085805, 27.43998411616468 ], [ 53.725441062521725, 27.443553307673426 ], [ 53.720729729730067, 27.444552681295818 ], [ 53.702741004526104, 27.449549549408175 ], [ 53.690891288716955, 27.451691064313309 ], [ 53.674473007776839, 27.457972841368814 ], [ 53.65992224320172, 27.46302045328963 ], [ 53.6549260030651, 27.46435965167683 ], [ 53.650689934499155, 27.465495092735694 ], [ 53.638507094149247, 27.471396156030096 ], [ 53.626704967560329, 27.477011684003912 ], [ 53.619114341299849, 27.480174913016867 ], [ 53.605075521365507, 27.483149239274155 ], [ 53.592345404984258, 27.485052808078933 ], [ 53.579139396401899, 27.488740972637913 ], [ 53.561531384958869, 27.493142975498642 ], [ 53.553322244488697, 27.495998328705696 ], [ 53.547373591974122, 27.500638277667065 ], [ 53.534762448643278, 27.505682734999482 ], [ 53.522127510702205, 27.511393441413361 ], [ 53.508850118289672, 27.518674592091315 ], [ 53.500146698874289, 27.525098415758237 ], [ 53.488546826470838, 27.533783448429631 ], [ 53.478255657620593, 27.540564912296134 ], [ 53.473727921877128, 27.545287781868353 ], [ 53.469186521904589, 27.548837381846965 ], [ 53.463377266501823, 27.553377949288119 ], [ 53.45552504518264, 27.556352275545407 ], [ 53.45005228486923, 27.559564547903335 ], [ 53.442913901851739, 27.563371685512607 ], [ 53.430540704621421, 27.571461852932487 ], [ 53.418367147774745, 27.575829335582341 ], [ 53.404375917060463, 27.579898213902311 ], [ 53.394239413175512, 27.584466779033505 ], [ 53.388434357527444, 27.586913045209769 ], [ 53.374538305253395, 27.593480357585861 ], [ 53.369779383241735, 27.594622498868716 ], [ 53.364259033708151, 27.595764640151458 ], [ 53.357311007571127, 27.599286242440144 ], [ 53.34217763557416, 27.603474093810348 ], [ 53.331107688965574, 27.60742612467169 ], [ 53.323683770627326, 27.610067326388219 ], [ 53.319043821665957, 27.610709780859736 ], [ 53.31133436800701, 27.610709780859736 ], [ 53.305909196913831, 27.608996568935538 ], [ 53.300127106669379, 27.606855054030234 ], [ 53.296806208311466, 27.610092022309061 ], [ 53.288430505570886, 27.61646897780463 ], [ 53.276723557422201, 27.626177178708474 ], [ 53.271488743209488, 27.628271104393548 ], [ 53.266063572116138, 27.628746996594771 ], [ 53.261970899186167, 27.628937353475237 ], [ 53.257497512495092, 27.629793959437393 ], [ 53.255213229929495, 27.62969878099716 ], [ 53.24224119975662, 27.630335380071756 ], [ 53.235864244261052, 27.627004134663707 ], [ 53.225109080514585, 27.623672889255488 ], [ 53.218671194148897, 27.623672889255488 ], [ 53.21644784245342, 27.623672889255488 ], [ 53.207596247511788, 27.625386101179629 ], [ 53.199886793852841, 27.625861993380852 ], [ 53.190922564542007, 27.626705528991295 ], [ 53.187029096914785, 27.646234422197494 ], [ 53.184616894525448, 27.658295434143781 ], [ 53.184013843928085, 27.66538127866221 ], [ 53.187146991276052, 27.672414584681746 ], [ 53.193095643790627, 27.680980644302679 ], [ 53.202494514763714, 27.692402057130664 ], [ 53.211893385736573, 27.702871685556374 ], [ 53.225103321745507, 27.698281831924646 ], [ 53.24205698141202, 27.690548583655698 ], [ 53.250087662306726, 27.686384526895495 ], [ 53.259456790017168, 27.682071753822413 ], [ 53.270907946107741, 27.675082087117801 ], [ 53.277451463873774, 27.671364179296177 ], [ 53.284589846891265, 27.669877016167675 ], [ 53.28890261996429, 27.669877016167675 ], [ 53.294256407227408, 27.671364179296177 ], [ 53.300056343429162, 27.674487221866343 ], [ 53.306302428569438, 27.680882023319498 ], [ 53.31576968651359, 27.690119897617535 ], [ 53.322075258178984, 27.695235738780127 ], [ 53.334210509308775, 27.703801798401059 ], [ 53.339683269622185, 27.709512504815109 ], [ 53.348963167544809, 27.718197537486276 ], [ 53.356765911457671, 27.723231202160378 ], [ 53.359740237714959, 27.724064013512532 ], [ 53.363309429223705, 27.724896824864459 ], [ 53.367473485983908, 27.724064013512532 ], [ 53.381631278968598, 27.719305091500871 ], [ 53.387936850633992, 27.717401522696207 ], [ 53.398882371260868, 27.715260007790903 ], [ 53.412683245094684, 27.712523627634141 ], [ 53.423269358952211, 27.709244189581455 ], [ 53.434690771780311, 27.708387583619469 ], [ 53.444827275665091, 27.709244189581455 ], [ 53.447682628872144, 27.709244189581455 ], [ 53.455249314870628, 27.71038633086431 ], [ 53.463958142151967, 27.709672492562618 ], [ 53.470044332319674, 27.709675198899106 ], [ 53.47289968552667, 27.715100369992285 ], [ 53.476611644695708, 27.723856786493855 ], [ 53.480073039410399, 27.736773203855989 ], [ 53.482428705806171, 27.752691797984937 ], [ 53.482700360937656, 27.756796758788198 ], [ 53.481938933415904, 27.758034078511116 ], [ 53.479083580208851, 27.759271398234262 ], [ 53.468233238022208, 27.761841216120558 ], [ 53.467471810500456, 27.763078535843533 ], [ 53.467471810500456, 27.764982104648141 ], [ 53.469185022424597, 27.773928878030006 ], [ 53.471564483430427, 27.780115476645278 ], [ 53.473658409115558, 27.784969577097172 ], [ 53.479083580208851, 27.792393495435419 ], [ 53.489111061516724, 27.802517597280996 ], [ 53.496356466554289, 27.808970701710848 ], [ 53.508264745532472, 27.804188636924152 ], [ 53.519978783994191, 27.798272912304299 ], [ 53.536991930185934, 27.79256220589042 ], [ 53.546628747259547, 27.789111987431966 ], [ 53.560072701942374, 27.784947930671763 ], [ 53.577918659486102, 27.779475170358353 ], [ 53.588416945827703, 27.776814372218155 ] ] ] ] } },
{ "type": "Feature", "properties": { "Id": 0, "Base": 250000.0, "Name_sh": "رستم", "مرکز": "مصیری", "area": 1059495400.24, "a4": 1, "توزیع": "0.86", "t": 0.86, "tt": 0.74 }, "geometry": { "type": "MultiPolygon", "coordinates": [ [ [ [ 51.396472831588881, 30.468868966984701 ], [ 51.404658177449051, 30.467536468821493 ], [ 51.416841017798902, 30.46982075138709 ], [ 51.430165999431495, 30.471343606430764 ], [ 51.441206698498661, 30.472105033952687 ], [ 51.450534185641459, 30.471153249550298 ], [ 51.456368624027789, 30.469499524151331 ], [ 51.460532680787992, 30.468755942587052 ], [ 51.462912141793822, 30.464145736888213 ], [ 51.465672316560585, 30.461847574133401 ], [ 51.469021436772493, 30.459838102006358 ], [ 51.46995534637108, 30.459277756247047 ], [ 51.477188907828804, 30.458516328725125 ], [ 51.481376759199009, 30.456707938360751 ], [ 51.496700488076613, 30.450235804424949 ], [ 51.513356715117425, 30.442716707646525 ], [ 51.52387988141578, 30.438334930204292 ], [ 51.525752432251579, 30.437948530825452 ], [ 51.52710726330946, 30.429871413608282 ], [ 51.530379022192449, 30.420651002210491 ], [ 51.533353348449737, 30.41321518656747 ], [ 51.536625107332782, 30.405039826482039 ], [ 51.540491731467228, 30.397752727151669 ], [ 51.544209639288852, 30.383029812178108 ], [ 51.548224979736176, 30.372619670277572 ], [ 51.554471064876509, 30.361019797874178 ], [ 51.557939093240009, 30.353976226763621 ], [ 51.559747483604554, 30.348741412550964 ], [ 51.562888372132136, 30.343411419897848 ], [ 51.56707622350234, 30.337986248804498 ], [ 51.569265327627875, 30.333893575874527 ], [ 51.570874588351501, 30.325789047566332 ], [ 51.570208339269811, 30.313415850335957 ], [ 51.570113160829578, 30.307990679242607 ], [ 51.570113160829578, 30.302851043470184 ], [ 51.571350480552667, 30.298377656779053 ], [ 51.572778157156108, 30.296664444854912 ], [ 51.574396190640016, 30.294475340729548 ], [ 51.576730803564885, 30.287638178439749 ], [ 51.579871692092638, 30.277501674554912 ], [ 51.579300621451182, 30.272076503461562 ], [ 51.577159106546048, 30.267079635349432 ], [ 51.577730177187334, 30.261368928935326 ], [ 51.582013206997942, 30.256657596143896 ], [ 51.587438378091122, 30.252231798672995 ], [ 51.59143587258103, 30.247234930560637 ], [ 51.594063524588819, 30.242202821188982 ], [ 51.595491201192431, 30.23363676156788 ], [ 51.595491201192431, 30.22685529770132 ], [ 51.594896335940973, 30.220668699086048 ], [ 51.592873794085904, 30.214957992672169 ], [ 51.588114872074243, 30.209128313207827 ], [ 51.580975272286992, 30.20219146332704 ], [ 51.580047282494775, 30.200763786723599 ], [ 51.578976525042094, 30.197622898195846 ], [ 51.576478090986029, 30.193768171366401 ], [ 51.574479343741132, 30.190698666668823 ], [ 51.563812814917185, 30.179881042071145 ], [ 51.562841994826954, 30.179481292622143 ], [ 51.559244249786047, 30.179195757301443 ], [ 51.556274682450692, 30.178396258403609 ], [ 51.551219755489967, 30.178857873838695 ], [ 51.544224140132769, 30.180000015121436 ], [ 51.536586070304054, 30.18078523725336 ], [ 51.534301787738457, 30.181284924064585 ], [ 51.53173196985216, 30.182783984498201 ], [ 51.530375677078951, 30.183069519818957 ], [ 51.527734475362422, 30.183497822800121 ], [ 51.524950505985601, 30.184140277271581 ], [ 51.521762028237788, 30.185686926925484 ], [ 51.517835917578111, 30.18925611843423 ], [ 51.514623645220297, 30.193063256043445 ], [ 51.509864723208636, 30.198654989407089 ], [ 51.506793695656029, 30.202864503390344 ], [ 51.504295261599964, 30.208575209804394 ], [ 51.503153120317052, 30.211216411520752 ], [ 51.500012231789469, 30.215356673670954 ], [ 51.495086747507344, 30.220282157953079 ], [ 51.485093011282856, 30.228602339936799 ], [ 51.479560764444273, 30.234669965501666 ], [ 51.476526951661924, 30.237227886082962 ], [ 51.473255192778936, 30.23812018396012 ], [ 51.466473728912206, 30.238358130060647 ], [ 51.460227643771873, 30.237227886082962 ], [ 51.451625892235938, 30.234110792165211 ], [ 51.446057953482125, 30.231897893429846 ], [ 51.436920823219793, 30.229756378524542 ], [ 51.428711682749622, 30.230470216826234 ], [ 51.420675449779367, 30.232955960423681 ], [ 51.416487598409162, 30.234288458587059 ], [ 51.412870817680187, 30.235049886108982 ], [ 51.408397430989226, 30.235145064549215 ], [ 51.405161364021239, 30.234098101706593 ], [ 51.399549988207127, 30.231989137827838 ], [ 51.391935712988413, 30.228241486743798 ], [ 51.389080359781417, 30.228419946319093 ], [ 51.386581925725295, 30.229728649872243 ], [ 51.385169120753119, 30.232598874710504 ], [ 51.384098363300438, 30.235573200967963 ], [ 51.382670686696827, 30.237595742822862 ], [ 51.379458414339013, 30.239142392476708 ], [ 51.377554845534405, 30.241878772633299 ], [ 51.375413330629101, 30.242592610935048 ], [ 51.373152842673505, 30.242592610935048 ], [ 51.370059543365983, 30.24092698823091 ], [ 51.364467810002338, 30.237714715873096 ], [ 51.361612456795285, 30.235692174018254 ], [ 51.354949965979017, 30.235097308766797 ], [ 51.349513738804262, 30.236512427103776 ], [ 51.345325887434058, 30.238035282147621 ], [ 51.338187504416567, 30.243555631681033 ], [ 51.325528771865493, 30.252883118823888 ], [ 51.315059143439953, 30.25935525275986 ], [ 51.310109864547826, 30.260792447207393 ], [ 51.301886447311574, 30.261591946105227 ], [ 51.298517130527443, 30.261363517848679 ], [ 51.288432181630981, 30.259013403528627 ], [ 51.284208638345604, 30.258240078701704 ], [ 51.28135328513855, 30.258656484377866 ], [ 51.280639446836858, 30.261035945383696 ], [ 51.281472258189012, 30.266806138322806 ], [ 51.281769690814713, 30.270315843306321 ], [ 51.280877392937555, 30.271208141183479 ], [ 51.278914337607659, 30.270137383730855 ], [ 51.275523605674437, 30.269661491529632 ], [ 51.271597495014703, 30.268828680177648 ], [ 51.265529869449892, 30.271148654658475 ], [ 51.263804760220751, 30.274004007865301 ], [ 51.262358625703541, 30.278567549985326 ], [ 51.267182970389911, 30.280659522459871 ], [ 51.271085286439586, 30.285228087591065 ], [ 51.272037070841861, 30.290367723363659 ], [ 51.268705825433756, 30.29722057106045 ], [ 51.265013526861651, 30.302170090302184 ], [ 51.260064247969524, 30.305691692590926 ], [ 51.254353541555645, 30.308261510477223 ], [ 51.247976586059849, 30.31016507928183 ], [ 51.243598377809178, 30.312449361847428 ], [ 51.240552667721659, 30.314924001293491 ], [ 51.237697314514833, 30.319873280185675 ], [ 51.235793745709998, 30.32644059256171 ], [ 51.235793745709998, 30.330438087051448 ], [ 51.237974918298676, 30.339556770482375 ], [ 51.240639914625206, 30.347361402581555 ], [ 51.242638661870274, 30.35116854019077 ], [ 51.2452084797564, 30.353738358077123 ], [ 51.249586688007298, 30.355641926881731 ], [ 51.256154000383333, 30.35868763696925 ], [ 51.259961137992605, 30.360496027333625 ], [ 51.264613705307852, 30.366089262882326 ], [ 51.26758803156514, 30.369182562189849 ], [ 51.269015708168524, 30.371680996245914 ], [ 51.271038250023423, 30.372751753698594 ], [ 51.274369495431642, 30.373584565050749 ], [ 51.281269932348664, 30.373703538100983 ], [ 51.286980638762543, 30.373703538100983 ], [ 51.291739560774204, 30.374655322503202 ], [ 51.294475940930965, 30.376439918257574 ], [ 51.296736428886561, 30.380247055867017 ], [ 51.296736428886561, 30.384649058727746 ], [ 51.29328621042805, 30.391311549544014 ], [ 51.283903418843124, 30.399230377745198 ], [ 51.275908429863478, 30.403513407555863 ], [ 51.268056208544238, 30.407510902045601 ], [ 51.263202108092344, 30.411936699516502 ], [ 51.257205866357594, 30.419503385514986 ], [ 51.25021025100051, 30.430496495361922 ], [ 51.243555691720928, 30.438173231432017 ], [ 51.235078861887644, 30.446203912326723 ], [ 51.225263585238565, 30.455573040036995 ], [ 51.214556010712329, 30.466280614563232 ], [ 51.203253570934635, 30.476244607525302 ], [ 51.197014816456999, 30.484658443231524 ], [ 51.193891773886833, 30.4906070957461 ], [ 51.190620015003844, 30.500868521333757 ], [ 51.188389270310893, 30.508601769602706 ], [ 51.185563660366427, 30.518565762564606 ], [ 51.183481631986353, 30.52466313139206 ], [ 51.180061156790487, 30.530760500219515 ], [ 51.17217919220866, 30.541319358432872 ], [ 51.164120750935467, 30.55106840675046 ], [ 51.15876696367252, 30.555678612449242 ], [ 51.151331148029101, 30.559693952896623 ], [ 51.14657222601744, 30.564006725969648 ], [ 51.144044048698731, 30.568022066417029 ], [ 51.142556885570286, 30.573524569992969 ], [ 51.142556885570286, 30.579621938820424 ], [ 51.141367155067371, 30.586909038150793 ], [ 51.139879991938528, 30.592114109101033 ], [ 51.138608362310663, 30.595998466529295 ], [ 51.137608988688214, 30.59985319335857 ], [ 51.13818005932967, 30.60228024358463 ], [ 51.140178806574511, 30.605135596791627 ], [ 51.142605856800571, 30.60727711169676 ], [ 51.145603977667861, 30.607848182338216 ], [ 51.150743613440511, 30.60799094999868 ], [ 51.155883249213105, 30.609561394262357 ], [ 51.160594582004535, 30.613273353431566 ], [ 51.163164399890888, 30.617413615581768 ], [ 51.163307167551125, 30.630262705013138 ], [ 51.163064462528666, 30.640116846192086 ], [ 51.166681243257415, 30.646017909486432 ], [ 51.171630522149599, 30.650396117737159 ], [ 51.176579801041726, 30.652870757183223 ], [ 51.186097645065047, 30.653632184705145 ], [ 51.192950492761838, 30.653632184705145 ], [ 51.199232269817117, 30.655916467270742 ], [ 51.205133333111689, 30.657248965433951 ], [ 51.212703203742478, 30.655908640886935 ], [ 51.217579115920103, 30.654344145275672 ], [ 51.22500303425835, 30.648918974182322 ], [ 51.232426952596541, 30.640733628322323 ], [ 51.235853376444993, 30.638163810436026 ], [ 51.238591342909046, 30.633687251130368 ], [ 51.241684642216626, 30.6270247603141 ], [ 51.248109186932368, 30.618577673743289 ], [ 51.253344001145251, 30.612985940379644 ], [ 51.261176754147016, 30.607774860689574 ], [ 51.267720271913049, 30.605097967057816 ], [ 51.277535548562071, 30.602867222365035 ], [ 51.287796974149899, 30.600041612420625 ], [ 51.298653264988843, 30.592754513090256 ], [ 51.306535229570613, 30.587698158452895 ], [ 51.313078747336647, 30.584872548508258 ], [ 51.321704293482981, 30.578923895993682 ], [ 51.338509236836501, 30.570893215099204 ], [ 51.353606333950609, 30.564625847843274 ], [ 51.359335314625184, 30.56040449366202 ], [ 51.360993703767804, 30.552564835896931 ], [ 51.35888302667712, 30.540503823950587 ], [ 51.35465348714996, 30.524407379388094 ], [ 51.354502724500662, 30.516416958973707 ], [ 51.35766874013666, 30.505260522923379 ], [ 51.366015730714309, 30.494376788967145 ], [ 51.37382036281349, 30.484097517422072 ], [ 51.379531069227539, 30.476863955964347 ], [ 51.384480348119496, 30.473056818354905 ], [ 51.396472831588881, 30.468868966984701 ] ] ] ] } },
{ "type": "Feature", "properties": { "Id": 0, "Base": 250000.0, "Name_sh": "ممسنی", "مرکز": "نورآباد", "area": 5600009884.7799997, "a4": 1, "توزیع": "2.23", "t": 2.23, "tt": 2.85 }, "geometry": { "type": "MultiPolygon", "coordinates": [ [ [ [ 51.658368390760415, 30.419599808592579 ], [ 51.669435977625653, 30.4051912624289 ], [ 51.675014195650931, 30.398406943209068 ], [ 51.684361479909398, 30.38966270954802 ], [ 51.69280418827185, 30.381521526484164 ], [ 51.704412912270129, 30.372777292823059 ], [ 51.71376019652854, 30.365540685655333 ], [ 51.725670445825585, 30.356947214643583 ], [ 51.738349280063176, 30.349293840121561 ], [ 51.749505716113561, 30.342358758252431 ], [ 51.758103279798377, 30.337071833843595 ], [ 51.768215989073155, 30.330082167138926 ], [ 51.777585116783428, 30.323389933060071 ], [ 51.787102960806749, 30.313872089036749 ], [ 51.800636145277394, 30.30137991875614 ], [ 51.811446581920165, 30.291367367664805 ], [ 51.824652590502467, 30.279470062635653 ], [ 51.843395803133831, 30.265199245253257 ], [ 51.853199182477908, 30.256728364072387 ], [ 51.86205077741954, 30.24663944940778 ], [ 51.876118150885986, 30.231720228901168 ], [ 51.883970372205169, 30.222868633959536 ], [ 51.888396169676071, 30.21687239222473 ], [ 51.892108128845109, 30.208306332603797 ], [ 51.895962855674554, 30.200168575963858 ], [ 51.899390361096096, 30.185866284801818 ], [ 51.900431375286132, 30.180809930164457 ], [ 51.900877524224768, 30.175456142901339 ], [ 51.900877524224768, 30.173374114521209 ], [ 51.899539077408974, 30.1708459372025 ], [ 51.890021233385653, 30.165938298878018 ], [ 51.880205956736575, 30.162220391056223 ], [ 51.86890640490958, 30.158849856000018 ], [ 51.856913921440196, 30.156280038113664 ], [ 51.843065458386207, 30.154281290868823 ], [ 51.832786186841133, 30.152853614265382 ], [ 51.823687416374298, 30.152896372458486 ], [ 51.808458865936927, 30.154799941263263 ], [ 51.800249725466927, 30.154918914313498 ], [ 51.793706207700893, 30.154324049062041 ], [ 51.787995501286844, 30.152420480257433 ], [ 51.784664255878624, 30.15063588450306 ], [ 51.779905333866964, 30.14718566604455 ], [ 51.778907699777278, 30.145315102126403 ], [ 51.776098196257692, 30.140047283027059 ], [ 51.771339274246031, 30.128031004947672 ], [ 51.770387489843642, 30.117323430421436 ], [ 51.772873836237977, 30.111974653005234 ], [ 51.782439269481358, 30.107548855534503 ], [ 51.795716661893891, 30.100267704856606 ], [ 51.806424236420128, 30.093557624820107 ], [ 51.814704760720474, 30.089131827349377 ], [ 51.830409203358897, 30.085562635840631 ], [ 51.843405530953305, 30.084817071392024 ], [ 51.848354809845262, 30.085483320473713 ], [ 51.855683549743219, 30.085483320473713 ], [ 51.859681044233128, 30.08538814203348 ], [ 51.867676033212604, 30.084436357631091 ], [ 51.875290308431317, 30.083865286989806 ], [ 51.884046724932716, 30.084341179190858 ], [ 51.891244774737629, 30.085111739997444 ], [ 51.899525299037975, 30.086967719582049 ], [ 51.904950470131155, 30.086682184261349 ], [ 51.915658044657391, 30.084397901695752 ], [ 51.923938568957738, 30.080543174866307 ], [ 51.936216587747879, 30.069121762038321 ], [ 51.943783273746362, 30.060270167096519 ], [ 51.955103018695013, 30.048592083432311 ], [ 51.963728564841176, 30.043089579856201 ], [ 51.976220735121785, 30.036694778403159 ], [ 51.988116340206375, 30.030772337454152 ], [ 52.002288029243232, 30.030018524207492 ], [ 52.012087601449593, 30.031224625402047 ], [ 52.027314629031878, 30.033486065142029 ], [ 52.034249710901008, 30.034239878388689 ], [ 52.038018777134369, 30.034390641037987 ], [ 52.039393973236599, 30.033765551900558 ], [ 52.041335555419607, 30.032883014544666 ], [ 52.046310722847522, 30.020671239949024 ], [ 52.0488736878861, 30.011173193041316 ], [ 52.051285998615413, 29.999667287694081 ], [ 52.031152437458843, 29.999672682288349 ], [ 52.023299972360576, 29.996764109428796 ], [ 52.01701819530507, 29.99290938259935 ], [ 52.01430560975848, 29.99091063535451 ], [ 52.011307488891191, 29.986913140864544 ], [ 52.011021953570491, 29.983486717016262 ], [ 52.012164094853176, 29.980488596148973 ], [ 52.018303104248218, 29.978632616564369 ], [ 52.025298719605473, 29.976633869319528 ], [ 52.041431465224889, 29.973635748452182 ], [ 52.045619316595264, 29.970800224086872 ], [ 52.062513489736602, 29.95914086515819 ], [ 52.078455878475665, 29.949860967235566 ], [ 52.086308099794906, 29.942246692016909 ], [ 52.102964326835718, 29.932966794094057 ], [ 52.124008279971349, 29.923182450438105 ], [ 52.117954360101749, 29.907809387402381 ], [ 52.108908601142105, 29.890622445378824 ], [ 52.101973519272747, 29.880219822575157 ], [ 52.09659515059667, 29.875765131226558 ], [ 52.087027680529275, 29.867840771870817 ], [ 52.070133507387766, 29.856181412942192 ], [ 52.058236202358614, 29.849756868226393 ], [ 52.043721490223106, 29.842856431309599 ], [ 52.033489807898093, 29.840001078102546 ], [ 52.019778021084221, 29.837249279038417 ], [ 52.002892604359431, 29.835138601947847 ], [ 51.990749586668869, 29.834131690192976 ], [ 51.977783998826567, 29.833377876946315 ], [ 51.97054739165884, 29.833377876946315 ], [ 51.952305111089856, 29.837297705828973 ], [ 51.944480021959066, 29.841172988065239 ], [ 51.93647503291038, 29.845137363594063 ], [ 51.920192666782668, 29.853429309307216 ], [ 51.904445013132431, 29.861520809225169 ], [ 51.885599681966255, 29.869360466990258 ], [ 51.861025370125503, 29.877953938002008 ], [ 51.846702918439348, 29.884889019871139 ], [ 51.835590848232414, 29.892280552158695 ], [ 51.831402996862209, 29.894755191604759 ], [ 51.827024788611538, 29.894755191604759 ], [ 51.821885152838888, 29.893613050322074 ], [ 51.813699806978946, 29.88904448519088 ], [ 51.811034810652416, 29.881239853091699 ], [ 51.809511955608571, 29.874196648514499 ], [ 51.808940884967285, 29.866963087056718 ], [ 51.808179457445362, 29.858777741196604 ], [ 51.805324104238309, 29.845643116444535 ], [ 51.804562676716557, 29.842978120117948 ], [ 51.794664118932303, 29.843358833878938 ], [ 51.783052349223851, 29.846594900846753 ], [ 51.778196534589199, 29.848715045264782 ], [ 51.769537010710621, 29.852495964141269 ], [ 51.757576253388095, 29.857042717546676 ], [ 51.747017395174566, 29.859570894865215 ], [ 51.739581579531489, 29.861504206932466 ], [ 51.733632927016913, 29.865370831067082 ], [ 51.727238125563758, 29.873550228274496 ], [ 51.722561219910062, 29.878694824493721 ], [ 51.716827983663109, 29.885001384365182 ], [ 51.711920345338569, 29.890950036879758 ], [ 51.706660970401401, 29.895505938591498 ], [ 51.701554146002138, 29.900305101170488 ], [ 51.695159344548983, 29.903874292679234 ], [ 51.689805557285865, 29.905807604746485 ], [ 51.678056968569535, 29.909376796255231 ], [ 51.667944259294757, 29.910566526758146 ], [ 51.662144323093059, 29.909376796255231 ], [ 51.653667493259775, 29.906551186310764 ], [ 51.648016273370956, 29.90774091681368 ], [ 51.637643060705216, 29.912941720597246 ], [ 51.628597301745401, 29.916861549479677 ], [ 51.624526710213445, 29.916861549479677 ], [ 51.617742390993612, 29.915203160337057 ], [ 51.603872227255351, 29.912338669999883 ], [ 51.598143246580946, 29.911283331454626 ], [ 51.588645199673067, 29.911886382051819 ], [ 51.579750203362721, 29.912187907350585 ], [ 51.571156732350914, 29.912489432649181 ], [ 51.565126226377743, 29.91098180615586 ], [ 51.558492669807208, 29.909172654363886 ], [ 51.549145385548798, 29.904046724286729 ], [ 51.540752299403607, 29.89752422653504 ], [ 51.534803646889031, 29.892319155584744 ], [ 51.528557561748698, 29.885180772567253 ], [ 51.522311476608422, 29.876703942734025 ], [ 51.514342330966713, 29.865491026919869 ], [ 51.508691111077894, 29.856419331835298 ], [ 51.498429685490237, 29.841993849487437 ], [ 51.487722110964, 29.830096544458286 ], [ 51.471430734610806, 29.81579201804476 ], [ 51.461532176826495, 29.806464530901962 ], [ 51.458630902169034, 29.804245909105077 ], [ 51.451823975922707, 29.799040612563715 ], [ 51.438118280529181, 29.789522768540394 ], [ 51.42593544017933, 29.783240991485059 ], [ 51.415465811753563, 29.779433853875673 ], [ 51.408612964056829, 29.778101355712465 ], [ 51.403092614523246, 29.776197786907858 ], [ 51.394774018846931, 29.7703378233943 ], [ 51.395059554167631, 29.758916410566314 ], [ 51.393631877564076, 29.755489986718032 ], [ 51.38021171749125, 29.742498129626199 ], [ 51.366077719116674, 29.732504393401712 ], [ 51.359480580720401, 29.728509795840694 ], [ 51.358296881627552, 29.727793060610054 ], [ 51.353537959615892, 29.727346911671475 ], [ 51.350563633358604, 29.727644344297175 ], [ 51.348184172352774, 29.729726372677305 ], [ 51.344168831905449, 29.730321237928763 ], [ 51.339856058832368, 29.727346911671475 ], [ 51.336733016262201, 29.728834074800091 ], [ 51.334948420507828, 29.727941776922933 ], [ 51.334650987882128, 29.725859748542803 ], [ 51.332271526876298, 29.724818734352766 ], [ 51.330635647434747, 29.724223869101309 ], [ 51.327958753803216, 29.723182854911272 ], [ 51.324538278607349, 29.72377772016273 ], [ 51.320671654472847, 29.722439273346936 ], [ 51.318440909779895, 29.723629003849851 ], [ 51.315466583522607, 29.724223869101309 ], [ 51.311005094136647, 29.722290557034057 ], [ 51.306246172124986, 29.72407515278843 ], [ 51.300892384861868, 29.724818734352766 ], [ 51.297471909666001, 29.722736705972693 ], [ 51.295687313911628, 29.719316230776769 ], [ 51.295687313911628, 29.707418925747618 ], [ 51.29479501603447, 29.701767705858799 ], [ 51.29271298765434, 29.69923952854009 ], [ 51.289486060694912, 29.694901561634083 ], [ 51.281194114981759, 29.699876729061941 ], [ 51.273052931917903, 29.70455037119109 ], [ 51.263856410308904, 29.707867149476328 ], [ 51.253755312803833, 29.710128589216367 ], [ 51.238980573169442, 29.711485453060391 ], [ 51.222547444392546, 29.712390028956349 ], [ 51.210992781748303, 29.713451078208038 ], [ 51.196821092711218, 29.713451078208038 ], [ 51.187624571102276, 29.713752603506634 ], [ 51.182498641025063, 29.714506416753295 ], [ 51.174809745909272, 29.715863280597318 ], [ 51.168025426689439, 29.717973957687832 ], [ 51.15943195567769, 29.721441498622426 ], [ 51.154306025600476, 29.723250650414514 ], [ 51.143552752732433, 29.730254435254437 ], [ 51.124814497311547, 29.738136399836094 ], [ 51.097153263118742, 29.75196701693261 ], [ 51.078266291384978, 29.760889995704474 ], [ 51.063225528010264, 29.768295639782025 ], [ 51.053350764836011, 29.772340723491993 ], [ 51.043594974712164, 29.776385807201905 ], [ 51.026700801570655, 29.7786462951575 ], [ 51.015874253994184, 29.781144729213565 ], [ 51.006771634088352, 29.782310094035836 ], [ 50.998117853456733, 29.783069463597201 ], [ 50.98819028825767, 29.780840277177901 ], [ 50.958875328665783, 29.780649920297435 ], [ 50.936413216770802, 29.780078849655979 ], [ 50.918900383767834, 29.782553489102042 ], [ 50.892250420502535, 29.780459563416969 ], [ 50.859341285061419, 29.776165826031956 ], [ 50.840305597014776, 29.774262257227292 ], [ 50.824886689697109, 29.776356182912423 ], [ 50.806231715411229, 29.782637959967758 ], [ 50.786053886081902, 29.785302956294288 ], [ 50.75818563878164, 29.787777595740351 ], [ 50.734771742484156, 29.789490807664663 ], [ 50.714213199393839, 29.794059372795857 ], [ 50.675190038898108, 29.805671142504309 ], [ 50.661865057265572, 29.810239707635503 ], [ 50.653422943768419, 29.813141499989797 ], [ 50.648598538989802, 29.816759803573632 ], [ 50.645130998055208, 29.823393360144166 ], [ 50.644678710107314, 29.83002691671453 ], [ 50.646035573951224, 29.833343694999826 ], [ 50.649352352236463, 29.835303609441212 ], [ 50.652759261235815, 29.836282394717159 ], [ 50.657042291046309, 29.837519714440134 ], [ 50.659136216731554, 29.838566677282756 ], [ 50.65942175205214, 29.840660602967887 ], [ 50.663419246542048, 29.840660602967887 ], [ 50.665322815346656, 29.841326852049519 ], [ 50.664275852504034, 29.843515956174883 ], [ 50.665227636906423, 29.844753275897858 ], [ 50.667797454792719, 29.845419524979548 ], [ 50.665798707547879, 29.84846523506701 ], [ 50.666714800035038, 29.850011884720743 ], [ 50.669689126292326, 29.85185596700029 ], [ 50.668113908685484, 29.854960009934814 ], [ 50.668185292515716, 29.856244918877962 ], [ 50.672968009137435, 29.858029514632335 ], [ 50.673396312118427, 29.861741473801544 ], [ 50.67653720064618, 29.862740847423993 ], [ 50.679678089173933, 29.863526069555917 ], [ 50.680677462796325, 29.864739594668833 ], [ 50.681462684928078, 29.867380796385362 ], [ 50.683104513022215, 29.868094634687111 ], [ 50.684889108776588, 29.867380796385362 ], [ 50.684674957286063, 29.864382675517902 ], [ 50.684532189625827, 29.862455312103236 ], [ 50.686530936870668, 29.861884241461837 ], [ 50.687815845813816, 29.863454685725685 ], [ 50.689314906247489, 29.86459682700837 ], [ 50.693312400737227, 29.864382675517902 ], [ 50.69616775394428, 29.865738968291282 ], [ 50.697381279057197, 29.869165392139735 ], [ 50.699522793962501, 29.870093381931952 ], [ 50.702179700121576, 29.868823416003977 ], [ 50.70370255516525, 29.86653913343838 ], [ 50.706272373051547, 29.865682527476224 ], [ 50.709698796900057, 29.866348776557913 ], [ 50.713410756069038, 29.869775200406195 ], [ 50.714267362031194, 29.872630553613249 ], [ 50.711126473503441, 29.875390728380012 ], [ 50.695517209305308, 29.886621784327531 ], [ 50.676338753598202, 29.900740911070841 ], [ 50.666487785034121, 29.909735273672936 ], [ 50.658778331375174, 29.919443474576724 ], [ 50.655209139866429, 29.92501141333031 ], [ 50.651141919958718, 29.932067439056368 ], [ 50.647453755399738, 29.935755603615348 ], [ 50.643289698639535, 29.938016091570944 ], [ 50.637103100024262, 29.940038633425957 ], [ 50.628893959554318, 29.94087144477794 ], [ 50.621517630436131, 29.94087144477794 ], [ 50.618900223329774, 29.94087144477794 ], [ 50.615212058770624, 29.942180148331147 ], [ 50.609739298457214, 29.943845771035228 ], [ 50.605337295596485, 29.944321663236451 ], [ 50.602719888490185, 29.944797555437617 ], [ 50.604385511194266, 29.948128800845723 ], [ 50.6065270260994, 29.950508261851553 ], [ 50.607240864401149, 29.952649776756857 ], [ 50.609144433205927, 29.953363615058549 ], [ 50.611048002010591, 29.953839507259772 ], [ 50.610334163708842, 29.956932806567295 ], [ 50.61127603369016, 29.957963906336431 ], [ 50.61329857554523, 29.957428527610205 ], [ 50.614428819522914, 29.960521826917727 ], [ 50.616927253578979, 29.959629529040569 ], [ 50.618414416707651, 29.960343367342261 ], [ 50.618473903232882, 29.962901287923557 ], [ 50.620080039411789, 29.963198720549315 ], [ 50.622043094741628, 29.961949503521339 ], [ 50.623351798294777, 29.963972045376238 ], [ 50.623351798294777, 29.967124831208992 ], [ 50.626266638027005, 29.96706534468376 ], [ 50.628114686074753, 29.968321772199772 ], [ 50.629006983951967, 29.97129609845706 ], [ 50.629185443527433, 29.972723775060615 ], [ 50.632040796734486, 29.972961721161141 ], [ 50.63519358256724, 29.972842748110907 ], [ 50.638703287550754, 29.974389397764583 ], [ 50.640130964154196, 29.977185264446405 ], [ 50.641499154232577, 29.979207806301474 ], [ 50.645246805316788, 29.979207806301474 ], [ 50.650184186903914, 29.977899102748268 ], [ 50.654883622390344, 29.97736372402187 ], [ 50.658967570630068, 29.978547109295391 ], [ 50.661466004686133, 29.979974785899003 ], [ 50.663607519591437, 29.980331705049764 ], [ 50.666819791949422, 29.979974785899003 ], [ 50.66946099366578, 29.980331705049764 ], [ 50.671745276231377, 29.981545230162851 ], [ 50.674386477947905, 29.984471967199909 ], [ 50.676456609022978, 29.987755623387955 ], [ 50.679954416701548, 29.992252804689087 ], [ 50.682595618417906, 29.994608471084746 ], [ 50.685807890775834, 29.996678602159818 ], [ 50.689591233775104, 29.997178288971043 ], [ 50.695587475509683, 29.996393066839119 ], [ 50.706324396721755, 29.993743933586074 ], [ 50.7142955910914, 29.993030095284155 ], [ 50.726847247897012, 29.992673176133394 ], [ 50.73660303802103, 29.99291112223392 ], [ 50.751355696257065, 29.992435230032697 ], [ 50.759683809777471, 29.992554203083159 ], [ 50.768011923297877, 29.992078310881936 ], [ 50.774912360214842, 29.990412688177855 ], [ 50.780861012729417, 29.988033227172025 ], [ 50.787523503545685, 29.985772739216429 ], [ 50.79418599436201, 29.983274305160364 ], [ 50.803467478592211, 29.975084809520297 ], [ 50.811608661655953, 29.968602015599231 ], [ 50.815980778486448, 29.966189813209951 ], [ 50.82502653744632, 29.96468218671663 ], [ 50.831509331367329, 29.96468218671663 ], [ 50.841459666223159, 29.965586762612588 ], [ 50.848093222793693, 29.966491338508547 ], [ 50.853822203468098, 29.968752778248529 ], [ 50.857138981753508, 29.970863455339099 ], [ 50.861058810635996, 29.975235572169595 ], [ 50.863018725077211, 29.982773704636088 ], [ 50.86467711421983, 29.990010311803815 ], [ 50.8649867392038, 29.994779648716417 ], [ 50.863499600556224, 29.999954427724049 ], [ 50.868225334838314, 29.999954265530221 ], [ 50.868225352116951, 30.005597336712299 ], [ 50.870128920921559, 30.009023760560581 ], [ 50.873745701650364, 30.011308043126348 ], [ 50.878694980542491, 30.0120694706481 ], [ 50.883073188793219, 30.013782682572241 ], [ 50.889926036490124, 30.017780177062207 ], [ 50.89830173923059, 30.025204095400397 ], [ 50.904773873166391, 30.032628013738588 ], [ 50.911246007102363, 30.042716928403195 ], [ 50.913911003428723, 30.05166370178523 ], [ 50.916004929114024, 30.058516549482022 ], [ 50.918682450923257, 30.063520575012831 ], [ 50.92380838100047, 30.073470909868661 ], [ 50.925768295441685, 30.082818194127071 ], [ 50.926823633986999, 30.100608186747991 ], [ 50.927426684584361, 30.117945891420788 ], [ 50.929696632700029, 30.124743630223747 ], [ 50.93654948039682, 30.137449951995052 ], [ 50.943545095753848, 30.148300294181581 ], [ 50.952111155374951, 30.155866980180065 ], [ 50.961962123939031, 30.161006615952658 ], [ 50.980664687444914, 30.170000978554754 ], [ 50.989801817707246, 30.175711684968803 ], [ 50.992371635593599, 30.178852573496386 ], [ 50.996226362423045, 30.180565785420697 ], [ 50.997924144523722, 30.178063020633999 ], [ 51.005119146489676, 30.181035924716014 ], [ 51.007498607495506, 30.181630789967471 ], [ 51.009878068501337, 30.181630789967471 ], [ 51.014339557887297, 30.184605116224759 ], [ 51.018949763586079, 30.187876875107804 ], [ 51.02162665721761, 30.187282009856347 ], [ 51.022816387720525, 30.184158967286351 ], [ 51.024452267162076, 30.181184641029063 ], [ 51.026831728167906, 30.180143626838856 ], [ 51.028913756547979, 30.180738492090313 ], [ 51.031590650179567, 30.184158967286351 ], [ 51.03367267855964, 30.184753832537808 ], [ 51.037688019006964, 30.184010250973301 ], [ 51.040662345264252, 30.185646130414852 ], [ 51.042595657331503, 30.187282009856347 ], [ 51.044975118337334, 30.187282009856347 ], [ 51.047503295656043, 30.185794846727674 ], [ 51.050031472974752, 30.185051265163395 ], [ 51.050923770851909, 30.187282009856347 ], [ 51.049882756661873, 30.191297350303842 ], [ 51.049882756661873, 30.193081946058214 ], [ 51.051518636103367, 30.194866541812587 ], [ 51.055087827612113, 30.194569109186716 ], [ 51.059047539145354, 30.195176091062308 ], [ 51.060832134899726, 30.197258119442381 ], [ 51.060237269648269, 30.200083729386847 ], [ 51.060832134899726, 30.202314474079799 ], [ 51.064698759034229, 30.202611906705499 ], [ 51.070052546297347, 30.201273459889762 ], [ 51.074662751996129, 30.201273459889762 ], [ 51.077785794566296, 30.202017041454042 ], [ 51.080611404510705, 30.20186832514122 ], [ 51.083437014455114, 30.199935013073969 ], [ 51.085221610209487, 30.197258119442381 ], [ 51.087303638589617, 30.193242778995057 ], [ 51.091170262724063, 30.194135076872271 ], [ 51.093549723729893, 30.195473523688008 ], [ 51.093252291104193, 30.198299133632474 ], [ 51.093252291104193, 30.200083729386847 ], [ 51.09667276630006, 30.201124743576884 ], [ 51.09934965993159, 30.201124743576884 ], [ 51.100985539373141, 30.198745282571053 ], [ 51.10143168831172, 30.19458122581085 ], [ 51.102472702501757, 30.191606899553562 ], [ 51.104406014569008, 30.19011973642489 ], [ 51.106488042949081, 30.190417169050647 ], [ 51.10871878764209, 30.194135076872271 ], [ 51.110057234457827, 30.196960686816681 ], [ 51.112882844402293, 30.197258119442381 ], [ 51.114072574905208, 30.199340147822511 ], [ 51.115411021720945, 30.202463190392677 ], [ 51.120169943732606, 30.203206771956957 ], [ 51.125077582057145, 30.201570892515463 ], [ 51.12864677356589, 30.201570892515463 ], [ 51.131174950884599, 30.204099069834172 ], [ 51.134719229436655, 30.204048815617739 ], [ 51.135004764757184, 30.20547649222118 ], [ 51.134528872556189, 30.207570417906254 ], [ 51.137479404203305, 30.2088077376294 ], [ 51.135861370719397, 30.210996841754763 ], [ 51.132244589990592, 30.211377555515696 ], [ 51.130626556506513, 30.212900410559371 ], [ 51.132339768430825, 30.215565406885901 ], [ 51.137193868882719, 30.217659332571031 ], [ 51.140334757410301, 30.219372544495172 ], [ 51.144141895019743, 30.219372544495172 ], [ 51.147473140427792, 30.217373797250332 ], [ 51.147092426666859, 30.213376302760594 ], [ 51.147092426666859, 30.211472733955929 ], [ 51.149186352352103, 30.210140235792608 ], [ 51.152803133080909, 30.211758269276515 ], [ 51.155753664728195, 30.212900410559371 ], [ 51.160607765180089, 30.211472733955929 ], [ 51.165081151870993, 30.211948626156982 ], [ 51.170506322964343, 30.213947373401993 ], [ 51.173621037421015, 30.213078942239633 ], [ 51.175905319986612, 30.210223589032637 ], [ 51.178689289363263, 30.209438366900713 ], [ 51.182258480872008, 30.211222962655086 ], [ 51.184114460456613, 30.214006932032021 ], [ 51.185542137060168, 30.217147820559603 ], [ 51.186255975361917, 30.220431476747649 ], [ 51.18732673281454, 30.221859153351261 ], [ 51.189896550700894, 30.223001294633946 ], [ 51.190480708377777, 30.225177888562882 ], [ 51.190337940717313, 30.22810462560011 ], [ 51.191194546679469, 30.231388281788156 ], [ 51.192550839452849, 30.233315645202822 ], [ 51.195120657338975, 30.234100867334746 ], [ 51.195548960320195, 30.235814079258887 ], [ 51.196169639118295, 30.238487872380745 ], [ 51.200095749777972, 30.238773407701444 ], [ 51.201951729362406, 30.238916175361737 ], [ 51.204236011928003, 30.241271841757509 ], [ 51.206591678323832, 30.24098630643681 ], [ 51.208733193228966, 30.240415235795354 ], [ 51.210160869832578, 30.241129074097103 ], [ 51.211160243455026, 30.242699518360951 ], [ 51.212159617077418, 30.244341346455087 ], [ 51.215086354114703, 30.244912417096486 ], [ 51.218227242642286, 30.245983174548996 ], [ 51.22036875754759, 30.248338840944825 ], [ 51.22236750479243, 30.250908658831122 ], [ 51.224713752488469, 30.251449986209934 ], [ 51.229948566701182, 30.251449986209934 ], [ 51.233874677360859, 30.251449986209934 ], [ 51.236016192266163, 30.252758689763141 ], [ 51.236611057517621, 30.255614042970137 ], [ 51.238871545473046, 30.257755557875441 ], [ 51.241726898680099, 30.261443722434478 ], [ 51.245058144088318, 30.263466264289377 ], [ 51.24886528169759, 30.265607779194681 ], [ 51.250768850502197, 30.268344159351273 ], [ 51.253148311508028, 30.272865135262407 ], [ 51.256427806643728, 30.275995778888557 ], [ 51.262358625703598, 30.278567549985439 ], [ 51.263804760220808, 30.274004007865415 ], [ 51.265529869449949, 30.271148654658532 ], [ 51.271597495014817, 30.268828680177762 ], [ 51.275523605674493, 30.269661491529746 ], [ 51.278914337607773, 30.270137383730912 ], [ 51.280877392937612, 30.271208141183592 ], [ 51.28176969081477, 30.270315843306378 ], [ 51.281472258189069, 30.266806138322863 ], [ 51.280639446836915, 30.261035945383753 ], [ 51.281353285138607, 30.258656484377923 ], [ 51.28420863834566, 30.25824007870176 ], [ 51.288432181631094, 30.259013403528684 ], [ 51.2985171305275, 30.261363517848736 ], [ 51.301886447311688, 30.261591946105341 ], [ 51.310109864547883, 30.26079244720745 ], [ 51.31505914344001, 30.259355252759917 ], [ 51.325528771865606, 30.252883118823945 ], [ 51.33818750441668, 30.24355563168109 ], [ 51.345325887434171, 30.238035282147678 ], [ 51.349513738804376, 30.236512427103833 ], [ 51.354949965979074, 30.235097308766854 ], [ 51.361612456795399, 30.235692174018311 ], [ 51.364467810002395, 30.23771471587321 ], [ 51.37005954336604, 30.240926988231024 ], [ 51.373152842673562, 30.242592610935105 ], [ 51.375413330629158, 30.242592610935105 ], [ 51.377554845534462, 30.241878772633413 ], [ 51.379458414339126, 30.239142392476822 ], [ 51.382670686696883, 30.237595742822919 ], [ 51.384098363300495, 30.235573200968076 ], [ 51.385169120753176, 30.232598874710618 ], [ 51.386581925725409, 30.229728649872357 ], [ 51.389080359781474, 30.22841994631915 ], [ 51.391935712988527, 30.228241486743855 ], [ 51.399549988207184, 30.231989137827895 ], [ 51.405161364021353, 30.23409810170665 ], [ 51.408397430989339, 30.235145064549272 ], [ 51.412870817680243, 30.235049886109039 ], [ 51.416487598409219, 30.234288458587116 ], [ 51.420675449779424, 30.232955960423794 ], [ 51.428711682749736, 30.230470216826347 ], [ 51.43692082321985, 30.229756378524598 ], [ 51.446057953482239, 30.231897893429903 ], [ 51.451625892235995, 30.234110792165268 ], [ 51.460227643771987, 30.237227886083019 ], [ 51.466473728912263, 30.238358130060703 ], [ 51.473255192778993, 30.238120183960234 ], [ 51.476526951661981, 30.237227886083019 ], [ 51.479560764444329, 30.234669965501723 ], [ 51.485093011282913, 30.228602339936913 ], [ 51.495086747507457, 30.220282157953136 ], [ 51.500012231789583, 30.21535667367101 ], [ 51.503153120317165, 30.211216411520866 ], [ 51.504295261600021, 30.208575209804508 ], [ 51.506793695656143, 30.202864503390401 ], [ 51.50986472320875, 30.198654989407146 ], [ 51.514623645220411, 30.193063256043558 ], [ 51.517835917578168, 30.189256118434287 ], [ 51.521762028237902, 30.185686926925541 ], [ 51.524950505985657, 30.184140277271695 ], [ 51.527734475362479, 30.183497822800177 ], [ 51.530375677079007, 30.183069519819014 ], [ 51.531731969852217, 30.182783984498315 ], [ 51.534301787738514, 30.181284924064641 ], [ 51.536586070304111, 30.180785237253417 ], [ 51.544224140132826, 30.180000015121493 ], [ 51.551219755490024, 30.178857873838808 ], [ 51.556274682450805, 30.178396258403666 ], [ 51.559244249786104, 30.1791957573015 ], [ 51.562841994827011, 30.179481292622199 ], [ 51.563812814917299, 30.179881042071258 ], [ 51.574479343741245, 30.190698666668936 ], [ 51.576478090986086, 30.193768171366457 ], [ 51.578976525042151, 30.197622898195903 ], [ 51.580047282494832, 30.200763786723655 ], [ 51.580975272287048, 30.202191463327097 ], [ 51.588114872074357, 30.209128313207941 ], [ 51.592873794086017, 30.214957992672225 ], [ 51.59489633594103, 30.220668699086104 ], [ 51.595491201192488, 30.226855297701377 ], [ 51.595491201192488, 30.233636761567936 ], [ 51.594063524588933, 30.242202821189039 ], [ 51.591435872581087, 30.247234930560694 ], [ 51.587438378091178, 30.252231798673051 ], [ 51.582013206997999, 30.256657596143953 ], [ 51.577730177187391, 30.26136892893544 ], [ 51.577159106546105, 30.267079635349489 ], [ 51.579300621451239, 30.272076503461676 ], [ 51.579871692092695, 30.277501674555026 ], [ 51.576730803564942, 30.287638178439806 ], [ 51.57439619064013, 30.294475340729662 ], [ 51.572778157156222, 30.296664444854969 ], [ 51.57135048055278, 30.298377656779167 ], [ 51.570113160829635, 30.302851043470241 ], [ 51.570113160829635, 30.307990679242721 ], [ 51.570208339269868, 30.313415850336071 ], [ 51.570874588351558, 30.325789047566388 ], [ 51.569265327627932, 30.333893575874583 ], [ 51.567076223502454, 30.337986248804555 ], [ 51.562888372132193, 30.343411419897905 ], [ 51.55974748360461, 30.348741412551021 ], [ 51.557939093240066, 30.353976226763677 ], [ 51.554471064876566, 30.361019797874235 ], [ 51.548224979736233, 30.372619670277686 ], [ 51.544209639288908, 30.383029812178165 ], [ 51.540491731467284, 30.397752727151726 ], [ 51.536625107332839, 30.405039826482096 ], [ 51.533353348449793, 30.413215186567527 ], [ 51.530379022192506, 30.420651002210604 ], [ 51.527107263309517, 30.429871413608339 ], [ 51.525752432251693, 30.437948530825565 ], [ 51.533249009126337, 30.436401618137097 ], [ 51.541428406333864, 30.43580675288564 ], [ 51.556597470246061, 30.431047830873979 ], [ 51.564925583766467, 30.427329923052412 ], [ 51.573699846225452, 30.424504313107946 ], [ 51.577715186672776, 30.424504313107946 ], [ 51.585597151254603, 30.427924788303869 ], [ 51.59184323639488, 30.431493979812615 ], [ 51.597048307345176, 30.435509320259939 ], [ 51.604857321978841, 30.444082613442333 ], [ 51.610435540003948, 30.446796341130209 ], [ 51.615410707431806, 30.44815320497429 ], [ 51.624004178443613, 30.445891765234251 ], [ 51.628225532624811, 30.442876512247778 ], [ 51.630336209715381, 30.440012021910377 ], [ 51.631090022962042, 30.435338379781285 ], [ 51.633954513299386, 30.430664737651966 ], [ 51.639080443376599, 30.425237282276157 ], [ 51.644055610804514, 30.422975842536175 ], [ 51.652347556517498, 30.421317453393556 ], [ 51.658368390760415, 30.419599808592579 ] ] ] ] } },
{ "type": "Feature", "properties": { "Id": 0, "Base": 250000.0, "Name_sh": "جویم", "مرکز": "جویم", "area": 1917917052.1600001, "a4": 5, "توزیع": "0.48", "t": 0.48, "tt": 2.21 }, "geometry": { "type": "MultiPolygon", "coordinates": [ [ [ [ 54.050404763052654, 28.3430456687081 ], [ 54.061926113242976, 28.330834274826259 ], [ 54.071443957266297, 28.3196508080988 ], [ 54.075536249482468, 28.311531706433129 ], [ 54.085034296390234, 28.29751078004557 ], [ 54.092270903558131, 28.288766546384352 ], [ 54.101919713115137, 28.280173075372602 ], [ 54.119400375805299, 28.266244662428846 ], [ 54.133349762339208, 28.258415925088514 ], [ 54.134175115439518, 28.257952716715863 ], [ 54.153925022501653, 28.249660771002709 ], [ 54.170508913928018, 28.240313486744299 ], [ 54.17878875294349, 28.231433871269701 ], [ 54.184216208319299, 28.222237349660588 ], [ 54.188588325149794, 28.211231676259672 ], [ 54.191302052837898, 28.19585388602809 ], [ 54.196277220265586, 28.174294827173867 ], [ 54.203149636649869, 28.151556888159007 ], [ 54.207521753480364, 28.139194350914124 ], [ 54.212496920908279, 28.130600879902318 ], [ 54.21985946818819, 28.121998804759471 ], [ 54.215290903057223, 28.121142198797656 ], [ 54.202156278304926, 28.121713269438942 ], [ 54.189863982748761, 28.123819092429073 ], [ 54.184795730806343, 28.125532304353385 ], [ 54.181440690788122, 28.125675072013621 ], [ 54.177657347788852, 28.125389536692921 ], [ 54.175230297563019, 28.125746455843853 ], [ 54.173017398827426, 28.127031364787001 ], [ 54.162804752190482, 28.127602435428457 ], [ 54.159378328342143, 28.127983149189276 ], [ 54.156522975135147, 28.128649398270909 ], [ 54.154048335689083, 28.128649398270909 ], [ 54.150812268721097, 28.128554219830676 ], [ 54.147956915514214, 28.128173506069743 ], [ 54.144149777904772, 28.128268684509976 ], [ 54.142722101301331, 28.128649398270909 ], [ 54.13834389305066, 28.131980643679185 ], [ 54.128006886167498, 28.131362174174569 ], [ 54.124388582583606, 28.13045759827844 ], [ 54.120619516350303, 28.129553022382481 ], [ 54.117001212766411, 28.127743870590564 ], [ 54.114739773026429, 28.12593471879859 ], [ 54.113081383883753, 28.123070228461415 ], [ 54.1117245200399, 28.118396586332096 ], [ 54.104638675521301, 28.11115997916437 ], [ 54.09770359365217, 28.109953877969645 ], [ 54.088959359991122, 28.112969130956287 ], [ 54.08217504077129, 28.114476757449665 ], [ 54.069402652472263, 28.116197938981884 ], [ 54.056648741480956, 28.119624362830336 ], [ 54.046940540577168, 28.121718288515467 ], [ 54.033234845183642, 28.122479716037219 ], [ 54.030242672968768, 28.123526678879841 ], [ 54.028755509840096, 28.130516345584454 ], [ 54.028458077214395, 28.142116217987905 ], [ 54.027119630398602, 28.153716090391299 ], [ 54.026227332521387, 28.164126232291835 ], [ 54.026227332521387, 28.172008196873662 ], [ 54.025037602018472, 28.17810556570106 ], [ 54.024819372095806, 28.189135696896869 ], [ 54.023778357905769, 28.192704888405615 ], [ 54.022439911089975, 28.193745902595651 ], [ 54.019465584832687, 28.193745902595651 ], [ 54.013368216005063, 28.193151037344194 ], [ 54.002070032895631, 28.192675699996585 ], [ 53.995746698546895, 28.192674907314768 ], [ 53.987002464885677, 28.193428720561258 ], [ 53.979313569769886, 28.194031771158791 ], [ 53.974941452939333, 28.193881008509493 ], [ 53.957000697669287, 28.192674907314768 ], [ 53.943130533930855, 28.192674907314768 ], [ 53.934838588217701, 28.192674907314768 ], [ 53.9178024088435, 28.19086575552285 ], [ 53.912073428169094, 28.191468806120213 ], [ 53.908026821604039, 28.190873750511855 ], [ 53.906599145000598, 28.189874376889406 ], [ 53.905742539038442, 28.180880014287311 ], [ 53.906884680321355, 28.16874476315769 ], [ 53.90535658181085, 28.163960621974184 ], [ 53.903453013006072, 28.163008837571965 ], [ 53.898027841912892, 28.163199194452432 ], [ 53.89184124329762, 28.163675086653484 ], [ 53.87632715753972, 28.16424615729494 ], [ 53.867718655162605, 28.164671730515124 ], [ 53.853523208430943, 28.165373502055729 ], [ 53.83341676293162, 28.166801178659171 ], [ 53.825769928754937, 28.168142326523764 ], [ 53.813099298898862, 28.169688976177611 ], [ 53.805128104529217, 28.170997679730817 ], [ 53.787512383632475, 28.1734578520539 ], [ 53.768762230906532, 28.175266242418274 ], [ 53.745482494749638, 28.176340379787177 ], [ 53.731205728714656, 28.178362921642076 ], [ 53.723115561294719, 28.179552652144991 ], [ 53.703965010175978, 28.182171915952097 ], [ 53.69591291413218, 28.183199843106706 ], [ 53.686318927356695, 28.18594098218523 ], [ 53.676778689749995, 28.189324986906513 ], [ 53.672709811430025, 28.184756421775319 ], [ 53.666999105015975, 28.176832816625904 ], [ 53.662359156054549, 28.170551039570398 ], [ 53.650772370686809, 28.159957679172408 ], [ 53.639922028500109, 28.148250731023779 ], [ 53.635638998689615, 28.142635203050133 ], [ 53.633449894564308, 28.140731634245299 ], [ 53.619597624372773, 28.135107096046056 ], [ 53.599610151923912, 28.13317973263122 ], [ 53.58533338588893, 28.132608661989764 ], [ 53.573423065929092, 28.126604705033117 ], [ 53.571614675564547, 28.124130065587053 ], [ 53.570853248042795, 28.122512032103145 ], [ 53.570853248042795, 28.119751857336325 ], [ 53.572566459966936, 28.117277217890262 ], [ 53.575707348494689, 28.114326686242975 ], [ 53.582084303990257, 28.109758121111781 ], [ 53.587319118203141, 28.103952236257498 ], [ 53.599882672313811, 28.096242782598722 ], [ 53.619614494510927, 28.087128641294498 ], [ 53.622898150698973, 28.085700964691057 ], [ 53.633320189904452, 28.080561328918463 ], [ 53.635033401828821, 28.077563208051174 ], [ 53.637174916733954, 28.060002785827976 ], [ 53.637603219714947, 28.048153070018998 ], [ 53.637693887274111, 28.041236873859759 ], [ 53.638447700520771, 28.037015519678562 ], [ 53.640558377611285, 28.032794165497307 ], [ 53.646538047097806, 28.019553468776564 ], [ 53.64512059928677, 28.019553468776564 ], [ 53.638077394709512, 28.02050525317901 ], [ 53.632937758936862, 28.021457037581229 ], [ 53.621516346108933, 28.023550963266302 ], [ 53.610094933280948, 28.025264175190671 ], [ 53.598102449811563, 28.026596673353822 ], [ 53.585976455145783, 28.026921803266134 ], [ 53.568279213914764, 28.02766538483047 ], [ 53.563669008216095, 28.02736795220477 ], [ 53.557869072014398, 28.02528592382464 ], [ 53.553853731567074, 28.023650044383146 ], [ 53.549094809555413, 28.02052700181298 ], [ 53.545971766985247, 28.017998824494271 ], [ 53.53808980240342, 28.015916796114197 ], [ 53.533033447765888, 28.014280916672703 ], [ 53.528571958380098, 28.01294246985691 ], [ 53.518905398043785, 28.00773739890667 ], [ 53.51325417815508, 28.005506654213661 ], [ 53.501208153384539, 28.000110834746351 ], [ 53.480279185492122, 28.000112541894907 ], [ 53.472267879377625, 28.010152084891672 ], [ 53.471375581500581, 28.014316141651875 ], [ 53.471217100985314, 28.019404229946929 ], [ 53.471811966236771, 28.028624641344322 ], [ 53.472406831488229, 28.03650660592632 ], [ 53.47434014355548, 28.052419251402625 ], [ 53.475529874058395, 28.062680676990453 ], [ 53.474534105679879, 28.069414371374762 ], [ 53.473106429076438, 28.073697401185257 ], [ 53.471535984812533, 28.076409986731846 ], [ 53.467538490322795, 28.08126408718374 ], [ 53.463540995832886, 28.08626095529587 ], [ 53.4582585924, 28.09168612638922 ], [ 53.453404491948106, 28.096540226841114 ], [ 53.447979320854756, 28.101537094953471 ], [ 53.443267988063326, 28.105106286462217 ], [ 53.434701928442223, 28.110388689895103 ], [ 53.426215953306837, 28.116499049618199 ], [ 53.415746324881127, 28.121067614749393 ], [ 53.407465800580894, 28.126207250522043 ], [ 53.402516521688767, 28.129919209691025 ], [ 53.395473317111509, 28.132774562898078 ], [ 53.382624227679969, 28.138294912431661 ], [ 53.375319588837897, 28.141016637271662 ], [ 53.365325852613353, 28.145061720981573 ], [ 53.354737251137408, 28.14874988554061 ], [ 53.349978329125747, 28.151724211797898 ], [ 53.343553784409949, 28.15612621465857 ], [ 53.337129239694207, 28.160409244469236 ], [ 53.330942641079105, 28.163383570726523 ], [ 53.321305824005492, 28.167071735285504 ], [ 53.315844675461847, 28.169312426125487 ], [ 53.311321795981996, 28.171875391164122 ], [ 53.304235951463397, 28.174287593553402 ], [ 53.296299896974062, 28.178570851792188 ], [ 53.279866768197223, 28.186862797505171 ], [ 53.269011857445435, 28.192290252881151 ], [ 53.256197032252487, 28.200280673295538 ], [ 53.249412713032655, 28.203748214230075 ], [ 53.239160852878229, 28.211587871995334 ], [ 53.232979584255759, 28.216261514124483 ], [ 53.229059755373157, 28.220935156253631 ], [ 53.223330774698582, 28.229377864616083 ], [ 53.21971247111469, 28.235408370589255 ], [ 53.216114269217371, 28.244431286723341 ], [ 53.212043677685415, 28.250612555345981 ], [ 53.206616222309663, 28.261316703448244 ], [ 53.20465630786822, 28.267196446772118 ], [ 53.202093342829642, 28.277599069575786 ], [ 53.20224410547911, 28.281669661107742 ], [ 53.21904920832867, 28.281906162310747 ], [ 53.230232675056129, 28.281906162310747 ], [ 53.248078632599857, 28.283214865863897 ], [ 53.259737991528482, 28.284761515517744 ], [ 53.281416903833417, 28.286858558296672 ], [ 53.300563760298189, 28.288969235387356 ], [ 53.30915723131011, 28.289873811283314 ], [ 53.31684612642573, 28.2918337257247 ], [ 53.321218243256453, 28.293039826919312 ], [ 53.329504049960178, 28.296804800479606 ], [ 53.337683447167706, 28.300522708301173 ], [ 53.345714128062355, 28.303497034558461 ], [ 53.354672805454982, 28.30578053190186 ], [ 53.364924665609408, 28.308041971641899 ], [ 53.375628813711899, 28.309851123433816 ], [ 53.382111607632908, 28.311057224628371 ], [ 53.3926649930861, 28.312414088472394 ], [ 53.404122954435081, 28.313017139069757 ], [ 53.412716425446831, 28.313167901719055 ], [ 53.422365235004008, 28.312564851121692 ], [ 53.427189639782455, 28.312112563173798 ], [ 53.436157733135019, 28.310269147143345 ], [ 53.450932472769239, 28.30845999535137 ], [ 53.46721483889678, 28.306349318260686 ], [ 53.48410025562174, 28.306650843559453 ], [ 53.49269372663349, 28.30604779296209 ], [ 53.497288447959932, 28.303692713980809 ], [ 53.502047369971592, 28.303216821779642 ], [ 53.509661645190135, 28.303216821779642 ], [ 53.516681055157335, 28.302978875678946 ], [ 53.527507602733863, 28.302265037377254 ], [ 53.539047988612197, 28.302027091276727 ], [ 53.553205781596944, 28.300480441622881 ], [ 53.569267143386298, 28.297863034516524 ], [ 53.587703008971005, 28.294882759606651 ], [ 53.595287540927131, 28.293990461729436 ], [ 53.602425923944622, 28.294585326980894 ], [ 53.604670251054358, 28.294613034722943 ], [ 53.614471945286596, 28.294734043293772 ], [ 53.618784718359677, 28.295180192232351 ], [ 53.627261548192962, 28.300831412121227 ], [ 53.639307569534992, 28.308118511451539 ], [ 53.654774066072889, 28.317041490223403 ], [ 53.666070557197941, 28.324545897795929 ], [ 53.671067425310298, 28.329399998247823 ], [ 53.674493849158637, 28.332255351454876 ], [ 53.680775626213915, 28.337823290208462 ], [ 53.689484453495311, 28.343962299603561 ], [ 53.698478816097406, 28.348959167715691 ], [ 53.707187643378745, 28.353099429865892 ], [ 53.712898349792624, 28.355954783072946 ], [ 53.722749318356875, 28.359809509902391 ], [ 53.731172610317572, 28.362379327788688 ], [ 53.743736164428356, 28.364806378014578 ], [ 53.747775980462052, 28.365595089680482 ], [ 53.75144402577115, 28.366311218856026 ], [ 53.763150973919835, 28.366025683535327 ], [ 53.777142204634117, 28.365169077573114 ], [ 53.791704505989799, 28.362742027347281 ], [ 53.816546078890724, 28.359886674140228 ], [ 53.835309847421172, 28.358360249905047 ], [ 53.848099450327481, 28.35776538465359 ], [ 53.863268514239678, 28.357170519402132 ], [ 53.873232507201578, 28.356873086776432 ], [ 53.892565627873921, 28.354791058396302 ], [ 53.906544961283203, 28.353155178954808 ], [ 53.919780713128148, 28.351221866887556 ], [ 53.930415912382216, 28.349322008479703 ], [ 53.938696436682392, 28.347608796555562 ], [ 53.964251847885066, 28.345181746329729 ], [ 53.975530493052702, 28.344325140367573 ], [ 53.989093420785991, 28.344325140367573 ], [ 54.001221465128651, 28.344757421101065 ], [ 54.018995877775808, 28.347614233839295 ], [ 54.032891930049857, 28.346852806317543 ], [ 54.050404763052654, 28.3430456687081 ] ] ] ] } }
]
}
